post_id,cmt_content,cmt_author,cmt_created_at
541987,정부 친환경정책 꼬임에 빠져코나 샀더니만 개뿔 국토부와 현대가 한편해서 국가돈 보조금 횡령하고 단종시켜버림...기가 믹히는 사기..옵티머스펀드 사기치는거랑 다름이 없음,상르I코나I경남,2020-12-20 10:55:00
541987,장사하는입장에서 잘안팔리면 당연히 안파는거 아닌가요? 뭐 그냥 복불복 ㅋ. 예전 아슬란 안팔려서 단종할때는 조용했었는데,불차l코나l서울,2020-12-20 10:58:00
541987,아슬란처럼 안팔려서 단종시키는게 아니죠~감당이 안되니까 버려지는겁니다...,상상날개I코나I대전,2020-12-20 11:55:00
541987,아슬란은 망해서 단종 코나는 잘 나가다가 결함 들통나 감당 안되니 단종 이게 같습니까?,쏭윤이I코나I전북,2020-12-20 13:10:00
541987,ㅋㅋㅋㅋㅋㅋㅋ 웃기는 논리네요 ㅋㅋㅋㅋㅋ,부교I니로I부산,2020-12-20 15:27:00
541987,단종시켜도 니네 a\s는 해야한다 현대야 난 이차가 현기에서 구입하는 마지막차가 될거라서....,발바닥l코나l수원,2020-12-20 11:01:00
541987,하도 지랄하니까 단종확정에서 설로 빠졌구나.. 현대 간보기 오지는데 ㄷㄷㄷㄷ,드라이덴I코나I서울,2020-12-20 11:02:00
541987,ㅜㅠ,스카이이I모델3I서울,2020-12-20 11:18:00
541987,저두 소송 참가할꺼에요 너무 화나고 속상해서 그냥 넘어가진 않으려구요 ㅜㅜㅜ,매덩 제주코나,2020-12-20 11:27:00
541987,이미지는 구겼고 단종 시켜서 사람들의 관심에서 빨리 사라지길 원하는가 보네요...,사막여우bolt ev 군산,2020-12-20 11:33:00
541987,아직 새내기라서 ...코나ev 소송대상은 어케되는지요 ?,청솔이I코나I부산울산,2020-12-20 11:50:00
541987,니로도 내년에 아5 하고 비슷한거 나옴 단종 할검니다. 전용차 사징 내연차랑 공유하는 전기차 왜 사요,유강호I쏘부EVI일산,2020-12-20 12:53:00
541987,3차 소송 참여하고 싶어요. 어떻게 해야 하나요?,코나코나 경기도,2020-12-20 12:58:00
541987,현대놈들 인터넷 대응팀인가 있다던데 떡밥 던지고 반응 보는 듯. 울 동호회도 몇몇 현대에서 심어 놓은 스파이같은 분들 있던데. 노사장인가? 암막 치고 다니는거 어떻게 알고 그리 찍어서 인터넷에 올리지 의문 제기하시며 현대 끄나풀이고 일제시대면 완장찰 분들이라던데..,쏭윤이I코나I전북,2020-12-20 13:09:00
541987,네네여기도 현대 스파이 있어요..ㅎ코나분들 화난 이유도 모르면서개뿔같은 소리 하는 사람들..,상르I코나I경남,2020-12-21 18:12:00
541987,소송에 참여는 못했지만 코라차주가 승소하시면 저희에게도 보상이 이루어지겠죠?,타미니I코나I대전,2020-12-20 15:08:00
541987,아뇨. 제조사에서 순순히 백기투항하고 코나 전 차량 대상으로 보상하겠다고 안하는 이상 소송제기해 승소한 사람만 혜택 받게 됩니다.,쏭윤이I코나I전북,2020-12-20 18:59:00
541987,머리가 아프네요... 부모님차 얻어타고 있는 입장이라 단체소송도 금액이 얼마나 들지 모르니까 섣불리 참여도 못하겠구 단종된다는 소식에 망치로 머리 한 대 맞은거 같네요...,물고기l 코나ev l청주,2020-12-21 05:55:00
541987,소송에 참여하는 방법 알고 싶습니다.,전주코나차주,2020-12-22 12:04:00
541987,저도 알고싶습니다혹시 알게되시면 같이 알고싶습니다,할매 I코나I진천,2021-01-02 12:16:00
541987,소송 참여 어떻게 할까요 새네기라 벙벙..,코리가집주인,2020-12-31 15:05:00
541947,발상의 전환.,가을나그네I오닉I밀양,2020-12-20 08:11:00
541947,그냥 괜찮은 아이디어 같지 않으십니까???,가성비l쏘B슴3I세종,2020-12-20 08:11:00
541947,좋아요. 기발한 아이디어네요. ^^,가을나그네I오닉I밀양,2020-12-20 08:12:00
541947,제가 잔머리로 승부하는 스타일이라서 ㅋㅋㅋㅋ,가성비l쏘B슴3I세종,2020-12-20 08:13:00
541947,"에어컨은 어떻게 하지요? ㅋㅋ 그냥 지금 그대로 해도 상관없으려나 ,,",리리리I니로I서울,2020-12-20 08:20:00
541947,에어코는 여름이라 베터리 성능이 빵빵할ㅌ때라 큰 부담이 없이 막 틀고 다닙니다. 전기차 자체가 음의 기운이 강해서 ㅋㅋㅋ 그리고 에어콘이 전기를 많이는 안먹는거 같아요. 전 여름에는 에어콘은 막틀어도 별부답없더군요 ㅋㅋㅋㅋ,가성비l쏘B슴3I세종,2020-12-20 08:21:00
541947,기름보일러 냄새나는건 아니겠죠?,그러하다l예비l 용인,2020-12-20 08:24:00
541947,현기차가 그정도 해결할 기술은 있을것으로 기대합니다 ㅎㅎㅎㅎ 요즘 알리발 무시동 히터도 성능 조은건 냄새 안난다고 하던데요 ㅋㅋㅋㅋ HTC도 뭐 탄내는 나고요 ㅋㅋㅋㅋ,가성비l쏘B슴3I세종,2020-12-20 08:25:00
541947,겨울철 캠핑용으로도 좋을것 같습니다,나홀로l프리우스I김포,2020-12-20 08:27:00
541947,네 그생각도 했습니다. 베터리도 충전하고 기름도 충전하면 무서울게 없겠죠..,가성비l쏘B슴3I세종,2020-12-20 08:28:00
541947,무시동 히터 장착 하시는 분들 많아요 생각 외로 ... 저도 달고 싶지만 신차 뽑고 4개월 만에 차체 구멍 뚫기는 싫어서 못달고 있네요,충북충주ㅣ느림보거북,2020-12-20 08:34:00
541947,그래서 메이커 자체 옵션으로 무시동 히터를 제공하는거지요...보증 등에 지장이 없도록..,가성비l쏘B슴3I세종,2020-12-20 08:35:00
541947,최고입니다 저라면 무조건 달거 같아요 전기차 최고 단점을 살리는 옵션이죠,충북충주ㅣ느림보거북,2020-12-20 08:36:00
541947,아마 많은 사람들ㄹ이 무조건 달거 같아요. 백만원 넘어가는 히팅패키지 보다 효율이 좋을듯요,가성비l쏘B슴3I세종,2020-12-20 08:54:00
541947,정말 원하는 옵션이긴 하지만.. 환경구제때매 현실에서 보기는 어려울 옵션인거 같네요 ㅜㅜ,와팝I오닉I서울,2020-12-20 08:43:00
541947,"요즘 친환경 정책적으로 밀어붙이므로,, 규제는 개선할 수 있습니다!!",가성비l쏘B슴3I세종,2020-12-20 08:52:00
541947,엔진 연료통 없앴는데 다시 ㅎㅎ 영하 17도에 유틸리티모드로 따뜻하게 차박했습니다. 12시간 동안 130킬로정도 주행거리 감소하고 5천원정도 충전비 사용한 것 같습니다.,유심조I코나l경주,2020-12-20 08:51:00
541947,"기우이긴 한데 전 HTC로 히터 틀면서 차박하면 HTC 고장날거 같은 불안감이 들어요..열선도 한번씩 고장난다고 하고요, 화석연료 히터는 수십년간 검증 및 안정화 면에서 유리하지 안을까요??",가성비l쏘B슴3I세종,2020-12-20 08:53:00
541947,몇먼킬로 몇십만킬로 주행하면서 히터나 에어컨 고장났다는 얘긴 잘 못들어 본 것 같아요.,유심조I코나l경주,2020-12-20 09:01:00
541947,전기차 히터는 잘 고장납니다. 한번 고장나면 백단위고요..,가성비l쏘B슴3I세종,2020-12-20 09:01:00
541947,그럼 잘 고장 나지 않도록하는게 먼저겠군요 ㅋ,유심조I코나l경주,2020-12-20 09:09:00
541947,네 그렇죠^^,가성비l쏘B슴3I세종,2020-12-20 09:09:00
541947,쉐보래 브이볼트도 가솔린전기차죠. 신선하네요,차니I코나I대전,2020-12-20 08:57:00
541947,"볼트는 휘발유를 전기로 만들고, 저의 제안은 휘발류료 열을 생성하고,,전기차라고 휘발유 못사용하라는 법은 없죠^^",가성비l쏘B슴3I세종,2020-12-20 08:58:00
541947,불나요...ㅋ,행복한부자I코나I세종,2020-12-20 09:01:00
541947,ㅋㅋㅋ 현기에 믿음을 가져 봅시다 ㅋㅋㅋㅋ,가성비l쏘B슴3I세종,2020-12-20 09:02:00
541947,신선합니다~옵션 넣어주면 되겠네요,대표이사I레이I서울,2020-12-20 09:32:00
541947,이사님 감사합니다...옵션인대 못할것도 없져..,가성비l쏘B슴3I세종,2020-12-20 09:32:00
541947,불나요..불나면 소비자가 과실 입증해야할듯,크리스l오닉x2l경기,2020-12-20 09:32:00
541947,아 정말 현기에 대한 믿음이 이정도 라는걸 현기가 알아야 할텐데요...,가성비l쏘B슴3I세종,2020-12-20 09:42:00
541947,알고 있으니 알바풀고 고소하겠죠 :),크리스l오닉x2l경기,2020-12-20 10:57:00
541947,정신 좀 차리는 계기가 되기를...,가성비l쏘B슴3I세종,2020-12-20 13:50:00
541947,정부에도 머리 좋은 분들이 있기를요 ㅠㅠ,가성비l쏘B슴3I세종,2020-12-20 09:43:00
541947,현토부라 피할 묘책을 만들어줄겁니다.,할배온l볼트EVl경기,2020-12-20 09:54:00
541947,둘과의 끈끈한 관계를 믿어보시죠 ㅎㅎㅎ,가성비l쏘B슴3I세종,2020-12-20 10:02:00
541947,연료 들어가면 여러가지 법률적으로 문제가 많아서 제조사에서 장착하는건 좋은생각이 아닙니다.각종 세금혜택에서 제외되는수가 있거든요.(전기차 혜택못받고 하이브리드 혜택으로 바뀔수도있어요.),알아I아이오닉I울산,2020-12-20 09:56:00
541947,아...그런 문제가 있을수도 있겠네요.직접 구동에 연료가 들어가는거 아니면 전기차로 인정해주면 될거같은데..현기가 원하면 현토부가 해결 해줘야죠 ㅋㅋㅋㅋ,가성비l쏘B슴3I세종,2020-12-20 10:02:00
541947,우리나라에서만 가능하면 안되고 전세계적으로 가능해야 되는거라서요. 우리나라에서만 가능하면 개발안합니다. 원가도 안나와요.,알아I아이오닉I울산,2020-12-20 10:15:00
541947,불난 국내 소비자 불꺼주는 으미로다....,가성비l쏘B슴3I세종,2020-12-20 10:19:00
541947,무슨 아이디어?지금 상태로 이상 없는데코나 전기히터 빵빵하게 저는이상없습니다,상르I코나I경남,2020-12-20 10:15:00
541947,잘타시는분은 옵션에서 빼면되죠^^,가성비l쏘B슴3I세종,2020-12-20 10:21:00
541947,??,뽀로로I니로EVI대구,2020-12-20 10:33:00
541947,기름값이 더 나가긴 하지만 단순히 히터용으로 쓰이니 배터리 주행거리는 늘겠죠. 이거 하나 넣으면 원가 상관없이 돈 백만원이상 차값 올라가요. 지금도 비싸다고 아우성인디..실현 불가능이라 봅니다. 현대서 돈 안 된다고 싫어해요 ㅋ,파랭이I볼트I대전,2020-12-20 11:33:00
541947,전기보다 기름이 열은 더 싸게 생사하지 않나요?? 옵션이 백이나드나요???,가성비l쏘B슴3I세종,2020-12-20 11:55:00
541947,원가 10만원이어도 겁나 쳐 드시는 게 장사꾼이죠.,파랭이I볼트I대전,2020-12-20 11:56:00
541947,현기가 현기 하나요 ㅋㅋㅋ,가성비l쏘B슴3I세종,2020-12-20 11:59:00
541947,히팅패키지에 낑겨주면 좋을듯요 ㅋㅋㅋ,가성비l쏘B슴3I세종,2020-12-20 11:59:00
541947,하긴 퍄큐 심야가 키로당 50원수준이니...,가성비l쏘B슴3I세종,2020-12-20 12:02:00
541947,하브차에 화석연료가있는데 무시동히터로 개발이 안되는건..연비폭망...하브도 히터켜고 시내주행하면 5키로까지는 연비 12정도 10키로 15,소닉 l오닉I아산,2020-12-20 12:00:00
541947,장거리나 캠핑시는 유용하지 읺을까요..히터키면 간당한거리라든지...일단 열을 내는 다른 소스가 있으니...,가성비l쏘B슴3I세종,2020-12-20 13:51:00
541947,현기 : 걍 파세코 히터 쓰세요 아?? 옛다 주유권!,답답한시츄l오닉l대구,2020-12-20 14:35:00
541947,현기는 평소 벌어왔던 매를 더 버는군요 ㅋㅋㅋ,가성비l쏘B슴3I세종,2020-12-20 17:20:00
541947,아니 기름안쓰자고 만든차에 기름쓰는 히터... 그냥 배터리 성능을 높이는게...OEM 입장에선...,케이l에셈쓰리I아산,2020-12-20 20:54:00
541947,뭐 모든 기술이 잘하는게 있고 못하는게 있으니 순리대로 하자는거죠. ㅎㅎㅎ,가성비l쏘B슴3I세종,2020-12-20 20:55:00
541947,코나 불법 무시동 히터에서 화재 발생으로 수억원 피해,아마존l니모3l용인,2020-12-21 23:04:00
541947,합법화 해서 안전하게 사용하자는 취지입니다^^,가성비l쏘B슴3I세종,2020-12-22 09:25:00
541776,"엑센트,벨로스터, i30-40 등 괜찮은 차인데도 단종된 차들이 너무 많죠.",화백I아이오닉I경주,2020-12-19 15:09:00
541776,뭔 멍멍소리인지~~왜? 코나를 단종시키려고 하는지 뇌가 엉덩이있지 않코선 그 의도를 다 알듯~~,jian 코나 충남,2020-12-20 08:27:00
541776,"저기요, 제 말뜻을 이해를 잘 못하신 것 같은데요?",화백I아이오닉I경주,2020-12-20 09:56:00
541776,저기요~~코나 차주의 마음을 잘 이히니 못하시는것 같은데요~?,jian 코나 충남,2020-12-20 09:57:00
541776,단종된 차가 있다는 팩트를 그냥 이야기 하는데 코나 차주 마음이라.... 대체 어떻게 받아들여야할 지 웃기네요,화백I아이오닉I경주,2020-12-20 09:58:00
541776,안녕하세요,부산ll순수한i,2020-12-19 15:17:00
541776,"단종은 정해진 수순 같습니다어차피 현기 전기차 전용 모델 나오면 단종할려고 하지 않았을까요?지금의 코나는 내연기관 개조모델이라 첨부터 한계를 가지고 있었고요전용플랫폼 뽑기까지 시장 선점용으로써의 역할을 의외로?훌륭히 수행했으니까요,토사구팽되는거지요더군다나 화재로 시끄러우니 단종시키고 계획된 전용차 플랫폼으로 가는 자연스러운 수순 같습니다.전기차전용 플랫폼 얘기나올때부터 어느정도 짐작은 갔는데 화재로 이렇게 큰 이슈를 만들지 몰랐습니다.구입하신 유저분들 안타까운 상황이네요.",Vitamin 볼트 인천,2020-12-19 17:27:00
541776,공감합니다. 전 타는데 까지 타봐야죠^^;,포스I코나I서울,2020-12-19 17:35:00
541776,이미지쇄신..? 유럽은 수출계속하고요?,찌리릿I경기,2020-12-19 21:28:00
541776,신경쓰지마세요,맥주I코나I인천,2020-12-19 21:42:00
541776,2년됬는데40만탔어요 본전은 뽑은겆같네요,맥주I코나I인천,2020-12-19 21:43:00
541776,유럽 수출은 계속한다는데 뭔 이미지 쇄신으로 보시나요현대 냄새 피우지 마세여,불독suduk2 코나 충남,2020-12-19 21:58:00
541765,코나차량이 단종 문제 뿐 아니라 다른문제도 많이 생겨서 멘붕인거죠ㅜ,동동구리l코나l대구,2020-12-19 14:04:00
541765,마르샤를 제외한 출시 2년 만에 단종되는 차량이 몇이나 되는가요? 모든 차는 단종되지요 하지만 코나ev의 경우 아주 드믄 경우이지요. 저와 글쓴님의 경우 차량을 구입한 지 1년이 조금 넘었는데 단종이되면 멘붕이 온다는 표현정도는 나올 수 있을 것 같네요.,다연파파I코나I예천,2020-12-19 14:13:00
541765,제차엔 문제가 '아직' 안생겼기 때문이죠 문제가 없는데 굳이 가서 시간들이면서 수리받았다가 더 고장나면 어떡합니까그리고 코나 ev차량에 어떤 이슈때문에 이 난리인지 댓글쓴이 님은 잘 모르시는것 같네요 다만 단종 때문에 제가 멘붕이 온다는 말이 아니었는데,동동구리l코나l대구,2020-12-19 14:20:00
541765,님 타는 자동차 결함차에 3년만에 단종 이란소리 들으면 골때리네 소리 안나와요? 어이없네 안그래도 중고차값 떨어지는데 단종이면 방어 더 안될텐데 이해심 너무 없으시네. 글올리신분은 어차피 중고차 방어도 안되고 평생 밧데리 보증이면 퍼질때까지 타면서 현대 괴롭히심이.,새빛l코나l경기,2020-12-19 16:07:00
541765,저도 쭈이 댓글쓴이님 글보고 같은 생각 했습니다ㅠㅜㅠㅠ 중고차가격 생각하고 팔기엔 너무 억울하고 저도 아주 탈때까지 타보자 하고 타야겠어요ㅠㅠ,동동구리l코나evl대구,2020-12-19 16:34:00
541765,현대 커뮤니케이션팀에서 나오신듯,코나EVI코나I화성,2020-12-19 22:24:00
541765,현대직원이네 이분,부대l코나l의정부,2020-12-20 11:02:00
541765,맞습니다!,맥주I코나I인천,2020-12-19 14:04:00
541765,후진카메라가 전진 할때도 나오는게 예전에 업데이트받고 나서 그렇게 된다는것도 몰랐네요ㅠㅠ블루핸즈가서 이렇게 된다니까 지들이 잘못 한게 아니라고 그래서 어쩔수없이 나왔는데...ㅠㅠ,동동구리l코나l대구,2020-12-19 14:07:00
541765,지금 도로에 다니는차중 많은차가 단종된 차량들입니다. 그러나 운영하는데 큰문제는 없어요. 부속도 일정기간이상 공급해야하는 의무도 있구요. 단종으로 인한 피해중 가장큰거는 제생각에 신모델이 나옴으로 인한 기존 모델의 중고가 하락일수 있겠네요.,바담I니로EVI강원,2020-12-19 14:24:00
541765,아무래도 단종 되면 프로그램 업데이트는 보나마나 힘들것 같고 그냥 옴미아폰 꼴 보는것 같습니다. 안타깝네요,슈가맨l모3l경기,2020-12-19 14:28:00
541765,팔면되죠,완주I코나l빈,2020-12-19 14:31:00
541765,단종을 노리고 저렴하게 구매하려는 사람들도 많습니다,진박lsm3l서울,2020-12-19 14:44:00
541765,"양산차는 언젠가 단종됩니다. 벨로스터 1.6터보, i30, i40 같이 차량의 가치가 단종후 떡락하는 게 두려우시면 신차 출고를 안하시면 되요.",화백I아이오닉I경주,2020-12-19 14:47:00
541765,정상정인 차가 단종이냐. 똥차의 단종이냐는 천지차이죠,새빛l코나l경기,2020-12-19 16:13:00
541765,모든 차는 단종 됩니다 현기가 전용 플랫폼 개발 전에 급하게 시장 점유율 높일려고 기존 차량 베이스로 만든거라 단종은 예고된거 였습니다 끝마무리가 각종 이슈로 인해 씁쓸한거죠 니로도 연식 변경 모델 안나오잖아요 내년 이후 단종 될듯 합니다 ㅋ,동백I니로evI거제,2020-12-19 16:17:00
541765,"그냥 타면 됩니다. 나중에 문제가 생기면 해결하면 되고, 미래가 걱정이라면 파세요.",파랭이I볼트I대전,2020-12-19 16:51:00
541765,단종해도 크게 걱정없이끝까지 타시는게 가장 이득..이제 왠만이 결함사항 조치된듯...중고차값 신경쓰지 마시고오래타면 제일 좋음,상르I코나I경남,2020-12-19 17:14:00
541765,고치면서 타시면 됩니다~정못타시겠다하시면 손해보더라도 판매하시고 다른차 구매하셔서 타시면 될듯합니다~ 저는 현재 매우 만족하면서 타고 있습니다 연료비도 적게들고 이만한차가 없다고 생각합니다~ 솔직히 내연차 기름 아까워서 못타고 전기차만 운행하고 있네여,에어콘l니로evl서울,2020-12-19 18:02:00
541765,"아이오닉5,6,7도 2~3년 팔다 단종되겠죠 뭐.사후지원 생각하면 테슬라가 답입니다.",jieI니로I서울,2020-12-19 22:46:00
541765,언제 화재가 일어날지도 모르는 차를 타고 다니는것도 불안한데 그런차를 퍼질때까지 타라는건 니가 선택 잘못했으니 죽어도 니잘못이지~ 이말로 들려서 너무 불편하네요...단종되면 중고가 떨어지고 판매도 안될텐데 전 천년만년 한차를 오래타는 사람도 아니고 폭탄을 타고 다니는건 더 싫은데 이따위짓을 하는 현대를 욕하지않고 차주를 욕하는건 무슨 경우인가요??,매덩 코나 제주,2020-12-20 11:56:00
541765,동감ㅠㅠㅠㅠ답답합니다ㅠㅠㅠㅠ,동동구리l코나evl대구,2021-01-02 22:26:00
541753,저도 선택은 자유지만 동감합니다. 예전에야 외제차량에대한 인식이 좀 안좋았지만 이제는 그렇지 않으니까요 좀 후회되지만 코나 10년이상 타보려구요,동글이74I코나EVI대전,2020-12-19 13:09:00
541753,저도 10년이상 코나를 가져가야하나 아니면 손해를 감수하고 넘어가야하나 아직까지 고민중입니다. 업무용차량이라 작년 4월 출고인데 벌써 10만4천킬로거든요 ㅎㅎㅎ,다연파파I코나I예천,2020-12-19 13:20:00
541753,배터리관리잘하셔야합니다 하부쪽말하는겁니다.. 하부크랙류는 as안되니깐요...,놀깡l코나evl고양시,2020-12-19 13:31:00
541753,네네 만약에 코나를 계속 탄다면 하부에 보강제 붙여야겠죠^^;;;,다연파파I코나I예천,2020-12-19 13:50:00
541753,저도 그렇게 생각했는데 그 때까지 부품이 있을까 걱정입니다.,가랑비I코나evI전남,2020-12-20 22:19:00
541753,오 그러네요 ㅎㅎ 맞는말씀같습니다,긴티스I모델3I세종,2020-12-19 13:13:00
541753,정말 이상한 나라의 코나ev가 아닐 수 없습니다 ㅋㅋㅋㅋㅋㅋㅋㅋㅋ,다연파파I코나I예천,2020-12-19 13:21:00
541753,소비자의 권리를 찾는 손쉬운 방법이 외제차를 사야하는 것이라니 ㅎㅎㅎ 통탄스럽습니다. 갑자기 정주영회장님이 보고 싶은건 저만 그런거겠죠 ㅋㅋ 요즘 현대는 해보지도 않네요 ㅋㅋㅋ,다연파파I코나I예천,2020-12-19 13:22:00
541753,보통 브랜드에 크게 상관없이 차량 생산대수별 결함율은 대동소이할거라고 생각하는데 저도 글쓴이께서 말씀하신 이유로 수입차를 사죠 ㅋㅋ 아 조에처럼 한 200대 팔리고 마는 차는 적절한 예시는 아니죠 ㅎ,아프리카I조에I대구,2020-12-19 13:21:00
541753,gv70 조칸 가격보고 아......하고 탄식이 나왔네요. 이제는 일반 소비자들도 합리적소비를 해야할 때가 된거죠. 더 이상 국뽕으로 몇천짜리 물건을 살 시기는 지났다고 봅니다.,다연파파I코나I예천,2020-12-19 13:23:00
541753,그때 몇달 더 기다려서 모델3를 살껄 후회막심입니다 ㅋㅋㅋㅋㅋㅋ,다연파파I코나I예천,2020-12-19 13:52:00
541753,쏘렌토 하브 연비가 15.3으로 15.8이 넘어야해서 인증 못받는걸 세상에 인증 기준을 낮추는거 확정됐나요? 놀랠노자네요 ㄷㄷ,시저I니로모델3I광주,2020-12-19 18:30:00
541753,"이번 테슬라 화재로 압수수색 건은 좀 다른 케이스인것 같습니다. 사람이 죽었고, 그것도 대형로펌 변호사니깐 당연히 압수수색하고 난리였겠죠. 어쨋든 경험해보니 현대차는 좀 아닌 것 같네요 ㅎㅎ;",헬리I코나EVI세종,2020-12-19 13:30:00
541753,네네 그렇게 생각하실 수 있지요 만약 차가 테슬라가 아니라 현대차였어도 과연 다음날 바로 압수수색이 가능했을까? 라고 생각도 해보니 지금까지의 행태로 봐서는 글쎄요입니다. 지금도 싼타페 일가족 사망사고를 보면 피가 거꾸로 솟는 기분입니다.,다연파파I코나I예천,2020-12-19 13:53:00
541753,테슬라 운전자---> 윤석렬 친구...조문도 갔더랬죠..,총알없음ㅣ니로ㅣ울산,2020-12-19 13:37:00
541753,만약 현대차 운전자---> 윤석렬 친구...조문도 갔다고 해도 다음 날 바로 현대 압수수색 가능했을지 하는 강한 의문이 드는 건 사실입니다,다연파파I코나I예천,2020-12-19 13:51:00
541753,저는10년타는게 목표입니다!,맥주I코나I인천,2020-12-19 14:11:00
541753,저도 10년을 채워야하나~하고 있습니다. 코나 전 골프 운용했는데 7년 42만 운행했었죠. 코나를 42만 탄다면? 아마 현대는 골치 좀 아플겁니다. 전 베타리가 무제한 보증이라 ㅋㅋㅋㅋㅋ,다연파파I코나I예천,2020-12-19 14:15:00
541753,저도 10년타야 합니다 ㅠㅠ,발바닥l코나l수원,2020-12-19 14:48:00
541753,우리나라는 살기에는 안전한데 조목조목 따져보면 비상식이많죠,가츠lD2l완주,2020-12-19 14:14:00
541753,한번도 경험해보지 못한 나라에서 우리는 살고 있습니다.,다연파파I코나I예천,2020-12-19 14:15:00
541753,유투브에 저도 같은 생각을 올렸어요 공감합니다 수입차 사야 관심 가져줍니다,큐리어스l모델Yl서울,2020-12-19 14:53:00
541753,관심따위 이제는 아무래도 좋습니다. 내 권익을 보장 받으려면 이제는 수입차를 타야합니다.,다연파파I코나I예천,2020-12-19 17:48:00
541753,현기의 관심말고 언론의 관심요^^ 그래야 기관들도 움직이니까요,큐리어스l모델Yl서울,2020-12-19 17:52:00
541753,아네네 스폰을 현대로 업고 있는 언론사들이 과연 가능할까...하는 생각이 들긴 합니다만 바라고는 있습니다^^,다연파파I코나I예천,2020-12-19 17:54:00
541753,제 말은 스폰이니까 현기의 적인 수입차의 문제는 적극적으로 소비자 편 들어준다는 말입니다,큐리어스l모델Yl서울,2020-12-19 19:11:00
541753,워.. 덕분에 저도 깨달음을 얻어갑니다.. 국토부 국과수에서 덮는것들만 봐도 그렇네요,쌀이없어I부산,2020-12-19 15:03:00
541753,그들은 국민을 위한 부처가 아닙니다. 음모론이 아닌 실제 3만이 넘는 코나 오너들이 겪고 있는 현실이지요,다연파파I코나I예천,2020-12-19 17:49:00
541753,코나는 너무좁아요 차라리 국산은니로가짱입니다.,부산ll순수한i,2020-12-19 15:18:00
541753,솔직히 기아가 현대에서 독립해 나와있는 상황이라면 니로가 짱이라는 말씀에 전적으로 동의할 수 있겠습니디만 요즘 기아가 현대인지 현대가 기아인지 ㅋㅋㅋㅋ k7 타는 지인들 아우성이 지금도 들리는 듯 하네요.,다연파파I코나I예천,2020-12-19 17:50:00
541753,일단은 소비자들 의식이 변해야 합니다. 수입차도 부품값이 너무 쌔요 이전차가 폭바차인데 부품값이 보험 설정가격이랑 같아서 전손처리하고 볼트로 넘어 왔어요 국토부에 민원 넣고 청와대 민원 넣고 해야 움직이려나 참 현기 답답해요 쉐보레도 별차이 없어요 ㅋ 힘들.내세요,소요산흑곰볼트경기,2020-12-19 15:24:00
541753,그러시군요 방갑습니다^^ 11년식 gtd 7년 42만 타고 코나로 옮겨왔습니다. 티동에서 참 열심히 활동했었는데 ㅎㅎㅎ 폭바를 경험해보니 정말 수입차 타는 사람들을 정부가 더 잘 보호해줬죠 ㅎㅎㅎ,다연파파I코나I예천,2020-12-19 17:47:00
541753,현대자동차그룹 1차 협력사 하청 현토부,너의바램I테슬라I충남,2020-12-19 15:29:00
541753,정작 국토부 본인들은 블루핸즈 취급도 못받는다는 거 당사자들만 모르고 있지요 ㅋ 행시 패스한 인재들이 대기업 똥꼬나 햟고 있다니 ㅋㅋㅋ,다연파파I코나I예천,2020-12-19 17:45:00
541753,우리나라 중앙 부처 문제 많아요승진하려면 외부라인도 무시못하고...일단 대기업 스폰도 있을거고대한민국 모든 사업도 외부 기업이들 소스주면 예산 세워서 추진하고 생색은 공무원 몫,무공해l니로EVi전,2020-12-19 17:15:00
541753,우리 나라 기득권들의 종특이라고 볼 수 있겠지요...,다연파파I코나I예천,2020-12-19 17:45:00
541753,저도 돈만 되면 니로 팔고 모3 가고싶네요~그냥 돈 없어서 현기 탑니다.이전 차는 현기 싫어서 쉐벌레 탔었습니다볼트 살려다가 차가 작고 수입차로 잡힌다는 말에 걍~ 니로로 전환했었지요~개인 건물 지하에서 올라오다가 바닥이 몇번 긁혔는데 겁나서 차를 못들어 보겠습니다,꼬끼리I니로I부산,2020-12-19 19:17:00
541753,저도 베터리 긁힘현상 생각도 못하고 있었는데 수리비용보고 헉!!!했네요.ㅠㅠ,다연파파I코나I예천,2020-12-20 18:53:00
541753,이게 바로 정경유착이죠.,로또I코나I원주,2020-12-19 22:19:00
541753,유착을 넘어 합체수준이 아닐까 합니다 ㅎㅎㅎ,다연파파I코나I예천,2020-12-20 18:54:00
541753,"정부? 믿을게 아님. 어제 경매 관련 TV 밀착취재 보면서 농민 피 빨아먹는 게 농식품부, 농협이란 생각을...자동차? 국토부 미적대거나 제조사 편들기. 짜증스런 정부!",가을나그네I오닉I밀양,2020-12-20 10:44:00
541753,좌우를 떠나 한결같다는게 너무나 열받는 일이죠 ㅎㅎㅎ,다연파파I코나I예천,2020-12-20 18:55:00
541753,현대 출장소 국토부 쉐리들,가랑비I코나evI전남,2020-12-20 11:58:00
541753,국토핸즈라 불러야겠습니다 ㅎㅎㅎㅎㅎ,다연파파I코나I예천,2020-12-20 18:55:00
541753,아닌게아니라 국토부가아니라 현토부란 댓글에 극공감됍니다글고 이제 최소한 현다이놈들차는 구매제외해야는거에 너무 안타깝고 맞는말씀이녜요,헐레벌떡I코나I서울,2020-12-20 18:51:00
541753,g70 가격보니 이제는 대놓고 눈에 스트레이트 날릴 기세죠 ㅋㅋㅋ,다연파파I코나I예천,2020-12-20 18:56:00
541753,"현대사업소 여름 정비하려고 했더니 대구 부산 모두 한달 이상 대기더군요. 배가 불렀나? 아님 고장,사고가 언제부터 그리 많았나? 결국 파란손가서 정비했고 정비 별로 마음에 안들더군요.",가을나그네I오닉I밀양,2020-12-20 23:49:00
541753,저도 이번 벽돌현상으로 한달 만에 차 받았습니다. 팩 하나 교환에 한달이라니....ㅠㅠ,다연파파I코나I예천,2020-12-20 19:13:00
541753,농식품부 퇴직하면 저런 대로 낙하산 가거나 갈곳이니 그쪽 편 드니 개선이 안되고 현토부도 딱 그 짝이네요. 썩은내가 진동하는 나라!,가을나그네I오닉I밀양,2020-12-21 00:30:00
541753,이번 기회에 현대가 많이 배울 수 있는 상황이 어길 간절히 바래봅니다.,다연파파I코나I예천,2020-12-21 02:39:00
541753,코나 전기차가 아직 불안정 한가보네요~ 기사도 잘 안나고...,포니다,2021-01-12 07:50:00
541626,글게요 바꿔야 하는지 어케 해야 하는지 ㅠㅠ,무산지몽l코나l용인,2020-12-19 04:45:00
541626,저도동참하고싶습니다,민영I코나I제주,2020-12-19 08:17:00
541534,안타까운 현실이에요ㅜㅜ,쏭윤이I코나I전북,2020-12-18 21:25:00
541534,이런분이 많아야 하는데 현실은 극소수......ㅠㅠ,양산짱가ㅣ경남양산,2020-12-18 22:47:00
541534,현대 정의선대리... 변한것도 없고 똑같네요,문짝뜯어ㅣ코나ㅣ광주,2020-12-18 22:52:00
541525,그래야 전환도 빠르죠.. 코나는 감가가 걱정되네요 어떤분은 수리 잘 받았으니 10년 30만키로 타고 폐차 한다고 하시는 분도 계시고,만두 l 니로EV l 성남,2020-12-18 20:32:00
541525,코나처럼 문제가 생기면 바로 단종입니다앞으로 현기차 사느니 일본차 산다너무 화가나고 실망스럽네요,밍밍코나서울,2020-12-18 20:33:00
541525,맞습니다 순서대로 단종 시킨댔어요니로도 단종됩니다 cv나오면요,하누ㅣ코나ㅣ 화성,2020-12-18 20:37:00
541525,니로는 풀체인지모델 개발중입니다,동동l코나l경기,2020-12-18 20:41:00
541525,니로 풀체인지 내연기관차에요,니롱I니로I전남,2020-12-18 21:18:00
541525,전기차도 있...,동동l코나l경기,2020-12-18 21:58:00
541525,그전기차 수출만 하고 국내는 안팔수도...,사무랑I오닉I진주창원,2020-12-19 10:45:00
541525,단종이 아니라 업글 시키겠죠 쏘랭 싼타처럼요 이름은 가지고 가는거죠 근데 이제 코나라는 이름은 잊혀 지는거죠,낚시꾼I세종,2020-12-18 20:37:00
541525,출퇴근용으로 코나 니로 고민하다 가성비생각해서 1세대쏘울 1년전에 1450에샀는데 현명한 선택이었던것같습니다 지금팔아도 1300이상은 받을수있으니 .... 어차피 장거리용이면400키로나150키로나 상관없으니 말입니다,붕붕ㅣ쏘울ㅣ대전,2020-12-18 20:42:00
541525,장거리용인데 400이나 150이나 상관이 왜 없나요? 충전기를 등에 매달고 다니나,드로뜨I니로I시흥,2020-12-18 22:09:00
541525,1세대가 1450요? 제가 작년에 1100에 산거 같은데..,검은바퀴I니로evl파주,2020-12-18 22:10:00
541525,1세대3년된거23000천키로 1440에샀습니다 제가 호구였나봅니다,붕붕ㅣ쏘울ㅣ대전,2020-12-18 23:58:00
541525,키로수가 좋네요 저는 12만 뛴거 산거라서..ㅎㅎ,검은바퀴I니로evl파주,2020-12-18 23:59:00
541525,코나 화재나 주요 결함에 대해서 소비자가 납득할만한 조치를 취하고 이후로도 지속적인 정비의 의무를 다하겠다는 마인드가 전무하다는 것이 문제죠. 시기적으로 보아도 문제를 해결할 가능성이나 기술력이 안되니까 긴급하게 단종하는 것으로 보입니다. 그러면서도 유럽에는 계속 공급한다는 건 진짜 아이러니죠.,제대로I볼트I경주,2020-12-18 20:44:00
541525,새 전기차 나온다고 할때 대부분 그런 소리들을 했어요 나오면 코나는 단종 되겠네라고...근데 문제가 발생하고 단종한다니 문제 때문에 단종한다라고 하고 있는거죠 ㅋㅋ,킹스턴l아이오닉l김해,2020-12-18 20:51:00
541525,"기존에 아이오닉과 쏘울 판매중인 2018년도에도 니로랑 코나가 나와도 일년정도는 같이 팔았었던걸루 기억해요.아마 니로도 내년까지는 판매하다가 단종하지 않을까 싶어요. 대신 옵션을 좀 손보고 가격을 좀 인하하는형식으로요.다만, 코나는 차량 자체에 문제도 있고, 코나 일렉이라는 브랜드 자체가 타격을 입었으니 단종을 빨리 밟은거 같구요.",와팝I오닉I서울,2020-12-18 21:14:00
541525,제생각엔 아이오닉5가 출시되면 어쩔수 없는 수순 인거같습니다 헤치백타입에 소형차가 인기 많은 유럽과는 달리 국내는코나가 선택의 여지가 없는 전기차가 아니었다면 소형차가 이렇게 많이 팔렸을까요? 실내가 팰리세이드급이라고 할정도로 넓은 아이오닉5가 나오는데 큰차를 좋아하는 국내에서 코나를 구지살필요가 그런데다가 화재이슈까지 더해져서 국내는 단종이 아니라 미출시가 맞습니다 왜냐면 유럽은 페이스리프트버전의 코나EV가 출시됩니다 아이오닉5가 나와도 코나는 유럽에서 인기가 많을겁니다,멀더l코나l안산,2020-12-18 21:31:00
541525,쏘부는 21년형 나왔어요~ 더러운짓을 했더군요! 원래 한가지 모델이었는데 주행거리 짧은 저가형 모델을 추가로 내놓았습니다. ㅡㅡ,낙타마린I쏘울l아산,2020-12-18 22:15:00
541525,코나 팔면 현대가 배터리 보상 안해도 되니 완전 현대는 꿀이쥬~~ 패차 할때까지 보증받고 타야쥬,오뚜기l코나l포항,2020-12-18 22:54:00
541525,아이오닉5 출시 되는데 보조금 받고 모델3와 경쟁하기 위해 출시 가격을 6천 이하로 잡으면 코나EV 경쟁력이 없을거다고 현대에서 판단했을 것 같습니다. 차라리 단종 되는게 기존 코나EV차주한테 이득이 아닐까 생각도 해 봅니다.,유심조I코나l경주,2020-12-18 22:55:00
541525,1세대 소울 600아닌가요,에코I코나I경기,2020-12-19 09:24:00
541292,"현대차에 따르면 E-GMP 기반의 아이오닉 5의 항속거리는 국내 기준 500km 이상이며, 800V 충전시스템을 갖춰 초고속 급속충전기 이용 시 18분 이내 80% 충전이 가능하다. 항속거리의 국내 기준이 미국(EPA)이나 유럽연합(WLTP)에 비해 보수적인 편이라는 점을 생각하면, 완충 상태에서 실제로 주행 가능한 거리는 주행 조건에 따라 600km 전후로 나타날 수 있다.이건 참 반가운 소식이네요",위이이이이이잉,2020-12-18 10:55:00
541292,현대 징글지글 올해 점검 업데이트 리콜로 5번째 소환 아이오닉5는 괜찮을거란 생각 버리세요.,쏭윤이I코나I전북,2020-12-18 10:59:00
541292,현대를 믿는게 과연 맞을까요...,귀브킹I코나I경기,2020-12-18 11:00:00
541292,기사마다 주행거리가 다다르네요어디엔 WLTP 기준 500km라고 하던데 여긴 국내기준이네요,NalwaI모델3I서울,2020-12-18 11:00:00
541292,기사대로 잘 나오면 좋겠네요.,곰탱이22,2020-12-18 11:08:00
541292,전용플렛폼으로 처음 나오는건데 또 얼마나 많은 시행착오와 결함이 있을지....,전기밥차I코나I부산,2020-12-18 11:11:00
541292,WLTP 기준 500 아닌가요?,팡I예정I대전,2020-12-18 11:23:00
541292,자 줄 서세요 베타테스터 모집합니다 ~~~~,스팀팩I니로코나I충남,2020-12-18 11:28:00
541292,과연,멜렉I서울,2020-12-18 11:45:00
541292,테슬라는 생각도안하는데 현대는 테슬라를 라이벌로 생각하나보죠. 국내 한정으로다가~,쏘울l모델3l경산,2020-12-18 13:16:00
541292,소프트웨어가 중요한데 이얘기는 하나도 없네요사실 테슬라가 앞서 있는 것은 소프트웨어거든요 6년 정도 앞서 있다고 합니다.,전북 티니,2020-12-18 13:33:00
541292,아이오닉도 코나처럼 불나고 리콜 될겁니다아이오닉 구입하시는분 코나에 이어서 호구되는겁니다코나소송이나 밧데리결함 브레이크 등등해결도 되지못했는데 아이오닉도자발리콜때리겁니다,하마 코나 경북 김천,2020-12-18 14:30:00
541292,에효...믿거 현기,너의바램I테슬라I충남,2020-12-18 15:13:00
541292,결국 현기 사실거면서...,장인득씨I볼트I전주,2020-12-18 21:02:00
541292,코나 정확한 화재원인도 나오질 않았는데 무슨 전기차를 또 만드냐. 화재 원인도 모르잖아 너네. 근데 왜또 불날것같은 전기차를 계속 만들어!!,하누ㅣ코나ㅣ 화성,2020-12-19 12:23:00
541289,헐ㄷㄷ중고차 더 떡락 할 듯여,올폴러브I모델3I대전,2020-12-18 10:50:00
541289,에~휴 어떻게 해야할지....,여행,2020-12-18 10:52:00
541289,소송에서 최대한 손해액 받아야죠..,코나주인l 세종,2020-12-18 10:56:00
541289,"헐 충격,,,,, 나온지 3년만에 단종,,,,내차,,,,ㅠ",내포l코나l충남,2020-12-18 11:12:00
541289,헐..충격,바나바1,2020-12-18 11:18:00
541289,아 ...,뿡어민영l코나l대구,2020-12-18 11:40:00
541289,해외에서는 파는데 국내에서는 안팔겠다?? 이거 무슨 협박 비스무르한듯??,보민아빠I니로I충북,2020-12-18 11:44:00
541289,내년에는 해외에서도 판매중단일듯....,양산짱가ㅣ경남양산,2020-12-18 14:08:00
541289,역시 현대~ 단종시키면 그만이네요..,쏘울l모델3l경산,2020-12-18 12:04:00
541289,진짜 개 좆같은 새끼들이네요 씨발,루믹l코나EVl경기,2020-12-18 12:40:00
541289,구입한지 이제 6갤인데,바동사,2020-12-18 17:31:00
541286,국내 단종확정입니다,초록인간l넥쏘l평택,2020-12-18 11:03:00
541286,누군지 머리는 정밀 잘 굴린듯. 내년에 좋은?? 전기차 출시하고 코나는 중고차 보상으로 대체하고. 코나 보상도 새차 판매도 여론만 문제네요,친환경I니로쏘부I분당,2020-12-18 11:12:00
541286,"원래 위기는 기회로 극복하는거죠 ^^""",스팀팩I니로코나I충남,2020-12-18 17:20:00
541286,어떡허나 코나를!,안산사람,2020-12-19 09:29:00
541286,https://www1.president.go.kr/petitions/Temp/HzpVNl 청원동참해주세요,불꽃와룡,2020-12-19 21:34:00
541247,현기 : 삐빅-베타테스트를 종료합니다-...뭐하자는 건가요 현기...,트롱이I파주,2020-12-18 09:34:00
541247,미쳤네요 진짜 이건,enoughI코나I충청,2020-12-18 09:39:00
541247,정말 입미까?헐ㅡ,울산코나뚱이,2020-12-18 09:40:00
541247,유럽만 코나 신차 발표할때 눈치 챘죠.... 유럽은 겁나 잘팔리니 계속 판매 한국은 아이오닉5 나오기 전에 단종 아이오닉5 출시 속도가 생각보다 빠를수 있다는 암시로 보이기도 합니다 주식 사야하나...,morgan8274,2020-12-18 09:41:00
541247,안타깝네요,가위잡이ㅣ부산,2020-12-18 10:34:00
541247,헐... 사실인가요??ㅠㅠ,테디웅I코나I경기,2020-12-18 11:03:00
541247,정말인가요??? 말이 안나오네요~ 구입한지 몇달 되지도 않는데.....그럼? 이 비싼차는???,코나20 I 경기,2020-12-18 11:34:00
541247,헐,용이다,2020-12-18 13:18:00
541247,거짓말이다,용이다,2020-12-18 13:19:00
541247,몰래카메라인가요?,코나evl코나l경기,2020-12-18 14:01:00
541209,차 대충 만들어 리콜하더니 소비자 불만이 많자 생산 중단 ???참으로 할말없는 기업 수준이고만국내 소비자를 상대로 차량 이상 시험 완료 되었나완전 봉 되었네 ㅋㅋㅋ,헬로 코나 전주,2020-12-18 06:50:00
541209,ㅠㅠ 그래도 해줄건 다 해주겠죠? 너무하네요. 현대..,백만I볼트I김포,2020-12-18 06:59:00
541209,중고차값 떨어지는 소리가 팍팍 들리네요 ㅎ,전기l봉고l전남,2020-12-18 06:57:00
541209,팔리긴 할까요? ㅜㅜ,백만I볼트I김포,2020-12-18 07:11:00
541209,올 상반기에 일찍파신분들이..지금은 웃고 있겠죠 ㅎㅎ,전기l봉고l전남,2020-12-18 07:16:00
541209,예상은 했는데.. 폐차 전까지 타야할 것 같네요,션I코나I인천,2020-12-18 06:58:00
541209,조심히 타셔요..ㅜ,백만I볼트I김포,2020-12-18 07:08:00
541209,아이오닉5로 가야죠,멀더l코나l안산,2020-12-18 06:59:00
541209,아이오닉5는 얼마나 탈 수 있대요? 요즘 드는 생각은 10분~20분 고속 충전이 생기면 다시 사야겠단 생각도 들어요..,백만I볼트I김포,2020-12-18 07:10:00
541209,현대차는 이제 아닌것같네요,히토I코나evI인천,2020-12-18 08:09:00
541209,처리 좀 잘 해주지.. 란 생각이 드네요.. 뭐 항상 이랬지만요..,백만I볼트I김포,2020-12-18 08:12:00
541209,아오닉5살빠에 천더주고 테슬라갑니다,서울l아이오닉,2020-12-18 10:14:00
541209,다신 흉기차 안사... 고객 서비스가 아주 🐶판이네,포리I코나evI고양시,2020-12-18 07:28:00
541209,팔때와 살때 다른건 ..,백만I볼트I김포,2020-12-18 08:13:00
541209,;;;;??,자우림짱I서울,2020-12-18 07:28:00
541209,불나하더니 단종 ㅜㅜ,시에나,2020-12-18 08:10:00
541209,지금의 이슈가 마무리 안된상태에서 이 결정은 현대를 더 멀어지게 만드네요.순서가 잘못되었어요.,좋은전기차I니로I경기,2020-12-18 08:29:00
541209,근데 해당 이슈가 아니더라도 단종은 예견되었던것이죠 특히나 현대같은 경우는 egmp적용모델이 내년 상반기 출시니까요,초라니I니로I천안,2020-12-18 08:50:00
541209,정답입니다 ㅎ,전기l봉고l전남,2020-12-18 14:03:00
541152,심지어 단종이네요;;,자우림짱I서울,2020-12-18 07:29:00
541152,단종 ㅠㅠ,서비lM3RPl진천,2020-12-18 09:19:00
540935,속도도 중요하지만 고속도로에 10기이상 기기를 늘리는게 더좋을거같은데,서여니l모델3l경남,2020-12-17 12:02:00
540935,우와~ 기쁜 소식입니다. 근데 겨울에는 충전속도가 더 떨어지는건 아닌지....그래도 지금보다는 빠르겠네요^^가격이나 인상 안했으면.... 새로 생기면 당분간 공짜밥은 먹겠어요~ ㅎㅎ,구미코나I코나I구미,2020-12-17 12:03:00
540935,비싼 새전기차사라는 마케팅광고나 마찬가지네요.,요미나리l코나l일산,2020-12-17 12:09:00
540935,아 쫌 20분에 80% 저딴 개구라좀 안깠으면 좋겠네요,망나니l더뉴오닉l충남,2020-12-17 12:09:00
540935,ㅎㅎ 백퍼 공감입니다~^^,초이아빠l코나l대전,2020-12-18 22:31:00
540935,현 충전기 관리부터 신경쓰고 더 보급하시길..충전사업자들 신규 설치에 혈안 돼서 관리는 뒷전인데 또 배불려주나?,파랭이I볼트I대전,2020-12-17 12:27:00
540935,아직 코나ev 화재도 해결 못했으면서... 환경부에서 전기차들 모조리 불태울 생각을 갖고 있나보네요,광맹개I코나evI광맹,2020-12-17 13:25:00
540935,제가 알기론 초급속이라고 해도 기존 전기차는 초급속이 안될텐데........ 저건 아이오닉5가 초급속으로 충전이 되니 환경부와 현대가 짜고 치는 놀이들을 하네요. 지금 당장 시급한건 200kw 든 100kw든 충전 인프라를 더 늘려주면 좋겠는데.... 그리고 현대는 코나 화재에 대해 죄송하다 아니 미안하다는 말한마디가 없네요.... 정부도 나서서 안 도와주고.....,니코l니로코나l제,2020-12-17 20:12:00
540935,"아직 차가 없어서 질문드리는건데요, 350kw 충전기에 코나,니로, 볼트 등 기존 차량을 충전할순 없나보죠?",다음엔이브이I미I대전,2020-12-17 20:28:00
540935,네... 들이붓기만하면 무슨 소용인가요... 받아들이질 못하는데... ㅠㅠ CPU 최고급에 SSD안쓰고 일반 하드디스크 달고 컴퓨터 쓰는 느낌이랄까요?,초이아빠l코나l대전,2020-12-18 22:34:00
540887,원인이도 모른채 리콜을 해줬어... 받은게 호구지... 리콜이랍시고 주행거리만 다 줄여놨네,포리I코나evI고양시,2020-12-17 10:26:00
540887,원인이도 모른채 리콜을 해줬어... 받은게 호구지... 리콜이랍시고 주행거리만 다 줄여놨네,포리I코나evI고양시,2020-12-17 10:27:00
540887,제발 쫌.. 투명하게....,닥침I볼트M3I경기,2020-12-17 10:43:00
540887,얼리억세스 차량을 풀프라이스 가격을 받아놓고 제조사는 빤스런 ㅋㅋㅋ 정말 놀라운 나라야...,레베I코나I울산,2020-12-17 11:09:00
540887,내년 아이오닉5 출시니 이전에 안하는건 기정사실이었죠 나쁜놈들,쏭윤이I코나I전북,2020-12-17 12:10:00
540887,발표을 하려면 결국 차량제조사냐 배터리제조사냐를 밝혀야하는데 그게 쇼부가 안났으니 밍기적 미루고 있네요 ㅡㅡ 조낸 달팽이 광고나 해대고.. 코나 이미지 안좋은데 광고효율 참 잘도 나오것다 ..,베비로션l코나l서울,2020-12-17 12:29:00
540887,수준떨어지는 현대.,맨헌트I테슬라I강동,2020-12-17 12:44:00
540887,아무리 찾아봐도 화재발생 주변 부품은 다 타서 없어졌으니...화재 초기에 진압된 샘플이 몇개 있어야 범위축소가 될듯 하네요어쨌든 돈쓰며 리콜을 하는데에는 밧데리와 bms 관련인건 확실할거 같아요,스팀팩I니로코나I충남,2020-12-17 12:54:00
540887,국토부 고위층들이 현기에서 낙하산타고내려간 인간들인데...조사가 되겠어요?,미제I볼트I원주,2020-12-17 13:34:00
540175,"3kw대면, 히터 빵빵하게 틀었을때보다 높거나 같은건데.",noral코나evl경기,2020-12-15 16:29:00
540175,12v보조 배터리에서 3A조금더 소비되는거라 12곱하기3.2정도라서 대충 40w소비입니다,시지l오닉 코나l대구,2020-12-15 16:32:00
540175,제가 오해했군요^^; kw단위인 줄 알았습니다.대기업의 미흡한 대응이... 많이 실망스럽긴해요. 이런 사실도 알려줘야- 오해든 뭐든 없을건데.,noral코나evl경기,2020-12-15 16:34:00
540175,진짜 실망스럽습니다 이런차량인줄 알았으면 코나를 안샀죠,시지l오닉 코나l대구,2020-12-15 16:35:00
540175,"전 3주 내에 출고 가능 / 가장 긴 주행거리로 고민없이 선택했는데,차량 품질을 떠나, 기업의 마인드/철학이 이따위라니... 당시 테슬라 6개월 / 니로 8개월 / 320d 4일이었는데, 빨리 나오는건 이유가 있었나... 싶기도 하고.다음엔 현대기아 고려 않고- 외산으로 갈까 합니다.",noral코나evl경기,2020-12-15 16:45:00
540175,테슬라 dc콤보 충전안되어서 출장 잦 가는입장에서는 못하겠더군요 그래서 코나했는데,시지l오닉 코나l대구,2020-12-15 16:44:00
540175,"시간지나면 테슬라용 DC콤보 어뎁터 금방 나올거에요. 수요가 있을 수 밖에 없으니,테슬라가 아니어도 3rd-party에서 알아서 제품 출시하겠죠^^차량의 가치는 승차감보단 하차감일 것 같은데.하차감이 우월한 브랜드로 좀 거듭났으면 좋겠습니다. 전 배터리 평생보증이라... 기스없이 계속 타서,,,폐차할때까지 배터리 통으로 교체나 실컷 했으면 합니다. 하하..웃프네요.",noral코나evl경기,2020-12-15 16:48:00
540175,이렇게.심각한 문제를 별일 아닌듯 덮어버린 흉기차....,포리I코나evI고양시,2020-12-15 16:32:00
540175,자기들 배터리문제를 소프트웨어적으로 덥을려는겁니다 심각한경우만 배터리 일부교체해주고 나머진 충전할때마다 밸런스 강제로 마추면서 태우는겁니다 bms가 하는일이 발란싱 메니저먼트 시스템입니다,시지l오닉 코나l대구,2020-12-15 16:34:00
540175,? bms의 약자는 battery management system입니다만? 발란싱은 어디서 들으신건가요?,너밖에없다I코나I광양,2020-12-15 22:16:00
540175,배터리 매니저먼터가맞습니다만... 저전압차단 고전압차단도중요하지만 밸런싱역활이 가장크기에 그리표현한겁니다,시지l오닉 코나l대구,2020-12-15 22:25:00
540175,보조배터리가 720Wh ( 60Ah * 12v 니까?) 정도인가요?완충상태에서 18시간이면 아웃되나요?,블랙쿱I코나l경기,2020-12-15 16:38:00
540175,순정이 45A입니다 전기차는 제상식으로는 보조배터리 낮아도 되는데.. 그래서 45a용량도 충분하다생각했는데 현대가 이런 삽질할줄은 몰랐네요,시지l오닉 코나l대구,2020-12-15 16:46:00
540175,이론상은 그런데 세이버가 잘 작동하더라도 밧데리 수명이 확줄겟네요.,새빛l코나l경기,2020-12-15 16:48:00
540175,60이 아니라 45인가요? 작네요..,블랙쿱I코나l경기,2020-12-15 16:55:00
540175,순정은 45입니다 내연차와는 달라서 사실상 45만해도 된다고봄니다 하지만 순정배터리가 아주싸구려인가봄니다 수명도 너무짧아요 45면 된다는건... 저는 현재 인산철 배터리로 자작을해서 40A로 운행중인데 인산철 바꾼후론 블박도 상시로해놨는데 세이버기능도 한번 안나오고 완벽히동작중입니다 이게 순정배터리가 싸구려라는 결론아닐까 합니다,시지l오닉 코나l대구,2020-12-15 17:04:00
540175,"제 니로도 최근 보조배터리 세이버 동작했다는 횟수가 많아지고 있는데, 최근 SW 업데이트 후 발생한 일이라 비슷한 사유가 아닐까 생각하고 있습니다. 적은 12V 배터리 용량으로 지속적인 사용이면 겨울이면 방전 없는게 이상한 거죠... 휴~~",오키I오니로I경기,2020-12-15 16:55:00
540175,오해 하실까봐 내용추가합니다 리모콘으로 문잡군후에 약 2분후 측정시는 4.7A소비였고 30분정도 지난후 측정은 3.22(본문사진) 그리고 대충 50분후에 측정시는 2A대였습니다 시간지나면서 점차 내려가긴했어요 그럼 방전될확율도 조금은 내려가겠지만.. 내돈으로 충전했는 전기로 자기들 잘못된거 수정하는데... 매번 사용해야한다는거죠 아마도 폐차시까지 이런 삽질을 계속하지않을까요?,시지l오닉 코나l대구,2020-12-15 16:59:00
540175,제 코나 리콜전에 체크해봤을때 0.13A였습니다. 리콜로 인한 추가 소모 전류 없다고 했구요. 만약 이글이 사실이라면 서비스센터가 저한테 사기 친거네요.,산토스I코나ZEI제주,2020-12-15 17:26:00
540175,저도 글쓰면서 업데이트전에 여러 데이타를 남겼어야하는데...그게 부족한 리포터가 되어버렸습니다 업데이트전에도 bms라는게 있으니 당연히 소비되는전류가 존재는 했겠지만 누가봐도 업데이트후에는 소비전류가 늘지않을까요? 그리고 뱍돌후에 1개의 모듈만교체시엔 bms가 끝없이 동작해야할겁니다 수만킬로 운행된배터리와 새배터리가 혼합되어있으니 bms로 태워 없애지않는한 밸런스를 마출수가없죠,시지l오닉 코나l대구,2020-12-15 17:32:00
540175,저도 내일 시간 내서 주차중 소모전류 체크해보도록 하겠습니다. 정말 시간당 3A면 말도 안되는수치입니다. 하루에 1kw 가까이 사라지는건데 주행거리로 따지면 안타도 매일 7키로씩 줄어드는거잖아요.,산토스I코나ZEI제주,2020-12-15 21:02:00
540175,어마어마하네요. 모터나 발열장치 없는 상태에서 전자기기가 3A를 소비하기 쉽지않은데. 실력이 좋네,드로뜨I니로I시흥,2020-12-15 19:29:00
540175,이번 리콜후 보조 배터리의 방전에 가장 큰 원인은 ????????BMS 상시 모니터링 입니다..특별히 앞 범퍼에 현대 마크에 점등불이 확인된다면 그것은 BMS 가 활성화 하고 있습니다.보조 배터리 전원을 사용 하기에 활성화 할때에 방전을 막기위해 구동 배터리에서 충전을 하는 세이버 기능이 작동 합니다. 그러면 보조 배터리 방전이 없어야 하는데 현실은 방전이 더 많아 졌다 입니다..충전량 보다는 소모량이 더 많아서 방전이 되는 결과물 같아요..저도 AGM 70 으로 교체한 후 방전에서는 자유로운 상황요 !!!!불르 링크로 주차중일때 매일 매일 상태 체크 하면서 새로 고침 하면은 주행거리가 줄어드는것을 확인 할수 있어요 >>> 리콜 전에는 주행 거리는 며칠을 세워 놓아도 빠지지는 않았네요 !!!,콩콩I코나I서울,2020-12-15 23:09:00
540175,정답같네요... 자기들 문제점을 덮을려고 고객한테 손실을 주고있는 상황이죠 폐차때 까지 지속적으로 반복할겁니다 현대는 양아치회사입니다,시지l오닉 코나l대구,2020-12-15 23:32:00
540175,손하나두 안대구 차주가 돈내구 충전한 배터리로 bms밤새도록 가동시키면서 화재 위험등 있는지 체크한다.. 이런 사기꾼 같으니라구 국내 기업 살리는 취지로 국내 전기차 샀더니 왜그러냐 ?? 양심없는 기업을,싸라기별 코나 세종,2020-12-16 10:51:00
540175,오늘 제 코나로 주차중 소모전류 테스트 해보니 0.12A로 리콜전과 리콜후 차이는 없네요. 정말 3A 찍히면 바로 센터 쫒아갈라했어요 ㅎㅎ 글쓴님은 아무래도 센터 입고해서 전기 누수 원인 찾으셔야 할거 같습니다.,산토스I코나ZEI제주,2020-12-16 15:19:00
540175,그리고 bms 리콜 3차까지 다 받으시면 배터리 모니터링에 필요한 전기는 구동배터리에서 땡겨 옵니다.,산토스I코나ZEI제주,2020-12-16 15:17:00
540175,에제 처음받은거라 한방에 3차까지 다해결굉거 아닐까요,시지l오닉 코나l대구,2020-12-16 15:46:00
540175,그럼 혹시 차안에 다른 전기가 소모되는 장치가 돌고 있거나 본넷 개폐 센서 커넥터를 안빼고 측정하진 않으셨을까요? 상시 40와트 소모면 여차하면 바로 보조배터리 방전 되실듯하니 일단 근처 블루핸즈라도 가보시는게 좋을거 같아요~,산토스I코나ZEI제주,2020-12-16 16:11:00
539468,히터펌프가있어야해요,멀더l코나l안산,2020-12-13 19:22:00
539468,히터펌프 없는데... 그것때문이군요,빨강I코나I전북,2020-12-13 19:23:00
539468,저는 영하 요즘 날씨 완속하면 480정도 나옵니다히팅있구요,멀더l코나l안산,2020-12-13 19:30:00
539468,와우~~ 부러워요,빨강I코나I전북,2020-12-14 16:34:00
539468,추워지면 다른 조건이 같아도 주행거리 줄어듭니다. 관련 글은 겨울 될 때마다 꽤 많이 올라오죠.,웨슬리I볼트EVI나주,2020-12-13 19:22:00
539468,"네, 그렇군요. 겨울철은 줄어든다고 생각해야겠군요",빨강I코나I전북,2020-12-13 19:24:00
539468,배터리 온도에 영향이 있습니다.,코코I코나EVI청주,2020-12-13 19:45:00
539468,날씨 때문에 그런거 같아요... 저도 히터켜고 다녀서 평균 연비가 떨어지니까 주행가능거리가 줄어들었네요...,블랙리스트l코나l화성,2020-12-13 19:57:00
539468,겨울철이라~~그렇다고들하네요. 전기차 밧데리 부분은 많이 개발되어야~~^^,보안관I사버트럭l대구,2020-12-13 21:20:00
539468,추워서요~~,대장I코나I대구,2020-12-13 22:11:00
539217,모토룸에서 나느 소음은 에어컨 냉각팬 돌아가는 소음 외에는 없는데요.실내에서는 송풍기 팬 외에는 없구요..구동 배터리가 열 받았나 ??배터리 열 받으면 에어컨 냉각팬이 심하게 소음도 크지요 돌아 갑니다.앞 범퍼 바로 뒤에 모터 감속기 앞에 냉각팬이 있네요 !!,콩콩I코나I서울,2020-12-12 22:54:00
539217,이전까지 이상없다가 오늘 처음 시동걸고 히터 돌릴때 소음이 나더라구요. 처음부터 나던 소리가 아니라 이상하네요ㅜ,또똥파파l코나l울진,2020-12-13 00:19:00
539217,송풍기 소음으로 교체 받으신분 있더라고요소음은 송풍기일 수 있습니다,데부루I코나I창원,2020-12-12 23:34:00
539217,월요일에 센터 가봐야겠네요.송풍기 팬에 이물질같은게 걸린소리 같기도 하구요,또똥파파l코나l울진,2020-12-13 00:21:00
539217,히팅펌프 도는 소리같은데요?,행복한부자I코나I세종,2020-12-12 23:56:00
539217,코나 사건사고가 많다보니 불안하긴 하네요.화재나 사고만 없이 수리로 끝나는길.. 제발ㅜ내일도 100킬로 이상 달려야하는데 괜찮겠죠?,또똥파파l코나l울진,2020-12-13 00:22:00
539217,센터가보셈여,행복한부자I코나I세종,2020-12-13 00:25:00
539217,팬 돌아가는 소리 같은데요.. 급속으로 충전시킬 때도 한번 봐보세요 급속 충전할 때도 배터리 열 받으면 팬 돌아갑니다.,빵빵이I코나I제주,2020-12-13 00:57:00
539217,이전에도 돌아가는 소리가 약하게 나긴 했었는데 이렇게 크진 않았었거든요.오늘 유난히 소음이 심했네요. 이전에도 영하 날씨에 히터 돌려도 이렇게는 안났거든요. 영상에서보다 소리가 크게 느껴졌어요ㅜ내일 공조돌릴때 지켜봐야겠네요,또똥파파l코나l울진,2020-12-13 01:06:00
539217,에어컨 오프해보시고 소리안나면 에어컨관련부품일거같네요. 저도 딱한번 핸들덜덜거릴정도로 소리나서 가야되나 했는데 요즘안나서...쩝,LUVTOMEI코나I경기,2020-12-13 11:48:00
539217,저도 지금까지 소리가 .안났는데 히팅시키면 저 소리가 나네요. 이번 리콜하고 나는데 아 짜증나네요. 다른차에서 나는 소리인줄알았어요.,에이스파l코나l시흥,2020-12-13 17:33:00
539217,아이오닉 입니다.. 저도 똑같은 소리가 나네요 마치 옛날 냉장고 컴프레셔 소리 같습니다. 작년 이맘때는 안 그런거같았는데 ㅜ 소리가 크게나네요.,제이슨I오닉I경남,2020-12-14 21:20:00
539217,저도 방금 났다가 급속충전기 꽂으니까 사라졌네요..,아담I코나evI청주,2021-01-08 12:22:00
539217,이소음 해결보셨나요?저 컴프 교체했는데 다시 이런소리납니다,행복한부자I코나I서울,2021-03-06 03:24:00
539217,저도 소음발생해서 파란손 들어가봤는데 원인 못찾았습니다 ㅜㅜ,박달l 코나ev l하남,2021-12-28 13:14:00
539217,두번째 겨울인데요. 역시나 히터 약하게 돌리는 가을까진 소리 못느끼다가 추위가 오니깐 소리가 다시나네요. 운행하면서 난방이 어느정도 되고나서는 소리가 안나요.,또똥파파l코나l울진,2021-12-28 15:05:00
539217,하... 진짜 경운기도 아니구... 답이 없네요..ㅜ,박달l 코나ev l하남,2021-12-28 17:28:00
538996,화재가 났고 사람이 기절해 있다면 외부에서 쉽게 열 수 있는 차가 얼마나 있을까 의문입니다.?다른 논점 다 제외하고요.,반색I모델3I경기,2020-12-12 05:04:00
538996,222그래서 사고나면 문을 절단기로 자르잖아요.,오늘부터ㅣ쏘울ㅣ인천,2020-12-12 05:07:00
538996,아 그렇군요~,이안I코나l양주,2020-12-12 05:10:00
538996,코나나 니로는 내연차기반 전기차라 문개방이 수월할겁니다 사고로 충격 받으면 문 잘열립니다 실제경험 이게좋은것인지 모르겠네요 테슬라는 통합제어 시스템이라 문이 쉽게 열리지 않을수 있습니다 도난방지나 보안 이유로,멀더l코나l안산,2020-12-12 05:06:00
538996,인명구조와 도난방지 중에 당연히 전자겠죠.,이안I코나l양주,2020-12-12 05:12:00
538996,우리나라야 그렇게 얘기할 수 있지만..다른 나라 사정은 다를꺼 같아요..도난 당했는데 사고 나서 죽는거 보단 낫잖아?라고 할순 없죠..사고 비율보다 도난 비율이 워낙 높으니까요..,반색I모델3I경기,2020-12-12 05:15:00
538996,"충돌로 앞휀다 밀리고 1열문 찌그러져서 못연거에요. 장비로 1열 일부 프레임 찢고 약간 벌린 다음 2열 팔콘윙도어 연거임. 사고시 락은 풀리게 되어있음. - 요건 여러 차종이 비슷할거 같기는 한데 설명서 보세요. 테슬라도 설명서에 나오는 내용이라.. 테슬라는 사고시 락풀리고, 고전압 불가능하게 만듭니다. 간섭만 없다면 12V살아있어서 외부 버튼 누르면 열려요. 충돌테스트후 문 작동하는 영상도 있고.. 조작 실수로 개천에 빠져서 가라앉다가 모든문이 자동으로 열리는 영상도 있고..(침수시엔 자동으로 열린다네요)",노틸러스I니로MXI서울,2020-12-12 06:04:00
538996,불타는 사진 봤는데 너무 무섭더라고요,바둥I미정I전남,2020-12-12 06:45:00
538996,화재가 제일 무서운것 같습니다,대표이사I레이I서울,2020-12-12 07:30:00
538996,이건 전자제어나 뭘떠나서 차가 찌그러져서 문이 안열린거에요. 어떤차든 해당되는 이야기입니다.,말용이 I 모델3 I일산,2020-12-12 07:51:00
538996,외캐치가 돌출임 어찌 시도는 해 볼건데 국산전기차는 아직은 외캐치가 돌출이라 외부서 그거 잡고 힘으로 당길수 있으닝 기회는 더 있죠 저도 앞차 사고시 그거 잡고 강제로 열어서 사람 구조 했거든요,유강호I쏘부EVI일산,2020-12-12 08:09:00
538996,사고로 인해 문짝이 파손되서 안열리는 경우 많죠. 이럴땐 절단기로 문짝을 짜르고 인명 구조합니다. 근데 이번 사고 현장은 신속하게 절단기도 안쓰고 어딜 짤라야 할지도 모르고 팔콘윙 도어라 어리버리 하다가 골든타임을 놓친게 아닐까라는 생각이 듭니다.,빠르쉐I타이칸I경기,2020-12-12 08:09:00
538996,테슬라 외부에서 문 여는 방식이나 내부에서 여는 방식이 좀 독특하고 다르죠. 미국 소방관은 테슬라 차량 사고시 구조방법 교육 있다고 들었습니다. 우리나라도 차량이 많아지면 시행되겠죠. 암튼 이번 사고는 재수가 정말 없네요. 하필 지하주차장에 하필 차주가 정신 잃고 하필 문이 안열리고. 안타깝습니다.,멋진이글l모델3I경기,2020-12-12 08:25:00
538996,테슬라 모델 S/X 바깥 손잡이가 전동식이라 배터리 오프되면 작동이 안되요. 그립형태로 된 손잡이는 기계식이라 배터리 나가도 열수 있구요.열쇠로 여는 현관문과 도어락 현관문 차이라고 보시면 되요.,자네I양재,2020-12-17 18:07:00
538990,동의했습니다,탐나라I코나I제주,2020-12-12 02:08:00
538990,동의완료했어요,해태ㅣ코나EVㅣ천안,2020-12-12 02:44:00
538990,동의합니다~!!,비행발바리l코나l인천,2020-12-12 04:28:00
538990,동의했습니다.,오리발 코나ev의왕,2020-12-12 04:34:00
538990,동의 했습니다,오뎅I코나evI성남,2020-12-12 05:02:00
538990,동의했습니다..,타미니I코나I대전,2020-12-12 05:56:00
538990,동의했습니다~홧팅요,포커스l코나l경기,2020-12-12 06:17:00
538990,동의했습니다,스바루I볼트EVI울산,2020-12-12 06:18:00
538990,동의했어요,사출인i코나i일산,2020-12-12 06:24:00
538990,동의 했습니다,도솔봉I코나I광양,2020-12-12 07:03:00
538990,동의했네요,농민코나전남영광,2020-12-12 07:08:00
538990,동의했습니다,놀던병아리 코나 서울,2020-12-12 07:15:00
538990,동의했습니다,찬이슬l니로l경기,2020-12-12 07:30:00
538990,동의합니다 ~~,코나EV 경남 김해,2020-12-12 07:33:00
538990,동의합니다,산봉우리Ism3I아산,2020-12-12 08:19:00
538990,동의했습니다.,석삼빛l코나l거제,2020-12-12 08:36:00
538990,동의했습니다.,연생2I코나I인천,2020-12-12 08:50:00
538990,동의했습니다,데미샘계곡I코나I진안,2020-12-12 08:50:00
538990,동의했습니다,릴리88I코나I인천,2020-12-12 08:55:00
538990,동의했습니다,챨스 코나112 대구,2020-12-12 08:55:00
538990,동의했습니다,뿌뿌l코나evl당진,2020-12-12 09:12:00
538990,동의했어요,철강왕ㅣ코나ㅣ청주,2020-12-12 09:54:00
538990,저도 동의했지만서도...언론방송사 기자들 불러다 현대본사앞에서 코나차주들 릴레이시위가 젤 나을거같아요~,미제I볼트I원주,2020-12-12 10:33:00
538990,동의했습니다.,둥글둥글I코나I제주,2020-12-12 13:13:00
538990,동의합니다,울라l대전,2020-12-12 13:30:00
538990,동의했습니다,넵툰ㅣ코나ㅣ경기,2020-12-12 14:54:00
538990,동의 했습니다,붐붐차차lKONAl양주,2020-12-12 15:51:00
538990,동의했습니다.,보리빵I니로I경남,2020-12-12 16:45:00
538990,동의합니다,키키I코나I전남,2020-12-12 16:54:00
538990,동의 했습니다,초로인생I코나I대구,2020-12-12 18:11:00
538990,동의했어요.,꼬꼬찡I코나EVI울산,2020-12-13 01:43:00
538990,저도 동의 했습니다,윤수앤서윤I코나I원주,2020-12-13 02:23:00
538990,동의했습니다,헬로 코나 전주,2020-12-13 13:56:00
538990,동의했어요,켈리I코나I전북,2020-12-13 20:58:00
538990,동의완료했어요,밍밍l코나l일산,2020-12-14 10:00:00
538990,동의했습니다,쇠뿔이생거진천,2020-12-14 17:29:00
538990,동의했어요,설레임1코나1시흥,2020-12-15 00:58:00
538990,동의했습니다,크림빵I코나I서울,2020-12-15 12:40:00
538990,동의했습니다. 참여인원이 너무 적네요ㅠㅠ,대전II새로운미래,2020-12-16 11:48:00
538990,동의했습니다,너랑나랑,2020-12-16 20:44:00
538990,했습니다!,l코나전기evl대구,2020-12-20 12:05:00
538712,지금 문제가 되고 연식들 처럼 2~3년 후에 문제발생시 책임 소재가 고객으로 전가 될 수 있답니다;;저도 너무 받기 싫은데 책임이라는 말에 해달라고 했어요..,비몰사I코나I인천,2020-12-11 14:14:00
538712,저도 고객책임으로 떠넘길까봐...걱정이네요 시간내서 다시 또 블루핸즈 가야되나 싶네요;;;,궁민l코나l전북,2020-12-11 14:29:00
538712,저는 2019년12월에 차량을 구매하여 타고있는 코나차주 입니다 지난주 월요일에 블루핸즈 가서 업데이트랑 배터리 리콜 받고왔는데 bms리콜은 뭔가요ㅠㅠ?,코나와누리I코나I대전,2020-12-11 15:01:00
538712,리콜 통지서엔 대상이 아니면 책임을 전가할수 없죠... 대상이 아니여서 bms 업데이트 리콜을 안받은건데요.. 리콜대상이 아닌데 bms 업데이트를 한다? 뭔가 숨기는게 있는게 아닐까요?,바보l코나l서산,2020-12-11 20:30:00
538598,그러게유저도 오늘 맡기고딜리버리 시켰어요,행복한부자I코나I세종,2020-12-11 10:11:00
538598,전 연차라 그냥왔어요 딜리버리는 다음에... ㅎ 같은달에 차출고하신분도 오셔서 이런저런얘기 나누는중요 같이 벽돌한번씩 되었네유 사이좋게 ㅡㅡ,블랑카I코나I양산,2020-12-11 10:16:00
538598,여지껏 받을 거 다 받으셨거 거에요?,프리오l코나l용인,2020-12-11 10:59:00
538598,네 호구처럼 거의 다 받은거 같네요 1년차 2년차 점검받으며 겸사겸사... 불날때까지 받지말걸 그랬나요? 내일도 장거리뛸거라 브레이크시스텀 리콜 받으러... ㅡㅡ,블랑카I코나I양산,2020-12-11 11:01:00
538598,저는 BMS리콜 받았는데 한 번 더 오라는 거 안갔거든요. 10분 추가 한다고 했었는데 이거 추가하고 브레이크리콜 추가하는 거면 몇 분걸릴지 ㅋ 파란손에서 헤매면 2시간도 걸릴듯 하네요 ㅎ 저번에 어설프게 했던거 지우고 다시 하려나 ㅎ,프리오l코나l용인,2020-12-11 11:02:00
538598,다른글보니 10분로직 조금줄어드는 업데이트라던데... 브레이크시스템말고 bms업데이트는 뭔지는 구처적인 설명은 안해주네요,블랑카I코나I양산,2020-12-11 11:03:00
538598,땜질인듯합니다. 최근 코나차량에도 적용해불고요,프리오l코나l용인,2020-12-11 11:04:00
538598,그러게요 개인적으론 인명피해없이 20년3월이후차량이나 업데이트받은 이전차량에서 화재가 나야 될것같네요... 이사태의 끝을 볼려면,블랑카I코나I양산,2020-12-11 11:06:00
538598,"예, 저도 같은 생각입니다. 그래야 전량 통교체로 갈듯요^^ 인명피해 없고 건물 화재 없이 깔끔하게요~ 아, 화재차량에 노트북이나 아이패드, 계약이 체결된 중요서류가방 등등도 없어야겠네요 ㅎ",프리오l코나l용인,2020-12-11 11:09:00
538598,전 텐트등ㅈ캠핑장비 항시 가지고 다녔는데 세컨카로 다 옮겼어요 ㅡㅡ,블랑카I코나I양산,2020-12-11 11:10:00
538598,,프리오l코나l용인,2020-12-11 11:11:00
538268,좋은 정보 감사합니다.,송죽I코나I전남,2020-12-10 13:32:00
538268,"저도 오늘 브레이크 리콜 받으면서 bms리콜을 받으라고 하더라구요..10분 로직을 3분으로 줄인다는건데... 20년 3월이후 차량은 10분 로직이 원래 없는게 아니였나요?블루핸즈도, 현대자동차고객센터에서도 정확히는 모르고 있더라구요",출동I코나I대전,2020-12-10 13:33:00
538268,"저도 말씀하신 부분이 이해가 안갑니다. 업데이트 내용으로 보면 화재 bms업데이트 후속조치인데, 왜 전차량 대상으로 bms 업데이트를 필수로 하는지;;",비몰사I코나I인천,2020-12-10 13:38:00
538268,아무리 얘기해도 모르시더라구요...bms리콜대상이 아닌 차는 10분 로직 자체가 없었는데..... 10분로직을 3분으로 줄이는거라 모든 차량에 해당이 된다다고만 하니요..제차는 10분 로직이 원래부터 없었다고 해도.. 더 이상은 모르는듯해요... 저는 일단 브레이크관련 업데이트만 하고왔어요 ..,출동I코나I대전,2020-12-10 13:41:00
538268,"어 저도 방금전화해서 글을 남겼는데, 제가 적은 글이랑 같은 내용인 것 같아요^^좋은 정보 감사합니다.",짜스l코나l대구,2020-12-10 13:42:00
538268,참고로 제경험상 블루핸즈 직원들은 우리회원들보다 코나전기차에 대해서 훨씬 모릅니다...물어봐야 그들은 몰라요... 지침내려온대로만 앵무새처럼 대답하죠....,전기밥차I코나I부산,2020-12-10 17:19:00
538192,코나는 미적미적 테슬라 구세주 등장인가요? 돌아가신 분 안타깝네요,쏭윤이I코나I전북,2020-12-10 10:11:00
538192,코나는 급발진 한대도 없는데 ㅎ ㅎ ㅎ ㅎ 없는거야? 숨긴거야? 감춘거야? 속인거야?,리마틴ll레이EVll김해,2020-12-10 10:11:00
538192,원래 독일 3사 급발진주장 소보원 자료도..비율로보면 현기가 젤 적은,소닉 l오닉I아산,2020-12-10 10:19:00
538192,X가 유난히 급발진 이슈가 제일 많은 차종중에 하나 입니다,잔디EV일산,2020-12-11 22:06:00
538192,와 저 밑에 소화기 포 쌓인거보니 헐 전기차 겁남,상계도인l이트론l부산,2020-12-10 10:17:00
538192,올께 인듯 싶네요 예전 부터 급발진 이야기 많았는데 안타깝습니다,아이조아I서울,2020-12-10 10:18:00
538192,앞에 다 먹었네요 ㅎㄷㄷ 엄청 쎄게 박았네요 ㅠㅠ,수녕군IM3I서울,2020-12-10 10:52:00
538192,대리기사라..... 어디 박기만 하면 무조건 급발진이라고 우기는게 당연시되는듯.....,전기밥차I코나I부산,2020-12-10 10:54:00
538192,맞아요 전기차 모르는 대리기사가 그냥 세리박은거로 보이네요,붕어아빠현 니로ev,2020-12-10 21:09:00
538192,모델x도 사실 제로백만 보면 고성능축에 속하는데 대리기사분이 그런차들을 많이 운전을 안해본상태에서 엑셀 살짝밟았다가 확튀어나가서 놀래서 이런사고가 난거 아닐까라는 생각도 조금 들기는 하는데.... 만약 정말 급발진이면 무섭네요 ㄷㄷ...,디데드ㅣ봉고ㅣ대구,2020-12-10 11:06:00
538192,운전을 하고 주차장까지 왔잔아요 ㅡㅡ,용인 바다속으로,2020-12-10 11:40:00
538192,ㅇㅋ,디데드ㅣ봉고ㅣ대구,2020-12-10 14:55:00
538192,고인의 명목을 빕니다.,냥이멍멍I테슬라I미국,2020-12-10 11:14:00
538192,어휴 여기도 테슬라 쉴드들이..,morgan8274,2020-12-10 11:47:00
538192,"다들 차받고 놀랜 경험들이 있어서입니다.제로백 2초대 악셀 익숙해지는데 한달걸렸습니다.원패달,크루즈 특성때문에 사고날뻔한적도 한두번 있고. 테슬라 차주들 ‘이거 대리 맏겼다가 사고날수 있겠다’ 하는생각 한번쯤은 하니까요.",넴오넴I모델XI시흥,2020-12-10 19:37:00
538192,굿 정답입니다,붕어아빠현 니로ev,2020-12-10 21:10:00
538192,테슬라 쉴드가 아니라 X가 유난히 급발진 이슈가 많은 기종중에 하나 입니다 전기차 급발진은 아마도 전자파 때문에 그럴 수 있어요 전기차로 지금 출시한 전차종 입니다 전기차는 전자파가 제일 무섭죠,잔디EV일산,2020-12-11 22:09:00
538192,"너무 안타깝네요. 저는 왜 사망자가 나왔을까 싶었는데, 전자제어가 안되어 문을 못 열었다니 ㅠㅠ 삼가고인의 명복을 빕니다.",재둥I아이페이스I서울,2020-12-11 02:10:00
538192,급발진? 세게 가속기 밟으면 급발진 되더라고요,멜론마스크MX,2020-12-11 07:30:00
538061,강제80%로요? 겨울이라 온도낮아져서 그런거아닌가요?,뿌뿌l코나evl당진,2020-12-09 22:14:00
538061,원래 70프로에서 80프로쯔음 속도 낮춥니다. 배터리 보호상... 저두 리콜 대상아닌데 원래 그랬습니다 ^^; 리콜대상이신분들은 말도안되는 화재감시라고 시간당 1kw속도로 10분점검로직이 들어갔지... 리콜대상아니신분은 점검로직이 아니라 원래 그 퍼센트 즈음 속도 10~20kw 속도로 낮춰서 천천히 충전합니다.,바보l코나l서산,2020-12-09 22:21:00
538061,머리가 아프네요...,물고기l 코나ev l청주,2020-12-21 05:53:00
537996,속고 또 속는 인생 ^^저는 현기에 맘이 이미 떠나버렸네요 ㅋㅋ,올리버I니로I대전,2020-12-09 17:57:00
537996,속아도 어쩔수 없이 예약 한 일인 이네요,아이조아I서울,2020-12-09 18:03:00
537996,국내에 관련법만 강력해도 이러지 못할건데 이건 뭐 기업이 갑이다 보니..ㅋ,바당보름I코나I제주,2020-12-09 18:58:00
537996,그래서 뭘 살까요? 답을 주고 이런 소리들을 해야지요쉐보레를 사요? 르삼? 쌍용? 왜 이 브랜드들이 안팔리는지 잘 알고 있을텐데요비싼 수입차 안사고 싶어서 안사는게 아니에요 수입차라고 더 낫다고 할 곳도 드물긴 하지만...그냥 걸어다니는게 제일 속 편할겁니다 ㅋㅋ,일지매I아이오닉I경남,2020-12-09 19:45:00
537996,뭘 살지 대답을 못하면 불나가 코나 됩니까?? ㅋㅋ 웃기는 논리군요.,로로l코나l하남미사,2020-12-09 19:48:00
537996,코나는 코나지 불나는 뭐에요 ㅋㅋ,일지매I아이오닉I경남,2020-12-09 19:53:00
537996,근데 10년전에도 15년전에도 이랬습니다. 새차나오면 그새 모든것을 잊고 그래도 현대차지 하면서 사는 사람이 있는지라 앞으로도 별반 나아질게 없지않겠나 생각합니다.,분주한호랑I볼트I서울,2020-12-09 19:51:00
537996,반대로 생각해봅시다.10년 15년전에도 그랬는데 왜 경쟁사들은 지금도 그 모양 인지를요.소비자를 탓하는데 저는 경쟁사들이 의지가 없으니 그 모양이라고 생각합니다.,일지매I아이오닉I경남,2020-12-09 19:55:00
537996,"경쟁사 어디를 얘기하는지 모르겠습니다만, 저는 싸구려 외제차 두대 굴리는데 현기보다는 모든 면에서 만족하고 삽니다. 다시 반대로 생각해봅시다. 10년 15년전에 국내소비자들 잘 챙겨줬다면 지금같이 현기 싫다는 부동층의 안티가 생겼겠습니까? 지금 게시판에 코나 소비자들 울분이 안보입니까요? 그럼에도 불구하고 국산 애용하자는 사람들 덕분에 현기가 소비자들 목소리 귀 기울이지 않는거 아닌가 싶습니다.",분주한호랑I볼트I서울,2020-12-09 20:03:00
537996,"제가 드리고 싶은 말씀은, 현기 버릇을 단단히 고쳐서 국내소비자들 무시하지 않게 했음 좋겠는데 현실적으로 어렵다 이 얘길 하고싶었습니다.",분주한호랑I볼트I서울,2020-12-09 20:04:00
537996,님 댓글이 소비자들 탓이라고 하는걸로 느껴져서 경쟁사들 말한건데 다른 말을 하시네 ㅋㅋ그리고 저는 코나 오너분들은 울분을 토하는건 이해는 해요 근데 똑같은 문제의 볼트 오너분들은 울분이 없는게 참 희안하다고 생각하고 있습니다.,일지매I아이오닉I경남,2020-12-09 20:09:00
537996,볼트는 아직까지 문제 분석중이고 임시적인 방편의 충전량 줄이라는 것인거 저보다 더 잘 알것이고... 볼트야 국내에서 현재까지는 배터리관련 불편사항이 없었으니 당연히 지금은 가만히 있어야지 어쩌겠습니까? 원인 분석 후에 제대로 된 리콜을 안해주면 님께서 걱정안해도 알아서들 날고기겠지요.,분주한호랑I볼트I서울,2020-12-09 20:20:00
537996,문제 분석중이라... 그건 아닌거 같은데요?문제 분석중이라서 충전량을 줄이나요? 완충하면 화재위험이 있다. 이미 원인이 나온거 아닌가 싶은데요?문제 분석 중이니 가만있으신다? 제 생각은 그냥 분위기가 그러니 가만있는걸로 보입니다.코나 처럼 이렇게 저렇게 사람들이 말들이 많으면 가만있지 않죠.너도 나도 현대까는 분위기가 만들어지니 오너도 아닌 님도 와서 이렇게 한마디 하는거 아닌가 싶은데 말입니다.아무도 안하니 나도 안하게된다 이게 저는 현실적인 대답 같습니다.,일지매I아이오닉I경남,2020-12-09 20:47:00
537996,"일단 현대 까서 굉장히 기분이 안좋으셨나보네요. 너도 나도 현대까는데 왜 그럴까요? 저는 뭐 현기차 안 탄 사람같아 보이시는지요? 10년전 15년전에도 하던 짓을 지금도 하고 있으니 한마디 던졌는데 많이 아프셨나봅니다. 그리고 왜 그리 생각하시는지 모르겠습니다만, 볼트 충전량 줄이래도 이상하게 저는 불만이 없습니다. 아무도 안해서 저도 안하는게 맞다고 생각하셔도 되는데요 지금은 죄송하지만 그럴 필요를 못느낍니다. 쉐비 빠도 아닌데요, 지네들이 뭐라도 먼저 해보겠다고 선제적으로 협조해달라고 하니 그냥 기분이 좋습니다.",분주한호랑I볼트I서울,2020-12-09 20:57:00
537996,저도 쉐보레 타봐서 알아요. 엄청 데이기도 했고 그래서 쉐보레가 왜 그모양인지 오너들이 왜 그러는지도 알고있고...님이 기분이 좋으시다니 뭐라 할 말이 없네요.,일지매I아이오닉I경남,2020-12-09 21:04:00
537996,저는 쉐보레 자체를 인생에서 이번 4월부터 볼트를 렌트하면서 처음 타봅니다. 쉐보레 타는 사람들이 무슨 분위기인지 잘 모르겠는데요? 시간 지나면 쉐비 안티가 될 지도 모르겠네요. 정비사업소 분위기 보고 굉장히 실망은 했습니다.,분주한호랑I볼트I서울,2020-12-09 21:15:00
537996,"저는 아이오닉타다 팔고 코나 2대 사서 쓰고 있는데 지금까지도 매우 만족하면서 쓰고 있습니다.총판매량 6만대중에 15대 정도가 화재로 소실된걸로 알고 있는데 이는 0.025퍼센트 입니다. 0.025%.....여기에 부정적인 글 올리시는 분들은 전부 불편을 겪고 올리시는 분들이실까요? 아니면 잠재적인 불편가능성 때문에 성토하시는 건가요?벽돌되면 배터리 새제품으로 교체해주고 있고, 그렇게 하기 위한 사전점검 차원의 리콜이었던걸로 알고 있는데 제가 잘못알고 있는걸까요?이번 브레이크 점검리콜도 한번의 사고사례로 전체 차량을 점검해준다는건데 지엠처럼 아예 눈귀입 닫고 뭉쓰면 욕을 덜먹었을까요?어느 공산품이 완전한 제품이 있겠습니까? 집에 놓아두는 냉장고, tv도 1년내에 고장나는 경우가 수두룩한데 지속적으로 충격을 받는 자동차는 더 하지 않을 까요?마루타다 베타테스터다 말들 많은데 그런 비판에 자유로울수 있는 자동차회사가 있을까요?개선을 위한 비판이나 지적은 필요하지만 생각없이 던지는 몇몇 악담수준의 글들을 보면 좀 그렇습니다.태국이나 베트남처럼 자국메이커 없이 일본차 일색이면 일제수입차 타서 좋아하실러나.",밴더스I코나I제주,2020-12-09 21:05:00
537996,자동차 회사들 거기서 거기.....릴렉스 하세요....,티렉스l볼트l양산,2020-12-09 21:29:00
537996,대한민국에서는 다 필요 없습니다.인테리어 멋있게 하고 통풍시트에 열선핸들 하나 넣어주면 다른건 쳐다도 안보고 계약할껍니다.,말용이 I 모델3 I일산,2020-12-09 21:30:00
537996,,티렉스l볼트l양산,2020-12-09 21:56:00
537996,개인적으로 코나 불만거의 없이 타고 있는데 분위기가 타도 현기를 조장하네요. 현까가 국민 스포츠라는데.. 그럼 3000만원으로 반자율 어느정도되고 450~500키로 충분히 가는 전기차를 살수 있을까요? 현대가 하는짓이 진짜 얄밉긴 한데 돈에 제약이 있는한 딱히 더 좋은 대안도 잘 없는게 현실인듯 한데요.,미키빠덜ㅣ코나ㅣ부산,2020-12-09 22:50:00
537996,쉐보레 아무리 개판쳐도 현기 발끝도못따라갑니다현기는 종 자체가 다릅니다,코넬리l모델3l김해,2020-12-09 23:59:00
537996,"대기업이 주는 돈을 받아먹을려면 기사도 좋게 써주고, 처벌도 솜방망이 레몬법은 있으나 마나한.. 나라자체가 기업편임 대선 때만 국민국민 지껄이기나 하지..",만두 l 니로EV l 성남,2020-12-21 15:11:00
537789,수고하셨습니다.역시 제 예상대로 fail-safe logic 이 없었네요. 이제 소비자를 *무시하면서 장사하는군요.,션I코나I인천,2020-12-09 09:58:00
537789,고생하셨습니다. 정말 급하니까 막 만드는군요,로젠l코나l전북,2020-12-09 09:59:00
537789,수고하셨습니다~,불티나 I 코나 I 부산,2020-12-09 10:22:00
537789,이건 제조사만 알 수 있는 사항인데 그럼 코나EV출시 이후 브레이크계통 이상시 감지할 수 있는 방법이 없다는거 아닌가요? 그러면 그동한 코나EV 전방추돌사고 같은 것은 다 다시 조사해 봐야 하는거 아닌가 모르겠습니다.,초심으로I오닉I서울,2020-12-09 10:26:00
537789,현*는 아무리 생각해봐도....다시는 안살려고요.,미친푸우ㅣ코나ㅣ서울,2020-12-09 10:29:00
537789,그게 정답인 듯..,블랙쿱I코나l경기,2020-12-09 10:40:00
537789,BMW때는 그렇게 열심히 조사하더니...,보라충I모델XI서울,2020-12-09 11:25:00
537789,브레이크 관련에 fail-safe 설계을 안했다고요?말이 안되는데...정말 안했다면 현대가 설계 개념이 없는 것이고....개인적인 생각은 fail-safe 했는데 제대로 작동을 안했겠지 싶네요,파우워I포터I경남,2020-12-09 12:08:00
537789,저도 그 부분이 정말 의심스럽네요.. 현대차가 동네 구멍가게도 아닌데어느차엔 하고 어느차엔 안 하고..,블랙쿱I코나l경기,2020-12-09 12:47:00
537789,수고하셨읍니다~~,불독suduk2 코나 충남,2020-12-09 17:30:00
537717,"별명I전기차명I지역 한글별명으로 변경 해주세요. ^-^ 한글별명은 ""별명I보유전기차I지역"" 결합으로 구분은 영문대문자 아이(I)입니다.",아트라스I니모3I울산,2020-12-09 01:50:00
537717,반갑습니다,냥이멍멍I테슬라I미국,2020-12-09 08:29:00
537717,반갑습니다~,닉스 I I 서울,2020-12-09 09:45:00
537717,환영해요,대학생I모델3I김포,2020-12-09 10:13:00
537717,안녕하세요,짱조아일렉I강원,2020-12-09 12:07:00
537717,안녕하세용,대충I코나I팔랑구,2020-12-09 15:50:00
537717,반갑습니다.,히딩코IEV ZI서울,2020-12-09 17:38:00
537679,같은 시기에 lg 배터리를 쓴 볼트도 리콜 대기중입니다,구민I코나evI대전,2020-12-08 22:40:00
537679,검색을 해보아도 불이난건 현대차만 나오는듯 하여 질문 올립니다 감사합니다,가아치i쏘울i창원,2020-12-08 22:40:00
537679,같은시기에 나온 니로는 스크베터리라 아직 문제가 안나오는것 같아요. 엘지가 기준으로는 스크보다 앞선 순위인데 결함이나 불나는건 잘나간다고 장담허긴 어려운듯요.,노반장I니로I경기,2020-12-08 22:51:00
537679,중국에는 폭팔 화제 있습니다. 보도가 잘안되서그러지요 ^^,아띠야ㅣE TRONㅣ배곧,2020-12-08 23:16:00
537679,bmw도 그래요..,아라크네I경기,2020-12-08 23:26:00
537679,테슬라도 모델s 화재사고 꽤 잇엇어요 볼트도 몆건 잇어서 리콜들어갓구요 중국전기차도 폭발에 화재에 난리엿는데 이제좀 안정화가 되는건지 언론에 안나오는건지...,재이아빠l코나l화성,2020-12-08 23:42:00
537679,초창기에 좀 있었고 크게 충돌사고로 화재난 경우말고 주차후나 충전중 자연발화된 경우는 중국에서 한건 있었고(그것도 아주 구형모델) 그 때 소프트웨어 업데이트를 시행했고 그 이후에 자연발화된 경우는 없는걸로 알고 있습니다.,블루I모델SI서울,2020-12-09 06:48:00
537679,모던 전기차는 불이 난다는 사실이네요..달리는 폭탄 ..20년전 한국에는 오토바이에 엘피지통싵고다니면서 배달했죠어너 왜국인이보고 폭탄을 실고다닌다는 속설이 있어서요..,하마 코나 경북 김천,2020-12-09 02:02:00
537679,"테슬라가 전기차 선구자인 만큼 먼저 불얘기 나왔습니다. 근데 소프트웨어 무선 업그레이드로 화재사건 없애버렸죠.볼트는 리콜 들어갔고..중국쪽은 워낙 전기차메이커가 많아서 ㅋㅋ 개나 소나 다 전기차만들어서 그럴수있구요.현대차는 지네가 일을 좀 많이 키웠죠. 한두대 불났을때 그떄 잘 해결했으면 됐는데 열몇대가 불이 나도 별 대책안하다 일이 커지니 이제서야 허둥지둥, 차 벽돌되게 만들고 그러니깐 대책이 미흡하니깐 뉴스에도 나오고 문제가 많죠. 심지어 아직 해결도 못했는데 브레이크결함 결국 리콜들어가고.결국 현대만 얘기가 나오는건 차량을 대충만들었는데, 문제가 생기고 있는데도 냅뒀다가 결국 문제가 폭발한 꼴입니다.",밴쿠버l모델3l홍길동,2020-12-09 02:53:00
537660,현토부면 소용없지 않을가요. 레몬법도 시행 못하는데,크리스l오닉x2l경기,2020-12-08 22:13:00
537660,공중의 안전에 심각한 위험을 끼친다는것을 사용자가 입증해야 한다는게 함정,늑대바람I코나I용인,2020-12-09 00:22:00
537660,31조 3항은??,추워요ISM3I대전,2020-12-09 08:20:00
537597,분통이 터지네요.아주그냥...,불티나 I 코나 I 부산,2020-12-08 20:16:00
537597,소송 걸렸지 실드쳐주던 장관 옷 벗었지 리콜 시켰지 이 사단 속에서도 돈 벌 궁리만 하는 현대와 자기 주머니 털리는데도 좋아하는 분들.... 분통 터지네요,쏭윤이I코나I전북,2020-12-08 20:26:00
537597,현대 옹호할 생각은 없는데 실구매가의 75%라고 되있네요. 즉 구입시점 보조금 차감액으로 계산하는게 맞아요. 단 중고가 보장도 상한치라서 다양한 감가요인으로 실제 그 금액보상받기는 어려울것 같은게 문제입니다. 추가로 차량 신규구입에따른 불필요한 취등록세가 발생하는데 그걸 차값에서 빼주는 형태로 지원해줘야 한다고 봅니다.,미키빠덜ㅣ코나ㅣ부산,2020-12-08 20:34:00
537597,제 생각은 조금 다릅니다. 보조금은 현대가 그냥 받아간 돈이 되는거죠..보조금 국가 반납에 출고가 75%라면 인정합니다...,미래소년ㅣ코나ㅣ대구,2020-12-09 20:53:00
537597,절대 손해 안보는 넘들입니다..,흰둥이I코나I경기,2020-12-08 20:43:00
537597,실구매가의 75%. 즉 국민의 세금으로 지급된 배터리는 현대차가 그냥 꿀꺽인거겠죠. 국가에 귀속시키거나 하는건 없는거겠죠? 이해가 안 갑니다... 회사 이미지를 스스로 깎아먹는 듯.,noral코나evl경기,2020-12-08 20:54:00
537597,헐~~~ 흉기차,붐붐차차lKONAl양주,2020-12-08 22:09:00
537597,현대가 중고차 가격보증 이라고 내세우며 코나 중고차 가격을 더 후려치고 있네요. 코나 유저는 두번 죽으라는거죠... 베타테스터에 중고차 가격하락까지...왜 지들이 쓸데없이 보증 요율을 내세우며 중고차 가격하락을 부축이고 있는지 도무지 이해가 안갑니다.,근육이IKEI서울,2020-12-09 00:01:00
537444,화재관련 건은 리콜이 아니죠. 리콜이라함은 불량발생 인자를 제거하는 수리를 말하는건데 불량발생 모니터링 sw만 심고 끝. 벽돌될수도 있으니 발생하면 고쳐줄께. 그것도 완벽하진 않어 또 벽돌 될수도 있어. 그때 또 보자.,드로뜨I니로I시흥,2020-12-08 15:20:00
537444,네 참 부족한 대처입니다,재이아빠l코나l화성,2020-12-08 15:21:00
537444,현대차에 문의하니 공지 내려온것도 없다고 하네요. 국토부에서 리콜한다는데 현대차는 아직 준비가 안되어 있는것 같네요,구르마I코나I마산,2020-12-08 16:02:00
537444,국토부에서 현대자동차에 리콜명령을 한상태이고 현대차에서 리콜을 고객들에게 통지한후 리콜이 시작되는것 같아요,재이아빠l코나l화성,2020-12-08 16:03:00
537444,방금 문자왓네요,재이아빠l코나l화성,2020-12-08 16:31:00
537444,제가 전기차만 2대째입니다일단 자기가.타는차가 제일좋은차인데여기에 코나.볼트글을 올린적이 있는데엄청 욕을 먹었죠다시한번까는건 아니고 경험담 글을 올리겠습니다코나 화재와 관련해서 충전량 조절 완충 이런리콜 다개뻥입니다니로.볼트.테슬라<뒷범퍼손> 충전시 본넷에 손올려보세요코나가 불이나는이유가 있어요코나충전시 충전소리 엄청큽니다본넷도 뜨거워지죠리콜한차도 마찬가지 입니다니로.테슬라 .볼트 미세한소리만나고본넷도 차가워요결론은 리콜해도 불이난다는거죠,최치수I니로I경기,2020-12-08 17:48:00
537173,내연차랑 충방전 사이클이 다르다네요. 주차중에 블랙박스 사용하면 내연차대비 몇배로 혹사 당한대요.,치일라I코나I구리,2020-12-07 21:34:00
537173,저도 좀 이상한게... 전기차에 보조배터리가 왜 있는지를 모르겠어요. 무게만 늘어나게...,말용이 I 모델3 I일산,2020-12-07 21:35:00
537173,테슬라는 보조배터리가 있어야 메인배터리 및 기기들을 완전 off 시켜서 배터리 아낄수잇습니다.....보조배터리론 앱 호출 받아야하고...등등^^,수녕군IM3I서울,2020-12-07 22:02:00
537173,12볼트로 구동가능한 전장들쓰려고 400볼트 배터리 전압을 낮춰서 쓰는게 더 손해니까요 효율도 떨어지고 인버터도 있어야할껍니다. 당분간 보조배터리는 필수라고 보어요.그것보다 관리가 안되는 코나문제라고 보입니다. 볼트에 블랙박스 상시주차 3일이상해도 멀쩡하거든요...,e카운티I볼트I수원,2020-12-07 22:06:00
537173,인버터는 아니고 컨버터일껍니다. 근데 보조배터리가 없어도 어차피 12볼트 사용때문에 컨버터는 있어야할텐데 굳이 나누는게 이해가 안되서요. 모 효율때문에 그런거라면 보조배터리 전압은 항상 체크되고 있을텐데 전압이 낮아지면 메인배터리에서 충전할수있도록 해야 되는게 맞다고 생각이 듭니다.,말용이 I 모델3 I일산,2020-12-07 22:10:00
537173,테슬라는 없는댕 웃기쥬 -_-;,곰탱l코나l안양,2020-12-07 21:37:00
537173,테슬라 보조배터리 있습니당,수녕군IM3I서울,2020-12-07 22:02:00
537173,일단 45a짜리 달아놓은 것 자체가 이해가 안갑니다. agm까지는 바라지도 않고 아반떼처럼 60a짜리만 달려 있었어도 이 정도는 아니었을 겁니다ㅋㅋ 볼트는 agm60 달려 있다네요..,바당보름I코나I제주,2020-12-07 21:50:00
537173,기술력의 한계인지 기존 인프라 구축에 따른 어쩔수 없는 구조적인 한계인지 아리까리 하네요,친환경I쏘울꼬나I진천,2020-12-07 21:54:00
537173,원가 절감으로 배터리 암페어가 작은 거 달아서 그래요~ 이번 리콜이후 고압배터리 감시에 블박 트니 사망하는듯,쏭윤이I코나I전북,2020-12-07 22:18:00
537173,그냥 원가절감입니다. 이거 말고 없습니다. 배터리교체할때 45ah에 사장님들 놀라자빠지세요,이브이I코나I광주,2020-12-07 22:23:00
537173,최대한 저렴한 저용량 배터리 창작이라 그렇죠현기차는 특기입니다.단 공간은 만들어 놓았기에 한단게 높은 배터리는 유저가 사달게 해주는 배려는 있습니다. ㅠ(아마 수출용은 배터리 용량 크게 달려고 한 것이겠지만요),파우워I포터I경남,2020-12-08 05:52:00
537001,요즈음은 어지간하면 충전기 자체에 케이블이 붙어 있을텐데요.... 충전기 사진을 찍어 올려보시면 더 구체적인 답변을 받을 수 있습니다,제대로I볼트I경주,2020-12-07 13:28:00
536863,일단 코나처럼 수십대가 불타진 않아서 조용한듯 합니다,사막여우bolt ev 군산,2020-12-07 06:51:00
536863,그렇군요 오너분으로써 불안하시겠어요,저스티스Ie2008I김포,2020-12-08 15:57:00
536863,코나 리콜과는 다르게 단순히 충전 상한선을 제한하는거라 이번 리콜만 가지고 벽돌이 될 이유는 없습니다.,한테l볼트I용인,2020-12-07 07:22:00
536863,코나랑은 경우가 다르군요,저스티스Ie2008I김포,2020-12-08 15:57:00
536863,국내화재없고 벽돌현상이 없고 1월에 충전상한이 없는 방법으로 최종리콜할테니 지금은 임시로 그렇게 써라 해서 조용한거 같아요 1월에도 충전제한이면 지금보다는 시끄러워질듯해요,꼬른I볼트I이천,2020-12-07 08:12:00
536863,확실히 오너분들은 관심이 많이 있으신거 같습니다,저스티스Ie2008I김포,2020-12-08 15:58:00
536863,그냥 현대와 쉐보레의 차이죠 쉐보레라 조용한거에요.이번일뿐 아니라 여러가지를 지금까지 보면 그래요 현대기아 이외는 사람들이 관심이 없어서 이슈도 안되고 조용하게 넘어는 편이에요그런 분위기니 오너들도 별 이야기 안하고 하니 뭐...,일지매I아이오닉I경남,2020-12-07 15:18:00
536863,역시 까는맛이 있는 현기 인가요..ㅋㅋ,저스티스Ie2008I김포,2020-12-08 15:58:00
536863,"2017년 6월부터 현재까지 계속 볼텡이 다고 다니고 있는데, 딴건 모르겠고 잔고장 없네요.. 가장 모던한 차 같습니다. 멋은 없어도,,,, 마치 쏘나타처럼",볼텡이ㅣ부산,2020-12-07 16:35:00
536863,전 볼트 외관도 충분히 멋있다고 생각합니다,저스티스Ie2008I김포,2020-12-08 15:59:00
536863,부디 잘 처리되면 좋겠네요,저스티스Ie2008I김포,2020-12-08 15:59:00
536843,오닉5 추천합니다!!헿,초보l니로l옥천,2020-12-07 00:41:00
536843,단독 주택이면 집의 가용 전력에 따라 충전 속도가 결정 되고 배선 상태에 따라 화재의 위험도 발생할수 있기에 보통 7kw급 전력을 한전과 계약해 선을 전용으로 끌어와 씁니다 그땐 전기 공사비 한전 불입금 전용 충전기 구입비 등이 발생합니다전기차는 고장이 발생하지만 않는다면 내연차 대비 유지비가 엄청 적게 들어 갑니다 예를 들어 저 같은 경우는 일년 2만킬로 주행 하고 연료비 약 20만원 보험료 32만원 세금 12만원쯤 들어 갔습니다 그왼 들어간것이 없는데 전기비는 할인 적용 원복되면 더 올라갈수 있습니다 그리고 저런 결과는 집에서 심야 할인 시간에 맞춰 예약 충전했고 보험료는 20년 무사고로 인해 낮은거니 본인 상황에 따라 유지비는 달리 측정될수 있습니다정기적으로 교체 해야 할것은 보조 배터리 타이어와 냉각수 때에 따라선 감속기 오일 정도인데 그것도 차량마다 교체 시점과 기준이 다르니 차량 설명서 참고 하심 되겠습니다 브레이크 패드 같은 것은 회생 제동 적극 이용시 거의 무교환이라고 봐도 되겠고 엔진 오일이나 점화 플러그 팬벨트 이런 내연 기관 필수 교환 부품도 갈 필요 없고요,사막여우bolt ev 군산,2020-12-07 01:16:00
536843,가성비 기준 최고입니다,대구1소박천사,2020-12-07 19:33:00
536843,현기차 추천 안하구요...테슬라 반값 배터리 나오면 그 때 관심가져 보세요.. 코나 리콜 게시판 들어가 보세요..현기차 살 마음이 안 들실겁니다... 지금껏 저는 리콜만 세번입니다...또 브레이크 리콜이라 또 가야 합니다...개인주택이시면 환경부에서 보조금 받고 충전기 설치 하시면 되지요...완속이지만 밤에 꽃아놓고 아침이면 완충되어있습니다...예전에는 백프로 무료였는데..지금은 자부담이 있을겁니다..저는 아파트라 대표랑 실랑이하고 했지만 개인주택이면 편하지요저도 차박을 하지만 유투브에 보면 모델3도 충분히 가능하구요...모델 x 는 차박에 최적이지요..가격이 좀 비싸지요...반값배터리가 나오면 저는 현기 탈출하렵니다...1~2년 안이지요,원호l 코나 I 대구,2020-12-08 18:47:00
536808,"이거확인 안하고 국내기준 500km라고 하시는 분들이 많더라고요. E-GMP 저도 혁신적인 시도라고 보여지지만, 아직 갈길이 먼 것 같고 거기다 마케팅만 하는 것 같아서 아쉽습니다. 정작 필요한 내용(인버터 무게, 가격대) 이 빠졌거든요. 어쨌건 국내기업이 잘 되었으면 바램이고, 코나사건을 통해서 좀더 일신하는 모습 보이길 기원합니다. 안망하려면요 그렇게 해야할 거에요.",CeyI아이오닉EVI수원,2020-12-06 22:34:00
536808,인버터무게가 중요한가요? 10키로도안될것같은데,경기ll포레스타,2020-12-06 22:39:00
536808,인버터 감속기 통합 e-Axle의 경량화는 에너지 효율에 큰 영향을 줍니다. 모델 3와 같이 SiC 모스펫을 사용한다고 하는데 무게가 안나와서 기술적으로 어느정도 혁신을 달성했는지 알 수가 없죠,CeyI아이오닉EVI수원,2020-12-06 22:49:00
536808,Wltp는 뻥전비 측정값...Epa가 그나마 좀 맞고요,너의바램I테슬라I충남,2020-12-06 23:33:00
