post_id,cmt_content,cmt_author,cmt_created_at,cmt_updated_at,cmt_likes
1443993,가격이 어떤지 모르지만 가성비에서는 최고지요,잘타자I아오6I경남,2024-04-21 16:15:00,,
1443993,안그래도 가성비 좋다는 글이 많이 보이네요ㅎ,송림I세종,2024-04-21 18:25:00,,
1443993,신형코나면 추천입니다.,예주l오닉6l인천,2024-04-21 16:27:00,,
1443993,20년식으로 생각중인데 신형도 고려해봐야겠네요;;;,송림I세종,2024-04-21 18:25:00,,
1443993,구형은 이슈가 너무 많고(예전 화재에 이어 며칠전 감전소식까지..) 트렁크와 2열이 너무 좁아서요,예주l오닉6l인천,2024-04-21 18:26:00,,
1443993,구형코나이든 신형코나이든 뒷좌석에 사람이 안탄다면야 크게 문제없다고 생각하지만...뒤좌석에 자주 사람이 탄다면 비추천드리고 싶네요...2열이 너무 좁습니다. 그리고 1세대 코나전기차는 많은 리콜로 안정석으로 운영이 되기는 하지만... 굳이 그걸 중고로 구매하실필요가 있을까 하는 개인적인 생각이고...2세대 코너전기차는 과연 그 금액에... 이 소형차량을 사야될까 하는 생각이 드네요...( 2열이 좁아서요..),싸만IEV6 오닉l서울,2024-04-21 16:32:00,,
1443993,금액이 비싸긴한데;;; 고려해보겠습니다;;,송림I세종,2024-04-21 18:26:00,,
1443993,국내에 400키로 이상 주행거리 전기차의 시작과 같은 모델. 전기차 최초로 누적 30만대. 초기모델인 만큼 문제도 많았지만 이제는 어느정도 안정화 되고있지않나 생각합니다. 소형급이지만 옵션도 풍부하고 중고로는 이만한 가성비가 없지않나 생각합니다.,듀스I코나EVI김해,2024-04-21 16:57:00,,
1443993,네 좋은정보 감사합니다!!,송림I세종,2024-04-21 18:29:00,,
1443993,신형 코나라면 재고차 할인도 알아보세요. 지난 달 말에 작년 9월 이전 생산 차량에 대해 300만원 할인 행사를 하고 있었는데 지금도 남아 있을거에요.,메탈I아산,2024-04-21 19:35:00,,
1441120,"저라면 코나ev 갈거 같습니다 suv랑 세단 취향차이이긴 한데 둘다 괜찮다고 생각하시면 더 좋은 옵션+전기차 유지비(충전비도 그렇지만 엔진오일도 안넣어도 돼서요) 생각해서 코나 추천드리고 싶어요
만약에 아반떼로 간다면 하이브리드 말고 내연기관으로 가서 돈 세이브 할 거 같아여",전기차오너I경기도,2024-04-16 23:31:00,,
1441120,저도 코나ev오너로 말씀드리자면 공간빼고는 아직까지 단점은 없다고 생각해요 물론 아쉬운 점은 있지만요 글고 1세대는 화재같은 이슈가 있었지만 2세대부터 배터리 바뀌고 딱히 이슈가 없더라구요,전기차오너I경기도,2024-04-16 23:32:00,,
1441120,1세대는 공간이 믾이좁은가요? 공간 이야기가 많네요 ㄷㄷ,하지만없죠I코나l경기,2024-04-16 23:33:00,,
1441120,"저는 2세대 디올뉴 코나입니당
1세대 코나는 진짜 2열은 좁다고 해서 코나는 안보고 있었는데 직접 보고 시승도 해보니 2열도 충분히 괜찮더라고요 1세대보단 훨씬 크구요 4명은 그냥 충분해요 5명도 가능하긴 합니다 제가 투싼 하이브리드랑 고민해가지고 공간이 아쉽다는거에여 제가 큰 차를 선호해서 그런 것도 있어용",전기차오너I경기도,2024-04-16 23:38:00,,
1441120,저두 디올뉴코나에요 ㅎㅎㅎ 차 너무좋지않아요? 저는 큰차보다는 작은차를 선호해서 ㅎㅎ 초3 아들하나랑 세가족 충분히 잘 타구있어서 너무너무 만족합니다 ㅎㅎ 누가모래도 전 코나가 제일 예쁘고 제일 좋아요~~~,하지만없죠I코나l경기,2024-04-16 23:40:00,,
1441120,저도 코나ev 만족하며 타고 있어요 아직 한달째입니다 ㅎㅎ,전기차오너I경기도,2024-04-17 00:21:00,,
1441120,"하브 추천이요
집에서 자유롭게 충전안되면 은근 스트래스",하지만없죠I코나l경기,2024-04-16 23:33:00,,
1441120,코나!,베키IEQBI서울,2024-04-16 23:35:00,,
1441120,내년 차량가격으로 세금매긴다는데 사실인가요?,경기ll테란1ll,2024-04-16 23:43:00,,
1441120,감가는 코나죠아반테 특히 하브는 인기차종,대박lEV9l화성,2024-04-17 04:25:00,,
1441120,3년정도 타다 바꾸실구면 아반떼요윗분 두차 감가말한거 엄청차이나요,삑삑이lev6l부산,2024-04-17 06:20:00,,
1441120,코나가요하브는 돈   들어가요.,아5평여수,2024-04-17 09:03:00,,
1441120,전기차 코나 할거라면 토레스가 좋으나 글세 님 환경이라면 전 그냥 하브로 할 것 같아요,둘리l아5l경북,2024-04-17 09:34:00,,
1441120,여긴전기차카페이니 코나ev죠 내연안탐ㅋ,박곰 니로ev 천안,2024-04-17 12:03:00,,
1441120,재고오닉 알아보세요 ㅎㅎ 코나 견적뽑으신거수준으로 샀습니다,짱구I아이오닉5I경기,2024-04-17 13:48:00,,
1441120,구매하신 모델 좀 알려주세요!,모델케이,2024-04-19 18:57:00,,
1441120,와우 어디서 알아보나용? 옵션 어떻게 하셨어용?,미소천사이,2024-04-19 22:33:00,,
1439913,가성비는 볼트가 제일 좋다고 생각합니다.,라이언ll서울,2024-04-15 10:48:00,,
1439913,혼자 타고 시내위주 -볼트    가족3 고속- 코나    가족4-니로그위는 가격이 더 비싸지죠...비싸지면 아오5 까지 보게 되고신차는 가성비와 멀어지죠,준서빠I볼트ev6I대전,2024-04-15 11:29:00,,
1439913,아5  롱  익스중필요옵션 선택함이좋을듯요승차감 소음차이 마니 납디다,부산ll무사신,2024-04-15 11:57:00,,
1439913,"고민할건 탑승인원과 디자인 요~
뒤에 사람태운다 니로ev 쏘울부스터ev 
안태운다 코나ev 볼트ev
번외 편으로는 화재 걱정이다 쏘울부스터ev 선택요~ 안팔려서 화재이력이  전무요~",왕만두도적I쏘부I충북,2024-04-15 12:46:00,,
1439913,"급속만 하셔야 한다면 볼트탈락
뒤에 사람 태울일이 있다면 코나탈락
트렁크에 짐이있다(골프채등) 쏘부탈락
전비가 우선이다 니로탈락
입니다 ㅎㅎ",OutrivalIMYSMXPI서울,2024-04-15 12:55:00,,
1439913,오 뭔가 간단명료 깔끔 답변감사합니다~ ㅎㅎ,씨스루I서울I,2024-04-15 12:56:00,,
1439913,저두 볼트 코나중에 고민하고 있어요 애기들 어려서.  3명에 카시트를 설치를 해서 태워서 다녀야합니다 어떤게 나을까요,연연년생엄마,2024-05-02 13:18:00,,
1439791,"아직 시기상조라고 하고싶습니다.
내연차랑 같이 운행하시면 전기차만 타게된다죠.",윤형파파I아5I서울,2024-04-15 07:52:00,,
1439791,"시기상조라고 저도 생각해서 입문용으로 진입했는데...만족도 너무 좋네요 

어차피 기술은 계속발전하고..더 좋은녀석들은 계속나올테니",슌이빠I코나evI구미,2024-04-15 08:05:00,,
1439791,사나이!!!,슌이빠I코나evI구미,2024-04-15 08:05:00,,
1439791,저는 일부러 주변에 사지 말라 합니다. 좋은건 저만 쓰는거로. 많아져봤자 좋을거 없어서. . .,그마Ii오닉6I경기,2024-04-15 08:05:00,,
1439791,ㅎㅎㅎ  이말 이제 이해갑니다 ㅎㅎ 왜 다들그러시지? 이랬는데 ㅎㅎ,슌이빠I코나evI구미,2024-04-15 08:06:00,,
1439791,핸드폰처럼 기변병 엄청심하게옵니다.. 최대단점...,하지만없죠I코나l경기,2024-04-15 08:20:00,,
1439791,그럴꺼같아요 ㅠ 흗 ㅠ,슌이빠I코나evI구미,2024-04-15 08:34:00,,
1439791,전기요금 때문에 샀습니다.그러나 다시 차를 고르라면 하브나 내연 사겠네요...확율은 낮지만 사고로 화재나면 목숨도 걸어야 하고...,따치l니로GV60l제주,2024-04-15 08:34:00,,
1439791,사실 불안하긴합니다만.. 화재대비용 망치도 사놓구요;;  그래서 저만 타는걸로,슌이빠I코나evI구미,2024-04-15 08:38:00,,
1439791,이번에 여행와서 전기차 탔는데 전기차가 무조건인 것 같다는 생각이 드네요.,협사마,2024-04-15 08:48:00,,
1439791,동감합니다.. ㅎㅎ,슌이빠I코나evI구미,2024-04-15 08:48:00,,
1439791,좋아보이네요,가미조아,2024-04-15 08:49:00,,
1439791,어서 오세요,슌이빠I코나evI구미,2024-04-15 08:50:00,,
1439791,저희집도 오닉이랑 K7 있는데. 장거리 뛸때 무조건 전기차 가져갑니다.ㅎㅎ 중간중간 충전하는 번거로움도 이길만큼 운전 피로도도 없고 좋아요.ㅎ,눈누I아5I당진,2024-04-15 08:58:00,,
1439791,ㅎㅎ 저도 당분간 전기차에.미쳐살꺼같습니다 ㅎㅎ,슌이빠I코나evI구미,2024-04-15 08:58:00,,
1439791,"지금은 저렴한거 타시는게 날것 같음

다음세대는 배터리 혁신과 자율주행 혁신
둘중하나 나오면 그때 비싼거 사도 될것 같음

저도 평상시는 y 끌고
여행이나 아이들 태울때는 gv80 타요

혼자 탈때는 전기차가 참 좋음
택시도 전기택시는 사람들이 거부한다 하는거보면
시기상조는 맞는거 같긴함",애기아빠I모델yI김포,2024-04-15 09:08:00,,
1439791,네네 그래서 입문용으로 ㅎㅎ 다들주변에서는 오닉5/EV6등 추천하시나 어차피 계속 개발하고 좋은녀석들 나올꺼니까유,슌이빠I코나evI구미,2024-04-15 09:32:00,,
1439791,"저도 계약해놓고 제주도 와서 3일간 타보는데....와 정말 신세계더라구요.. 시승하고는 또다른 느낌...

전기차 시기상조회가 더 많아졌음 하는 나쁜 욕심을 가져봅니다",잉종I경기,2024-04-15 09:39:00,,
1439791,,슌이빠I코나evI구미,2024-04-15 09:44:00,,
1439791,시기상조입니다. 다들 내연기관차 사세요 제가 살고있는 아파트에 충전기 16대 전기차 14대 아직은... 여유가있지만,고나우IEV6I부산,2024-04-15 12:56:00,,
1439791,저도 시기상조회 가입하겠습니다 ㅎ,슌이빠I코나evI구미,2024-04-15 12:58:00,,
1439791,한때 코나 탔었는데…구형 중고 구매하신거면 배터리하고 에어컨 관련해서 리콜 있으니 잘 챙기세요 전차주한테 확인하시고요 그거만 아니면 기변 안했을건데… 구코나가 가성비는 최고죠,전기차l모델Yl인천,2024-04-15 16:45:00,,
1439791,넵 감사합니다 리콜이력보니 싹다받아놨네요 ㄷㄷ,슌이빠I코나evI구미,2024-04-16 19:25:00,,
1439791,시기상조회는  회원이 적어야 의미가 있는데...,인터셉터I서울,2024-04-16 18:19:00,,
1439233,이런건 꼭 챙겨 받아야죠 강심장 900대...,한별I모델3I제주,2024-04-14 06:48:00,,
1439233,안받고 버티다 불나면 보상도 손해보지않나요,당근이에요I아6I전북,2024-04-14 07:07:00,,
1439233,또 코나 불났나요? ㅠㅠ,연천l코나l양택이,2024-04-14 07:29:00,,
1439233,주변 사람들을 위해서라도 빨리 받으셨음 합니다,전동보이I볼트23I고양,2024-04-14 08:51:00,,
1437391,화재 발생율은 낮아도여전히 두려운건 열폭주가 생기면 대피할 시간을 주지 않는다는 점 아닐까 싶네요,듀스I코나EVI김해,2024-04-11 10:28:00,,
1437391,대피할 시간이 왜 없나요?,복사IEV6I시흥,2024-04-11 10:31:00,,
1437391,전기차 화재 영상보시면 이해가 되실꺼에요...,잠수부7I인천,2024-04-11 10:36:00,,
1437391,여러개 봤는데 화재가 캐빈룸에서 시작하는 경우가 없던데요,복사IEV6I시흥,2024-04-11 10:38:00,,
1437391,"충격, 온도 등 열폭주 조건이 되면 수초내에 1000도이상 온도가 치솟아 폭발이 일어납니다.온도에 의한 열폭주는 열이 전도되는 지연시간이 있지만,사고충격에 의한 열폭주는 수초만에 바로 열폭주 반응하기 때문에 사고시 부상을 입은 탑승객이 탈출할 시간을 확보하지 못합니다.이로인해 안타깝게 사망한 케이스도 제법 되고요.....",듀스I코나EVI김해,2024-04-11 10:40:00,,
1437391,어떤 사례가 있는지요?,복사IEV6I시흥,2024-04-11 10:43:00,,
1437391,수초만에 캐빈룸 전체가 타버리기 때문에 발화시작이 어디인지는 크게 관계가 없습니다.기사 세건의 사례가 사고후 수초만에 열폭주 케이스입니다.,듀스I코나EVI김해,2024-04-11 12:33:00,,
1437391,"? ㅋㅋㅋ
어느 화재도 수초만에 캐빈룸 전체가 타지 않습니다. 선동 그만하시구요. 가운데 사례는 냉매 화재고 배터리 화재가 아닙니다.
기사 좀 읽어보세요. 3초 화재 전소면 사람 병원 이송이 가능합니까? 조금만 생각해 봐도 알게 됩니다.",복사IEV6I시흥,2024-04-11 10:49:00,,
1437391,기사에 열폭주로 숨지셨다고 나오고요.... 주변에 행인이 구조하려 했지만 히든도어캐치가 익숙하지 않았던점과 빠르게 화재가 확산되어 구조를 못했다고 나옵니다.,듀스I코나EVI김해,2024-04-11 10:55:00,,
1437391,저는 수초라고 했지 3초라는 말은 제가 한적도 없고요.분단위 이내는 구조가 불가능한 상황으로 보는게 맞습니다.주변 CCTV영상 토대로 5초만에 전면부 전체가 화염에 휩싸였다고 나옵니다.병원이송은 얘기도 없는데 무슨 말인지요? 저 세건은 병원이송 못했습니다.,듀스I코나EVI김해,2024-04-11 11:01:00,,
1437391,프렁크에 배터리 싣고 다닙니까? 기사는 원래 무조건 열폭주 달고 다니구요. 소방 지침으로 전기차면 배터리 소화절차는 무조건 하구요. 배터리 화재면 행인이고 나발이고 밖에서 접근 자체가 어려운데요.,복사IEV6I시흥,2024-04-11 11:00:00,,
1437391,그래서 접근 못했다잖아요진화는 두시간 넘게 걸렸다하고요 ---- 열폭주세건모두 탑승객은 밖으로 나오지 못하셨습니다. ---- 열폭주,듀스I코나EVI김해,2024-04-11 11:06:00,,
1437391,님이 들고온 기사입니다.,복사IEV6I시흥,2024-04-11 11:05:00,,
1437391,님이 들고온 기사 마지막에도 열폭주가 아니라 고속주행이 사망 원인이라는 분석 기사 있습니다. 90km/h로 중앙연석 박고 정신 멀쩡하기가 어려운데요.,복사IEV6I시흥,2024-04-11 11:12:00,,
1437391,마지막사고 사인은 안전벨트 미착용으로 고속충돌이 맞습니다.하지만 10초만에 불이 전체적으로 퍼져서 생사유무 상관없이 구조가 못된건이고요,듀스I코나EVI김해,2024-04-11 11:16:00,,
1437391,누가 10초 측정했나요? 초단위에 집착하시네요,복사IEV6I시흥,2024-04-11 11:16:00,,
1437391,영주사고는 5초만에 불길이 차량전체로 퍼지고 행인들은 구조못하고 몇분뒤 119가 큰불 잡은뒤 구조했으나 사망하신 상태였습니다. 병원이송은 사망하신 뒤어 일어난거고요..... 그이후로 화재는 진압에 2시간 걸렸다고 소방관계자가 얘기했습니다.,듀스I코나EVI김해,2024-04-11 11:17:00,,
1437391,CCTV영상으로 초를 재서 기자가 올린겁니다. 기사가 그렇게 나왔기에 얘기하는거죠제의견을 말할땐 계속 수초라고 했고요.... 그걸 3초라고 피셜로짚으신거 아닙니까? 근거로 얘기하는데 본인피셜로 그게 선동이고 우기기 아닌가요?,듀스I코나EVI김해,2024-04-11 11:19:00,,
1437391,5초만에 차량 전체로 불길이 퍼진 적 없다고요. CCTV 직접 보셨어요?화재가 앞부분에서 시작해서 타잖아요.화재 시작시점과 화재 전소 시점이 구분 안되세요?,복사IEV6I시흥,2024-04-11 11:26:00,,
1437391,5초만에 화염이 전체로 퍼져 손도못대고 주변에 많은 분들이 안타까워하는 영상 봤습니다. 이렇게 말꼬리에 뭐가맞냐틀리냐는 의미없는것 같고요.... 논점으로 돌아가서 저 세건이 열폭주가 발생되었다는 것과 탑승객이 구조될 시간이 없었다는 것은 여러 전문가분들의 의견을 보아도 사실에 굉장히 가깝습니다.,듀스I코나EVI김해,2024-04-11 11:34:00,,
1437391,네 그렇게 믿고 사세요.,복사IEV6I시흥,2024-04-11 11:36:00,,
1437391,"예 저는 앞으로도 공신력 있는 경찰,소방의 발표를 신뢰하겠습니다.더이상 대응안합니다.",듀스I코나EVI김해,2024-04-11 11:43:00,,
1437391,아 네 고속주행 충돌 사망에도 10초 열폭주 뇌피셜을 공신력 있게 설파하시는 분의 말이 맞겠죠,복사IEV6I시흥,2024-04-11 11:44:00,,
1437391,국과수 감정결과도 참고하세요. 10초냐 5초냐 3초냐 차이를 가지고 말씀하시면 할말없습니다.,듀스I코나EVI김해,2024-04-11 12:07:00,,
1437391,"대부분의 운전자가 우려하는 건.. 전기차의 화재 발생율 보다는 화재 발생시 내연기관 대비 파급력 아닐까요?  실제로 대한민국에서 수많은 내연기관 자동차가 운행중 화재가 발생했지만 사망자는 제가 알기론 없는거 같고..   부상자 역시 미미한 걸로 알고 있습니다.내연기관 화재는 전조 증상이 뚜렷하고, 진행 속도도 느리기 때문이죠..  근데 전기차 화재는 건수대비 사망자가....",잠수부7I인천,2024-04-11 10:35:00,,
1437391,전기차도 마찬가지로 전조증상이 매우 뚜렷합니다. 배터리 이상 경고등이 먼저 뜨면서 주행이 안되는데요.,복사IEV6I시흥,2024-04-11 10:40:00,,
1437391,"전기차도 화재 사망자는 공식 1명 아닌가요?
가솔린차 터지는거 보시면 전기차 저리가라죠 ㅎ",뽀동Iev9I경기,2024-04-11 18:07:00,,
1437391,코나의 문제를가지고 전기차전체의문제라고 하면안되죠…,정정IM3I전북,2024-04-11 17:30:00,,
1437391,노트7 보고 스마트폰은 위험하다,뽀동Iev9I경기,2024-04-11 18:10:00,,
1437391,걍 걸어다니시지,다크헌터IDS3I인천,2024-04-11 19:28:00,,
1437391,"근데 전기차 배터리는 그렇게 불안하시면서 가연성 액체 물질인 휘발유를 뒷좌석 시트 아래에 60L씩 싣고다니는 내연차량은 괜찮고 그보다도 불안정한 항공유를 좌석 아래 100t씩 싣고다니는 국제선 항공기들은 괜찮으신가요? 
항공사고 확률 운운 하기엔 전기차 화재확률도 내연보다 훨 적은수준인데요?",북극성 I 2 I 경기,2024-04-12 04:16:00,,
1437391,전기차 열폭주는 몇분 걸린다 내연차 불나면 90초안에 끝난다. 그리고 3초 800도 드ㅇ 신 같ㄴ게 알코올 램프 온도가 1500도 이다 지하 주차장에서 내연차 불나서 여러차 피해건은 있어도 중국말고 국내에서 전기차 지하 주차장에서 불나서 주변차 피해 준적없다,드러따I오닉6I서울,2024-04-11 20:17:00,,
1437391,,레이IEQA아이6I경기,2024-04-26 06:47:00,,
1436909,"전일단 리콜 받긴 했지만...
해도 걱정 안해도 걱정이네요 ㅜㅜ

불이익은 없다고 하는것(카더라??)
같은데 그들은 현기니까 어떤 모지람대처러를 할지...",플레쉬붐Iev6I경북,2024-04-10 13:58:00,,
1436909,리콜 받고 딱히 문제 된거 없습니다,편집광I오닉I경기,2024-04-10 13:56:00,,
1436909,저도 받아야하는데 계속 불안하긴하네요..,둥둥댕댕IEV6I동탄,2024-04-10 14:28:00,,
1436909,안받으면 자동차검사 안됨,뇌근II울산,2024-04-10 14:38:00,,
1436909,정기검사에서 리콜여부도 확인하나요??,웅자I아이오닉5I광주,2024-04-10 17:06:00,,
1436909,다시 알아보니 검사는 하긴 하네요대신 리콜여부 확인은 시켜주네요,뇌근II울산,2024-04-11 09:13:00,,
1436909,리콜해도 근본적인 해결이 되었으면 좋겠네요,테이오lEV6I광주,2024-04-10 22:00:00,,
1436909,현행법상 리콜을 강제할 수는 없답니다화재위험 코나 배터리 3년이 지나도록 안바꾸고 버티는 차가 900대랍니다,경기 조성휘,2024-04-15 15:40:00,,
1435286,별 희안한 사고가 다 나네요. 코나라고 하는거 같아요,울산llID4l서울,2024-04-08 09:01:00,,
1435286,ㅠ.ㅠ 헐..진짜 미쳤네유ㅠ.ㅠ ;;:,눈누I아5I당진,2024-04-08 09:04:00,,
1435286,구형 코나 같습니다.,차크닉IGV60I일산,2024-04-08 09:14:00,,
1435286,코나요,경기ll열심열중,2024-04-08 09:16:00,,
1435286,코나네요.  화재에 급발진 이젠 감전까지 ㅠㅠ,연천l코나l양택이,2024-04-08 09:37:00,,
1435286,고전압 위험해서 본네트 못열게 하는 차량도 있는거 같던데,거북l아이오닉5l시흥,2024-04-08 10:36:00,,
1435286,어찌 이런 일이~~아직 코나도 타는중인데마루타는 그만두고수습하다 별일 다생기네요중환자실 갈정도면  심히 걱정 됩니다부디~~ 회생제동x 말고  건강하게 잘 되시길(회생) 빕니다,쫄쫄이 코나아5 충남,2024-04-08 10:43:00,,
1435286,전면이 과하게 파손되었던데 고전압쪽 쑈트된것 같은데 이건 코나만의 문제는 아닌것 같습니다.,듀스I코나EVI김해,2024-04-08 11:45:00,,
1435286,아무리 사고가 나도 이건 좀 아닌데? 감전되는 차를 어떻게 매일 운전하나요? ㅠ.ㅠ,초보상어,2024-04-08 16:29:00,,
1435286,위험하죠누가 뒤에서 박아서 앞에 본넷까지 손상되어 감전되서 탈출못하면 ㅎㄷㄷ,바르니l서산,2024-04-08 16:40:00,,
1435241,현대 코나라는 말은 눈을 씻고 찾아도 없네요.,CeyI아이오닉EVI수원,2024-04-08 07:34:00,,
1435241,수정된건가요? 처음부터 나옵니다.,에스I아이오닉5I경기,2024-04-08 07:57:00,,
1435241,"사고 첫날 기사에는 코나라고 차명 나왔었습니다
지금은 수정했는지는 모르겠지만..",학교lEVXl무안,2024-04-08 08:34:00,,
1435241,전기차에 대해서는 카페 유수 오너들보다도 모르는 김모교수를 왜 인터뷰 하는건지..,굴렁쇠l아5I남양주,2024-04-08 07:38:00,,
1435241,"현대차=자동차
BMW=bmw",영실이ㅣ청주,2024-04-08 07:38:00,,
1435241,"개인적인 뇌피설입니다만 먼저 기사님의 쾌유를 바랍니다.견인차 기사님의 교육부재가 아닐런지요 ...이유는 전면부가 반파 되엇어요 그럼 고전앞 케이블 (주황색)의 손상을 육안으로라도 살펴보고케이블이 파손 되었다면 먼저 테스터기부터 물려 봐야 한다 생각됩니다.고전압 케이블이 깔끔하게 절단이나 이상이 없거나차단 장치등이 되었다면 아무런 이상 없었겠지만케이블이 손상이 되었다면 (피복이; 까진다던가 찍힌다던가)숏트가 발생 되니까요 ~운전자는 문을 열고 나왔는데도 이상 없으면 당장엔 차체엔 누설이 안생겼을 것이고그후 두시간 이후로전장류나 내부에 숏트가 발생 되었다 봅니다.렉카 기사님들 고전압 전기차량 메뉴얼을 있는가는 모르지만 다시 교육 해야한다봅니다.차량 메뉴얼에는 모든 전기 장치를 수리전 고전압 케이블을 빼고 하라고 하지요...이건 차량 수리나 견인 (사고차) 에도 동일하다 봅니다.이젠 견인도 전기차량 전문 교육을 받은 사람이 해야 한다고 봅니다.뉴스에도 이와같이 말합니다.+++++++++++++++++++++++++++++++++++++++++++++++++++++++++++++++++++++++++++++++물론 고전압 배터리가 탑재된 만큼, 사고 위험성은 항상 존재한다는 게 전문가들의 지적입니다.소방에는 전기차 감전으로 인한 사고를 막기 위한 자체 매뉴얼도 있습니다.지난 2020년 발간된 이 매뉴얼에는 인명구조와 화재진압을 할 때 절연 성능이 있는 안전장비를 착용할 것을 권고하고 있습니다.",근효짱IGV60l해운대,2024-04-08 07:55:00,,
1435241,안전불감증이죠 뭐..,엘리IGV60I화성,2024-04-08 08:51:00,,
1435241,사고나면 차단으로 감전 안되게 만들어야지 사고난 탑승자들도 테스트기로 찍고있어야 하나요,깨굴I니로I인천,2024-04-08 19:32:00,,
1435241,수입차였으면 국토부까지 출동했을듯,돌진Iix3I서울,2024-04-08 07:58:00,,
1435241,와지려다,경기l루온l50년타자,2024-04-08 08:15:00,,
1435241,차량의 모든 버튼은 플라스틱 아닌가요? 그런데 감전이면? 플라스틱에도 전기가 흐르나요.?시동버튼이 금속인가요?,금연I니로EVI하남,2024-04-08 08:41:00,,
1435241,고전압 케이블 숏트나면  플라스틱이던 코팅이 되었건 사고로인해 머가 묻었건 안전 절연 강갑을 착용해야 합니다.현장에서 블라스틱이다라고 막 맍디는가요? 큼직하게 관계자외 접근 금지 입니다^^,근효짱IGV60l해운대,2024-04-08 09:41:00,,
1435241,고전압 위험으로 본네트를 아예 못열게 막아놓은 차들도 있더라구요,거북l아이오닉5l시흥,2024-04-08 10:45:00,,
1435241,저 기사를 보고 교육부재라는 용어를 쓰다니차량이 큰 충격을 받으면 당연히 보호회로가 작동해서 전기가 차단되어야지 저사고를 감전자의 무지라고 표현다는 사람도 있군요.,뚱이아빠 lID4I인천,2024-04-08 11:17:00,,
1435241,현토부의 힘,평화I대전,2024-04-08 16:05:00,,
1434609,"이정도면 세상에 이런일이 티비에 나올 수준
인듯한데..
급발진인지 아닌지는 블박이나 cctv가 없어서 단정 지을 순 없지만..
감전이라니..
이게 말이 됩니까?허허허
기가 막혀서 어이없는 웃음만 나오네요",알바잡이l타이칸l부산,2024-04-07 03:12:00,,
1434609,800v를 버텼다는건가요?대단. ..,우기능장I오닉5I천안,2024-04-07 06:45:00,,
1434609,코나는 400v입니다,에비츄IEV6I충북,2024-04-07 08:04:00,,
1434609,감전도 되나봐요..전기차를 대체 어떻게 만들었길래,구름이요I경기,2024-04-07 03:48:00,,
1434609,감전은 신박하네요ㅡㅡ,인버팅ㅣNX450ㅣ대전,2024-04-07 04:59:00,,
1434609,화재에 급발진에 이젠 감전까지 코나 ㅠㅠ,연천l코나l양택이,2024-04-07 06:04:00,,
1434609,ㅎㄷㄷ,경북E검4,2024-04-07 06:29:00,,
1434609,감전은 의외네요.,부비I아이오닉5I경남,2024-04-07 07:00:00,,
1434609,코나 인가요 ?,현이아빠 l MS l광주,2024-04-07 07:17:00,,
1434609,햐 하다하다 이젠 누전까지….,퍼플래빗liD4l,2024-04-07 07:21:00,,
1434609,장갑끼고 운전대 잡아야하나요 ㅜ,봉봉봉l레이evl전주,2024-04-07 07:49:00,,
1434609,코나ev는 탈물건이 아닌듯,가츠lEVZ포터l전북,2024-04-07 08:49:00,,
1434609,많이 팔려서 그런건지 감전이라니 참,서브l이트론ix3l서울,2024-04-07 09:21:00,,
1434609,급발진 맞을까요? 가속패달 밟은건 아니겠죠? 택시기사영상 고령운전자 패달오인해서 밟는사례가 많다던데,Lee정민 코나 옥천,2024-04-07 09:40:00,,
1434609,급발진이란 단어가 우리나라에서만 있더라구요 미국에선 패달오인사고라는 단어가 있습니다 미국에서 이런이슈없는걸봐선 ... 개인적으론 급발진이란건 없다고 생각합니다 브레이크 등 들어온경우를 아직 못봤거든요 CCTV. 블박이 이렇게 많은 나라에서..,멋진넘I아5니로I동탄,2024-04-08 17:40:00,,
1434609,불나에 이어 감전나 ㄷ ㄷ,라이도이 볼트 대구,2024-04-07 09:46:00,,
1434609,감전은 진짜.. 선넘네.. 흐미..,만두찐빵I니로evI제천,2024-04-07 09:53:00,,
1434609,전기차 시대에는 차량정비에 대한 개념이 크게 바뀔듯 하네요.. 안타까운 사고입니다..,마트아범,2024-04-07 14:45:00,,
1434609,중환자실 들어갔으면 굉장하네요..;;,시우파파l서울,2024-04-07 14:51:00,,
1434609,참 가지가지 하네요,소리l니로l경기,2024-04-08 08:52:00,,
1434609,안타깝지만 우연의 일치로 차가 떠있는거 보니.. 접지가 안되어 감전사고가 난것같아요...,죽기전까진청춘,2024-04-08 11:26:00,,
1434609,차는 원래 타이어 때문에 그라운드 접지가 안되지않나요?,멋진넘I아5니로I동탄,2024-04-08 17:41:00,,
1434573,입문용이라면 저는 니로 코나 볼트 를 추천합니다. 주행거리 짧은 모델은 전기차 처음 타시는분에게는 하드코어 입니다.,백수I니로봉고I서울,2024-04-07 00:35:00,,
1434573,네 감사합니다 전 EQE 350 SUV 타고 있는데 와이프가 아직 운전 초보라서요;; 아무튼 1세대는 건너 뛰는게 좋겠네요,친구82,2024-04-07 01:31:00,,
1434573,무조건 연식 최근꺼 또 전기차 전용플랫폼 차량으로 하세요.  화재나 급발진 뉴스 나올때마다 불안해요.,연천l코나l양택이,2024-04-07 06:09:00,,
1432820,이걸 하면 어떤점이 좋아요?,검정티I아5I진주,2024-04-04 14:47:00,,
1432820,안녕하세요 고객님! B-Lifecare는 주행정보 분석부터 실시간 배터리 점검을 해주는 앱서비스 입니다!고객님께서 핸드폰으로 간편하게 배터리 상태를 점검하실 수 있습니다!,BLifecare 담당자,2024-04-04 14:56:00,,
1432820,아이오닉5에 잘 사용하고 있습니다. ^^,일렉l스텝l,2024-04-04 14:52:00,,
1432820,전 셀 전압? 편차?  SOH? 이걸 알고 싶은데 이걸 설치하면 폰으로 수시로 확인할수 있어요?,검정티I아5I진주,2024-04-04 14:58:00,,
1432820,"안녕하세요! 셀 전압, 편차, SOH등은 상시확인은 어렵지만, 30일에 한번씩 발급 받으실 수 있는 배터리 인증서의 세부 정보를 통해 셀밸런싱상태(셀전압최소/최대)와 출고성능 대비 현재 배터리 성능 및 배터리 최대 성능(SoH)을 확인하실 수 있습니다. 관심 가져주셔서 감사합니다:)",BLifecare 담당자,2024-04-09 11:50:00,,
1432820,테슬라도 되면 좋겠네요 ^^;,아트라스I스탭,2024-04-04 14:54:00,,
1432820,앗 이글 통해서 아니고 별도로 앱깔아서 가입했는데 이벤트 참여 가능한가요?,익사이팅l경북,2024-04-04 14:59:00,,
1432820,안녕하세요! 해당 이벤트 기간에 B-Lifecare 서비스 신규 신청하셨다면 이벤트 대상자 이십니다:),BLifecare 담당자,2024-04-05 10:53:00,,
1432820,저 이거 쓰고 있는데 좋아요~,초콜릿두뷰,2024-04-04 15:19:00,,
1432820,일단 가입했는데 장점이 뭔가요?,지우끼I아오5I경북,2024-04-04 15:52:00,,
1432820,"안녕하세요! 관심 가져주시고 가입해주셔서 감사합니다:) B-Lifecare는 전기차 데이터 모니터링 장치 장착을 통해내 차의 배터리 상태를 실시간으로 진단, 분석해주는 앱서비스입니다. 앱을 통해 주행정보 분석, 배터리 점수 확인, 배터리 인증서 발급 등 다양한 서비스를 받으실 수 있습니다!",BLifecare 담당자,2024-04-09 14:35:00,,
1432820,좋네요,톰I서울,2024-04-04 20:57:00,,
1432820,신형 코나는 아직도 안되겠지....,나르디I코나SX2I울산,2024-04-05 07:50:00,,
1432820,안녕하세요! 해당차종은 빠른 시일 내에 지원될 수 있도록 하겠습니다. 앱 내에서 알림 신청을 하시면 해당 차종 서비스 개시일에 알림 받으실 수 있으니 참고 부탁드립니다. 감사합니다:),BLifecare 담당자,2024-04-09 11:51:00,,
1432820,,나르디I코나SX2I울산,2024-04-09 20:43:00,,
1432820,신청하였습니다!,응언썽II아6II충북,2024-04-05 09:15:00,,
1432820,엑 저번달에 설치했는데 ㅠㅠ,화집I아이오닉5I양주,2024-04-05 11:05:00,,
1432820,니로플러스는 되나요??,조아IEQAI서울,2024-04-05 13:31:00,,
1432820,안녕하세요! 현재 해당차종은 아직 서비스 미지원상태이며 정확히 서비스 지원 가능한 일정 안내가 어려운 점 양해 부탁드립니다. 앱 내에서 알림 신청을 하시면 해당 차종 서비스 개시일에 알림 받으실 수 있으니 참고 부탁드립니다. 감사합니다:),BLifecare 담당자,2024-04-09 11:41:00,,
1432820,볼트EUV도 지원 해주세요~~,으이긍I볼트I인천,2024-04-05 22:30:00,,
1432820,안녕하세요! 해당차종은 빠른 시일 내에 지원될 수 있도록 하겠습니다. 앱 내에서 알림 신청을 하시면 해당 차종 서비스 개시일에 알림 받으실 수 있으니 참고 부탁드립니다. 감사합니다:),BLifecare 담당자,2024-04-09 11:44:00,,
1432820,좋네요,호프만송,2024-04-06 05:53:00,,
1432820,gv70는요 ㅠ,미누미lgv70l경기,2024-04-06 16:57:00,,
1432820,"안녕하세요! 현재 해당차종은 아직 서비스 미지원상태이며 정확히 서비스 지원 가능한 일정 안내가 어려운 점 양해 부탁드립니다. 앱 내에서 알림 신청을 하시면 해당 차종 서비스 개시일에 알림 받으실 수 있으니 참고 부탁드리며, 빠른시일 내에 지원될 수 있도록 하겠습니다. 감사합니다:)",BLifecare 담당자,2024-04-09 11:46:00,,
1432820,EQE는 없네요 ㅡㅡ;;,샌치맨탈lEQEl인천,2024-04-06 19:27:00,,
1432820,안녕하세요! 해당차종은 빠른 시일 내에 지원될 수 있도록 하겠습니다. 앱 내에서 알림 신청을 하시면 해당 차종 서비스 개시일에 알림 받으실 수 있으니 참고 부탁드립니다. 감사합니다:),BLifecare 담당자,2024-04-09 11:47:00,,
1432820,오호 좋아요,아재아재123,2024-04-08 19:47:00,,
1432820,"ID4는 지원했던거 같은데, 같은 플랫폼인 Q4는 언제 지원될까요..?",Hh00IQ4I서울,2024-04-09 13:12:00,,
1432820,안녕하세요! 해당차종의 정확한 서비스 지원 가능 시점을 안내드리기 어려운 점 양해 부탁드립니다. 빠른 시일 내에 지원될 수 있도록 하겠습니다. 앱 내에서 알림 신청을 하시면 해당 차종 서비스 개시일에 알림 받으실 수 있으니 참고 부탁드립니다. 감사합니다:),BLifecare 담당자,2024-04-09 14:38:00,,
1432820,"안녕하세요., 지원차종이 아니라고 나오는데.. 신차출고를 해서 그런건지(등록 4.9).. 확인 가능할까요? 아우디 이트론 입니다.",희윤빠I이트론I서울,2024-04-12 11:08:00,,
1432820,안녕하세요! 아우디 e-트론 차량은 현재 2020/2022 연식의 차량에만 서비스지원을 하고 있습니다. 추가 문의를 원하신다면 카카오톡 채널 : B-Lifecare/ 고객센터 : 1544-8733으로 문의 부탁드립니다:D,BLifecare 담당자,2024-04-15 16:55:00,,
1432820,Egv70은 해당제왼가요?,방방,2024-04-16 15:37:00,,
1432820,"기기 설치해서 사용하고 있는데, 특별히 유용한 정보를 받고 있다고 느끼진 못합니다. 데이터 모으기 위해서 무상제공하고 있다는 정도로 생각되네요",호호나라,2024-04-17 06:30:00,,
1432820,좋아요,필해피,2024-04-17 17:22:00,,
1432820,제 차량이 아이오닉6인데 지원하지 않는 차량이라고 나오네요 ㅠㅠ 장기렌트카라서 그런건가요?,바르스I아닉6I강릉,2024-04-18 09:30:00,,
1432820,안녕하세요! 해당 부분 정확한 안내를 드리기 위해 고객센터(카카오톡 채널 : B-Lifecare/ 고객센터 : 1544-8733)으로 문의 부탁드립니다!,BLifecare 담당자,2024-04-18 10:50:00,,
1432820,좋아요,굴비Ii4I밴쿠버,2024-04-19 01:58:00,,
1432820,코나일렉트릭 잘 사용하고 있습니다,코롱이I코나I경기,2024-04-19 11:40:00,,
1432820,가입 했습니다! 신형 코나는 안되나보네요 지원차종이 아니라네요;,하지만없죠I코나l경기,2024-04-20 20:26:00,,
1432820,제조사에 현대는 저만안보이는건 아니죠?,하지만없죠I코나l경기,2024-04-20 20:30:00,,
1432820,안녕하세요! 해당 부분 정확한 안내를 드리기 위해 고객센터(카카오톡 채널 : B-Lifecare/ 고객센터 : 1544-8733)으로문의 부탁드립니다!,BLifecare 담당자,2024-04-23 17:02:00,,
1432820,좋네요!!,푸른밤,2024-04-20 22:45:00,,
1432820,"더 뉴 아이오닉 일렉트릭은 없네요,,배터리 평생보증차량이라 가끔씩 보면 좋을거 같은데 ㅜㅜ",망나니l더뉴오닉l충남,2024-04-21 22:31:00,,
1432820,안녕하세요! 아이오닉 EV는 현재 2017~2019 연식의 차량에 한해 서비스 지원을 하고 있습니다:),BLifecare 담당자,2024-04-23 17:05:00,,
1432820,"앱 설치하고 서비스 신청했어요,, 평소 배터리 관련 궁굼했는데 유용하게 잘 쓸게요설치할때 삼성화재는 선택하지 않았는데, 모충 만원권 지급 되는 거죠?",루카스I EV6I 대전,2024-04-22 09:49:00,,
1432820,안녕하세요! 서비스 신청 및 비체크업 수령 후 1주일 내 장착 완료해주시면 모두의 충전 1만원 쿠폰이 지급됩니다:),BLifecare 담당자,2024-04-23 17:07:00,,
1432820,e-tron 55 스백 언제 쯤 될까요?,도수현l이트론l경기,2024-04-22 17:49:00,,
1432820,안녕하세요! 해당차종의 정확한 서비스 지원 가능 시점을 안내드리기 어려운 점 양해 부탁드립니다. 빠른 시일 내에 지원될 수 있도록 하겠습니다. 앱 내에서 알림 신청을 하시면 해당 차종 서비스 개시일에 알림 받으실 수 있으니 참고 부탁드립니다. 감사합니다:),BLifecare 담당자,2024-04-23 17:03:00,,
1432820,"렌터카로 EV6 이용하고 있는데, 렌터카는 등록이 안되네요? 원래 안되는것인지요?",핸들과페달,2024-04-23 13:44:00,,
1432820,안녕하세요! 해당 부분 정확한 안내를 드리기 위해 고객센터(카카오톡 채널 : B-Lifecare/ 고객센터 : 1544-8733)으로문의 부탁드립니다!,BLifecare 담당자,2024-04-23 17:03:00,,
1432820,좋은 정보 감사합니다,전기차사볼까요,2024-04-23 23:25:00,,
1432820,EV9은 아직 대상이 안되는 걸까요?,다시일상I모델YI울산,2024-04-24 12:28:00,,
1432820,안녕하세요! 해당차종의 정확한 서비스 지원 가능 시점을 안내드리기 어려운 점 양해 부탁드립니다. 빠른 시일 내에 지원될 수 있도록 하겠습니다. 앱 내에서 알림 신청을 하시면 해당 차종 서비스 개시일에 알림 받으실 수 있으니 참고 부탁드립니다. 감사합니다:),BLifecare 담당자,2024-04-30 17:35:00,,
1432820,감사합니다,여주평택I여주,2024-04-26 06:23:00,,
1432820,LG 엔솔에서 하는 앱이네요? 코란도 이모션 LG 엔솔 배터리인데 왜 미지원이죠 ㅠㅠ,호롱포롱Ie모션I서울,2024-04-28 20:15:00,,
1432820,방금 가입했습니다. 잘 사용해볼게요,세아이맘Igv60I용인,2024-04-29 02:11:00,,
1432820,오늘 가입했습니다.아우디 Q4이트론 언제쯤 예정일까요??빨리 지원받아보고 싶네요,창원K버디촨스,2024-04-30 07:47:00,,
1432820,안녕하세요! 해당차종의 정확한 서비스 지원 가능 시점을 안내드리기 어려운 점 양해 부탁드립니다. 빠른 시일 내에 지원될 수 있도록 하겠습니다. 앱 내에서 알림 신청을 하시면 해당 차종 서비스 개시일에 알림 받으실 수 있으니 참고 부탁드립니다. 감사합니다:),BLifecare 담당자,2024-04-30 17:35:00,,
1432820,충전권이 문자로 오지 않았어요..ㅜ ㅜ 언제 보내조나요?,파란하늘처럼일산오닉,2024-06-06 11:21:00,,
1431296,"옵션에 따라 차이가 있겠지만 가본 차량 가격 자체가 니로가 조금 더 비싸게 판매했습니다.
그리고 공간성 자체가 좋죠.",아트라스I스탭,2024-04-02 19:29:00,,
1431296,차급이 달라요 니로가 더 큽니다,구공탄ll코나ll화성,2024-04-02 19:28:00,,
1431296,공간도 좀더 넓고 화재 이슈가 없었지요,라온l아5쏘부evl서울,2024-04-02 19:29:00,,
1431296,니로가 크기도 하고 코나 배터리 리콜 이슈도 약간의 영향은 있지 않을까 싶네요,장구I쏘부I부산,2024-04-02 19:29:00,,
1431296,둘다 가지고있었습니다만. 방음수준이 다릅니다. 코나 는 좀시끄럽습니다..,하하l레아슴볼니l파주,2024-04-02 19:38:00,,
1431296,원래 니로가 더 비싼차에요. 코나는 작기도 하구요,크리스l모SYEV9l경기,2024-04-02 19:58:00,,
1431296,반급에서 한급 높죠,jieI아이오닉6I서울,2024-04-02 20:55:00,,
1431194,전기차만 그런건 아니구요요즘 나오는 차량은 환경규재로 해당 냉매를 써야해요,연두는I대구,2024-04-02 16:34:00,,
1431194,"아~
친환경 가스라길래 친환경차량 전용 가스인줄알았네요 ...",전기l코나l용산,2024-04-02 16:40:00,,
1431194,헐... 에어컨 가스가 바뀐건 알고있었는데 가격이 저정도일줄은 전혀 몰랐는데... 충격적이네요?,화집I아이오닉5I양주,2024-04-02 16:35:00,,
1431194,"네 저도 6-8만원으로 알고갔는데 50부르네여
싼곳도 35-40은 줘야한다고 하네요 검색해보니;:",전기l코나l용산,2024-04-02 16:40:00,,
1431194,"에바 코어는 다른 차량들도 저정도 나와요
전기차라 다를께 없어요",창문7개I서울,2024-04-02 16:35:00,,
1431194,검색 해보니 정말 비싸네요.... 기존 냉매 10킬로당 10~12만원 수준이라면 신소재 냉매는 400만원이라는데요..?이게 한회사가 독점하는 제품이라는데... 이게 이래도 되는건지;;,직이I대구,2024-04-02 16:38:00,,
1431194,"일반가스 충전해도 문제없이 에어컨 잘 이용 된다고는 하는데요
그러다가 차량에 결함발생하거나 문제생기거나 심지어 화재가 발생 할수도있다네요;;",전기l코나l용산,2024-04-02 16:41:00,,
1431194,옛날차랑 같은 에어컨가스넣어 사용못하는가요? 친환경차라 샀던만  돈 이 더들면 유류비절약해본들다른데서  돈 더들면 그게 그거인듯 하네요 속은거같은기분이드네요,부산ll무사신,2024-04-02 18:27:00,,
1431194,알아보니 친환경차량 뿐만아니고 휘발유 디젤 차량도 최신년식이면 비싸다더군요... 전기차인건 상관이없대요,전기l코나l용산,2024-04-02 18:29:00,,
1431194,예비자금을 좀 모아놔야겠읍니다~~~~,부산ll무사신,2024-04-02 18:30:00,,
1431194,"에어컨 관련 부품 정비를 하거나, 에어컨 라인에 누설이 있지않으면 가스를 충전할일이 없을텐데...주기적으로 보충하거나 교체하는 품목이 아니라서요.",빨간별I인천,2024-04-02 17:01:00,,
1431194,"그쵸..
대부분 충격으로 인한 누출이거나 노후로 인한 노출일겁니다
자연적으로 소모 되지는 않을듯하네요",전기l코나l용산,2024-04-02 17:01:00,,
1431194,헉 냉매 오지게 비싸네요 ㄷㄷㄷ,플스사줘요,2024-04-02 17:37:00,,
1431194,"드디어 떳군요 에고고 그동안 유상으로 수리하신분들도 많았는데 
 리콜센터에서는 아직 뜬게없다네요. 저도 무상수리 대상자인데 문자도 안오고ㄷㄷ",레알l코나5Nl서울,2024-04-02 18:01:00,,
1431194,"그냥 블루헨즈 방문해서
에바코어 리콜 점검 해달라고하면 해줍니다.
근처에 에어컨전문 정비업체 있으면 먼저 가셔서 에바 점검 해달라고 해보세요
전 3만원 내고 점검받고 블루핸즈갔더니 블루핸즈에서도 별소리 못하더군요",전기l코나l용산,2024-04-02 18:05:00,,
1431194,"네네 저도 시간내서 봐야겠네요.
  제차는 18년 10월출고분이라서 25년 12월까지 보증된다고합니다. 정보감사드려욥~!!",레알l코나5Nl서울,2024-04-02 19:11:00,,
1431194,저는 작년에 자비로 유상수리하고 이번에 보상 받음요~저도 문자는 안오고 직접 전화해서 진행했어요~,우리오닉이I오닉I경기,2024-04-05 18:04:00,,
1431194,코나 예전에도 거북선에디션 문제땜에 에바 교체대상이였죠신냉매가 업청 비싸더라구요 전에차는 구냉맨데 3~4만원이면 된다는데 지금은....,이마코시스템I5NI울산,2024-04-02 22:39:00,,
1431194,수리비 애바네요,오렌지83IEv6I분당,2024-04-03 00:57:00,,
1431194,"북미도 환경규제때문에 내연, 전기, 가스불문 2016년식부터 모든차량 냉매 1234yf넣어야만 판매가능한데요. 이 냉매가 옛날차에 들어가던 134a와 비교해서 가격은 더럽게 비싸면서 냉각효능은 훨씬 떨어집니다. 환경운동가들때문에 성능이 떨어지는 가스를 5에서 10배가격을 더 주고 사용하게 된거죠. 1234yf이 가연성도 높아 취급이 어려워 딜러싑이외엔 취급 안 하는 정비소가 많다보니 더 비싼측면도 있고요.그래서 여기선  불법이지만 1234yf를 134a로 컨버전 하는 사람들도 꽤 많습니다.",우아III캐나다,2024-04-03 02:14:00,,
1431194,"정확하십니다.
정비하시는 분도 똑같은 말을 하셨네요.
다만.. 1234yf 말고 다른 가스를 충전하면 최악의 상황에선 화재까지 발생할수 있다하여...
추천하진 않는다 라고 하더군요
1234yf 정말 해도해도 너무 비싼거같습니다....",전기l코나l용산,2024-04-03 02:20:00,,
1431194,화재위험은 1234가 훨씬 높습니다. 컨버젼시 1234yf를 완전히 비운후에 134a로 충전하면 아무문제없긴합니다.  주유구처럼 충전포트가 서로달라 충전포트 피팅도 교체해야합니다.근데 불법이고 적발시 벌금이 쎕니다 캐나다에선. 1234도 친환경이라지만 공기중으로 누출시 벌금쎕니다. 반드시 저장용 탱크로 빼아해요. 친환경이라면서 바꿔놓고선 누출시 벌금물리는 비상식자들,우아III캐나다,2024-04-03 03:26:00,,
1431194,"앗 그렇군요...
1234 가스가 너무 비싸져서 큰 고민이네요ㅠ
답변 감사합니다",전기l코나l용산,2024-04-03 03:28:00,,
1431194,근데 AC는 클로즈드시스템이라 어디 새지않는 이상 보충할일이 없어야하는게 정상입니다. 새는곳 막지않으면 매번 충전해야해서 큰돈 나가요.,우아III캐나다,2024-04-03 03:34:00,,
1431194,"충전포트가 서로 전차량 다른가요
충전포트 피팅 교체는 쉬운가요",이나이신기I아7I군산,2024-04-05 16:25:00,,
1431194,디젤이랑 가솔린이랑 주유구 다르듯이 1234랑 134랑 주입하는곳 피팅 사이즈가 달라요. 굳이 피팅 안 바꾸고 134냉매통에 1234에 맞는 피팅 달아서 주입해도 가능한데 나중에 특히 134냉매 든 채로 차를팔았을시 중고로 구매한 사람은 뭤도 모르고 1234넣게되서 134와 1234가 혼합되면 위험할수있고 에어컨성능에도 안좋죠. 피팅은 바꾸는건 어렵지 않고요 불법이지만 불법을 자행하더라도 이차구매자를 위해 피팅바꾸고 스티커도 134라고 바꿔달아주는게 최소한의 배려? 입니다,우아III캐나다,2024-04-05 22:48:00,,
1431194,"ㅇㅎ 그렇군요 
자세한 설명 감사합니다 👍",이나이신기I아7I군산,2024-04-06 02:06:00,,
1431194,"해당 냉매가 전기차 화재랑 연관이 있다는 얘기가 있더라구요.과거 친환경으로 쓰기 시작한건데,대신 리스크들이 있어서 계속 쓰는게 맞냐 라는게 주된 내용 같네요.링크 참고해보셔요 김한용 모카 영상입니다.https://youtu.be/DR-GrCpQYkI?si=QhWUPASXeYFIt0Ma",경기광주 qnftkwh49,2024-04-03 07:43:00,,
1431194,"1234yf 냉매 화재관련 포스팅입니다
참고해보세요 
https://m.blog.naver.com/doohan500/222794363839",대멀총각I니로아6l충,2024-04-03 08:43:00,,
1431194,문자는 현대에서 받으신거예요?,수호천사l코나5n서울,2024-04-03 10:06:00,,
1431194,"친환경냉매는 25부터 부르던데요, 충전량에 따라서 가격이 올라가더라구요. 순간 옆에서 풀 충전에 5만원 받던 일반차가 부러워지는 순간이었어요.",무뇨I코나I제주,2024-07-25 12:25:00,,
1430580,ㅎㅎㅎ 행복한 고민이군요!! 이럴 때는 시승차 한번 타보시는게 어떠신지요?,빠숑II충주,2024-04-01 20:28:00,,
1430580,그럴 시간이 없네요..이번주내로 결정을 해야 오닉6 재고를 잡을 수 있어서 ㅠ,경주llㅇ3ㅇ,2024-04-01 20:29:00,,
1430580,"아니 200차이면 고민할게있나요????

아무리 부족하고 iccu문제가있어도",고기고기I아오6ㅣ충북,2024-04-01 20:29:00,,
1430580,목숨값이라고 생각하니 충분히 비교대상이 되더라구요..,경주llㅇ3ㅇ,2024-04-01 20:36:00,,
1430580,아니 그렇게 생각하심 그냥 아애 제외하셔야죠 이건 타협되는게 아니에요ㅋㄱㅋㅋㅋㅋ,고기고기I아오6ㅣ충북,2024-04-01 20:37:00,,
1430580,"200만원 차이밖에 안난다는게 놀라울정도
불날거 걱정되면 아애 제외하시고

스펙이나 기능 사후서비스등 비교가 안되는차량이라 봅니다 토레스랑은

현기는 결함 고치는척이라도 하는데 
쌍용은음...",고기고기I아오6ㅣ충북,2024-04-01 20:41:00,,
1430580,댓글보고 정신 확드네요 그쵸 애초에 토레스 사려다 오닉6를 보게 된것도 미래가 불투명한 회사 때문이였는데 잊고있었습니다..,경주llㅇ3ㅇ,2024-04-01 20:59:00,,
1430580,"쌍용은 고치는척도 안하나요??
초반 에러나온거 4개월만에 거의 해소되었는데요??
내차 좋으면 좋은것만 이야기 하세요
남의차 끌어내리지 마시고
여기 현기차 경험안해본사람 없어요
니로 에어컨땜에 고생했는데 6년만에 고쳐준다네요??
현기차만 20년을 넘게 탔고 쏘렌토탈때는 에바가루로 짜증나게하고
사후서비스?? 다 경험치가 다른겁니다
남의차 까지마시구요",비니I니로evxI화성,2024-04-02 02:14:00,,
1430580,"허허 아부지가 얼마전까지 전기차는아닙니다만 티볼리타셨어요

다신 쌍용차 안산다고 .....

토레스 헤드라이트커버나오는데 얼마나걸렸나요????

무선 안드로이드 오토였나???해주겠다 하고
. 나오긴했나요??얼마전까지 계속 몇번 일정 뒤로 밀렸다고 한거까진봤는데....


서비스가면 현기는 고치는척이라도해요
쌍용은 원래그렇다
다그런거고 고칠수없다 이런게 수두룩
부품없어서 기다리고 한두개가아닙니다

고장없이 한번사고 계속탄다면 모를까

 현저히 싸야 살까말까인데",고기고기I아오6ㅣ충북,2024-04-02 06:32:00,,
1430580,"티볼리는 애초에 잘 만든 차가 아니니 제외....현기랑 쌍용은 규모가 다르잖습니까규모랑 회사 사정 생각하면 열심히 하고 있긴 합니다.물론, 이걸 소비자들이 이해해줘야 할 의무는 없지만..현기는 규모도 크고 글로벌 탑3면서 ICCU 대응 보면 과거 코나EV 데자뷰 같지요 ㅋㅋㅋ성의로 따지면 현기도 입 닫고 있어야 해요....현기놈들 콱씨..",경기광주 qnftkwh49,2024-04-02 14:33:00,,
1430580,"아 저도 현기 안좋아합니다.  그나마 이것저것생각했을때 살만한게 이거라......
 
하지만 티볼리가 쌍용망해가던거 살려낸 베스트셀러모델인데.  제외란게 말이되나요???   토레스 확실히 잘나왔다고 생각합니다.  근데 한두푼도 아니고 차사면서 고려할게 많은데. 종합적으로는 어쩔수없이 현기 사는게 어쩔수없어지니까요. 좀많이 싸야사는데 음",고기고기I아오6ㅣ충북,2024-04-02 14:50:00,,
1430580,"현기보다 쌍용이 더 열심히 개선에힘쓰는거같던데요...
현기는 답없죠 
그냥 떠넘기기아니면 그렇게 만들어서 어쩔수 없다~ 이게끝인데;",룰루랄라IEV6I강원,2024-04-03 12:50:00,,
1430580,운행하시보면 충전속도 무시 못합니다.,핑크도그l아5l대구,2024-04-02 00:14:00,,
1430580,오닉6는 이런 할인 기회가 또 있을 확률이 거의 없고 토레스는 아직 할인이 없었으니 앞으로 기회가 있겠죠?,부비I아이오닉5I경남,2024-04-01 20:57:00,,
1430580,세번이나 망한회사 차를 굳이...? 잠깐 반짝해서 잘팔려도 어찌될지 모를일입니다,당근이에요I아6I전북,2024-04-01 21:06:00,,
1430580,일단 주행거리 최장은 아6입니다.그냥 긴게 아니라 1등급입니다..,인터셉터I서울,2024-04-01 21:11:00,,
1430580,"당연 아6이죠.  여름엔 완충하면 700키로
이상 나옵니다.  1년정도 탔는데 요즘 재고차에 비해
비싸게 샀어도 후회없네요.",달빛그림,2024-04-01 21:15:00,,
1430580,아이오닉6 전비만 생각하시는거면 무조건 18인치로 구매하세요.겁네 못생겨서 그렇지 겁네 멀리 갈수있습니다.ㅋ,아이오닉6조운I대전,2024-04-01 21:17:00,,
1430580,경주 보조금 아직 남아있나요? 포항은 모두 소진된거같네요ㅜㅜ,튼파파l레이l포항,2024-04-01 21:18:00,,
1430580,스탠다드 모델은 날좋은날 전비 9~10km 나올껍니다그럼 롱레인지 4륜구동과 큰 차이 안날수도 있어요ㄷㄷㄷ,거북l아이오닉5l시흥,2024-04-01 21:48:00,,
1430580,구매대수 보세요. 토레스가 전기차에서 상위에 있는 가장 큰이유는 안전입니다.,샤랄라I경기,2024-04-01 23:12:00,,
1430580,"ㅎ 여기 현ㄱ차 카페라 이미 기울어진 운동장에서 질문하시면 뻔한 대답들이지요. 제가 볼땐 아6가 할인크게하는 이유 = 잘 안팔려서 이고, 토레스는 신차에다 잘 팔리는 모델이기 때문에 가격이 비슷하게 보이는이유지요. 인기차종은 그렇게 할인 크게 안합니다.아6가 인기차종이면 현대에서 할인 안합니다. 그정도 수준까지요. 판매량이 말해준답니다. 비인기 차종이 그런 할인들어가죠. 늘 말씀드리지만 직접 현장에서 타보고 , 만져보고, 느껴보고 고르셔야지 여기 댓글로 결정하실 문제는 전혀 아니랍니다. 중요한건 둘다 타본사람의 댓글은 1도 없다는거죠. 키보드 후기러만 있을뿐입니다.",시라소니I3송도,2024-04-01 23:49:00,,
1430580,아6  iccu문제 걸릴 운빨이면 다른거사도 뭐라도 터집니다 ㅋㅋㅋ,이디I아오6I경기,2024-04-02 04:02:00,,
1428307,아이오닉5가 SKon 배터리 아니었나요..?,앤디I아이오닉5I포항,2024-03-29 10:50:00,,
1428307,"아니예요 lg일거예요
아5  ev6",성쓰lev9l울산,2024-03-29 12:51:00,,
1428307,페리오닉은 sk맞죠?,브란I경기,2024-03-29 12:54:00,,
1428307,그런가봐요^^,성쓰lev9l울산,2024-03-29 12:56:00,,
1428307,감사합니다 ^^,브란I경기,2024-03-29 12:59:00,,
1428307,egmp 플랫폼은 출시 때부터 모두 SK 배터리 입니다.,카카I아5I서울,2024-03-29 16:35:00,,
1428307,"아5는 sk on맞고
아6이 sk와 lg 듀얼벤더로 알고있습니다.",다몬루비lix3l서울,2024-03-29 21:50:00,,1
1428307,"아 그렇네요
아까검색했을땐 왜 lg로나왔찌..

다시검색해보니 아5  sk on이맞네요",성쓰lev9l울산,2024-03-29 23:05:00,,
1428307,충돌 화재사고들 많지 않았나요?연석에 살짝 긁고 화재건도 있었고...,타이드I서울,2024-03-29 10:51:00,,
1428307,그건 어느 배터리건 화재위험이..,헉이다l아5l수원,2024-03-29 10:53:00,,
1428307,아이오닉5N 부터 들어간 911배터리에 대해서 말씀하신거 같은데요?,잰틀맨l경기,2024-03-29 10:53:00,,
1428307,보통 택시 전기차 사고시 불이 붙는 이유는 배터리 문제가 아니라 전기값 아끼려고 무시동 히터를 장착한 경우가 있었습니다. 무시동 히터 연료를 앞에 프렁크에 장착하더군요. 그리고 예전에 톨게이트에서 불이난 경우는 배터리에 먼저 불이 붙은게 아니라 에어컨 가스쪽에 문젝가 있다고 들었어요. 전기차 배터리 화재 걱정보다 일반 가솔린차나 경유차 사고 후 화잭가 더 비율이 높습니다. 전기차 화재가 무서운건 발생율 보다 진입하기가 어려워서에요.,이스l경기,2024-03-29 10:54:00,,1
1428307,https://www.headlinejeju.co.kr/news/articleView.html?idxno=509845제주도에서 있었던 저 낮은 연석을 저속에서 툭치고 전소한 사건이 생각나서요.,타이드I서울,2024-03-29 11:05:00,,
1428307,아5N NCM9 아닌것으로 알고있습니다,제노I모S타이칸I수원,2024-04-01 08:57:00,,
1428307,현대는 코나때문에 lg엔솔 절대 안쓸거 같은데..,헉이다l아5l수원,2024-03-29 10:53:00,,
1428307,그럼에도 조지아주에 jv로 짓고 있네요 ㅎ,오와열 경기,2024-03-29 11:06:00,,
1428307,폴스타2 엔솔배터리(2020-2023)화재0건 보고 … 현대야… 이 통계는 뭐니…,북극성 I 2 I 경기,2024-03-30 00:40:00,,
1428307,SK이노 주가는 왜 이럴까요,여름아I리릭I난징,2024-03-29 11:20:00,,
1428307,엔솔 주가는요 ...................,오와열 경기,2024-03-29 11:21:00,,
1428307,Sk!!?ncm 811 배터리 장착되어 있는데 안심이네요ㅎ,차크닉IGV60I일산,2024-03-29 11:31:00,,
1428307,"링크좀주세요
저도한번봐보게ㅋㅋ",성쓰lev9l울산,2024-03-29 11:39:00,,
1428307,모카 오늘자 아침 업로드 영상에 나옵니다,오와열 경기,2024-03-29 11:53:00,,
1428307,gv90코치도어 영상 그건가요?,브란I경기,2024-03-29 11:57:00,,
1428307,네,오와열 경기,2024-03-29 11:58:00,,
1428307,"잘보고있습니다^^

다같은배터리가아니군요

sk on이라도 구반반? 이게제일좋다네요",성쓰lev9l울산,2024-03-29 12:52:00,,
1428307,EV9도 sk on배터리입니다,나이니lEV9I경기,2024-03-29 12:15:00,,
1428307,"오 그러네요
sk on 구반반 이래요

이참에 많이배우고갑니다",성쓰lev9l울산,2024-03-29 12:57:00,,
1428307,모카형은 전기차 급발진 없을거라고 한창 쉴드치다가 언젠가부터 급발진영상 안올리더라구요  ㅇ _ㅇ;,전기구이오징어,2024-03-29 16:11:00,,
1428307,충분히 했다 이런 느낌..,북극성 I 2 I 경기,2024-03-30 00:39:00,,
1428307,얼마전에 현대랑 SKon 80조 규모 배터리용량으로 590Gwh 규모 실계약했다고 기사떴었습니다.대당 80kwh 기준으로 730만대 분량이고 시기상 인터배터리에 전시된 SF+ 니켈 92% 비율의 15분충전 배터리일것으로 보입니다.참고로 아5페리 아5N ev9에 들어간 배터리는9반반 이라고 불렸지만 안정성을위해 88% 비율 이었다고 합니다.기존 NCM811 배터리는 83% 비율이었구요.꽤나 유의미한 성능 향상이 있을걸로 보입니다.,이상민l구미,2024-03-30 02:28:00,,
1428307,"어차피 파우치 형태의 베터리는 충전상태에서 충격받거나 구겨지거나 찍히면 화재가 잘 납니다. (파우치 베터리 단독으로 찍혀서 불나는거 몇번봤음/한개도 잘안꺼짐/다른형태는 모름)
개인적으론 egmp 플랫폼이 경량화를 오히려 너무 잘해서(?) 못미덥습니다. 배터리 팩을 지켜주려면 무조건 철판이나 프레임이 더 들어가야 한다고 봐요

그런면에서 gv70 볼보c40리차지 bmw ix 시리즈등 내연 플랫폼이 훨씬 안전하다고 생각합니다. 

파우치형 Lg, sk 는 화재위험성 그게 그거라 생각 되네요..",로또아빠l충남,2024-03-30 22:37:00,,
1428307,,레이IEQA아이6I경기,2024-04-26 06:49:00,,
1427968,그러려고 생각은 하는데 안전문제니 쉽지않네요,2093lEv9l경북,2024-03-28 21:34:00,,
1427968,"와~~ 대박 쿨하시네요
내연기관도 주행중 엔진꺼지면 겁나서 못탈것 같은데...
전기차 멈추니 내연기관도 그럴수 있으니 깊게생각 말라니...ㄷㄷㄷ
기아 관계자 신가요?",용접l테슬라 모Yl경남,2024-03-28 21:45:00,,
1427968,"내가족이 타고가다 누구한명 인사사고라도 나서도 그런 생각 할수 있을까요?
주행중 불나던 내연 기관차도 엔진 꺼지는 내연기관차도 주행중 멈추는 전기차도. 모두 문제 아닙니까. 벌금 진짜 조단위로 때려야죠 생명 위협인데",용접l테슬라 모Yl경남,2024-03-28 21:53:00,,
1427968,그럼 기아차 X같네요. 그냥 부셔 버려요!!이렇게 얘기해요??  위로의 댓글을 써주는게 예의지좋게 얘기해주는거 돈드는거 아니잖아요. 차주는 얼마나 속상하겠나 생각해보세요.,아이오닉6조운I대전,2024-03-28 22:01:00,,
1427968,"기아 내연기관 차 타고 고속도로에서 시동 꺼짐 당해본 저로써는

다른 차도 그런일 발생할수 있는겁니다 너무 깊게 생각하지 마시지요
라는 말 이 꼭 위로로만은 안보이네요
출시가 언제인데 아직도 이런 상황나오는데
제대로 대책도 없고 에휴 다같이 불매든 뉴스꺼리로 만들어야 개선이 되겠죠
안전 문제인데....",용접l테슬라 모Yl경남,2024-03-28 22:11:00,,
1427968,깊게생각해야될문제예요,성쓰lev9l울산,2024-03-28 22:33:00,,
1427968,"같이 욕해도 될상황인데요? 욕해야 오히려 위로 될수도잇는데 
진짜 x같은 상황인거 맞는거같은데요??",시우파파l서울,2024-03-28 22:50:00,,
1427968,"국토교통부는 메르세데스-벤츠코리아, 스카니아코리아그룹, 현대자동차, 비엠더블유(BMW)코리아, 바이크코리아에서 제작 또는 수입·판매한 28개 차종 1만2881대에서 제작결함이 발견돼 자발적으로 시정조치(리콜) 한다고 20일 밝혔다.벤츠 E 230 4MATIC 등 11개 차종 9620대는 연료펌프 내 부품(임펠러) 결함으로 연료공급이 제대로 되지 않아 주행 중 시동이 꺼질 가능성이 확인됐다. S 580 4MATIC 등 6개 차종 650대는 12V 접지선의 연결볼트 고정 불량으로 전기저항이 증가해 화재가 발생할 가능성이 있다. https://n.news.naver.com/mnews/article/243/0000050467?sid=103",울트라버터I코나I서울,2024-03-28 23:16:00,,
1427968,"1년도 안 된 1억 짜리 '지프', 주행 중 시동꺼짐 고장 반복...서비스센터는 한달째 감감무소식 https://www.consumernews.co.kr/news/articleView.html?idxno=682439",울트라버터I코나I서울,2024-03-28 23:17:00,,
1427968,[단독]‘주행 중 시동꺼짐’ 벤츠 E·C클래스 2만대 리콜…지난해에도 상위권 벤츠 https://n.news.naver.com/mnews/article/277/0005207381?sid=103,울트라버터I코나I서울,2024-03-28 23:17:00,,
1427968,"현대차 ‘더 뉴 팰리세이드’, ‘주행 중 시동꺼짐’으로 4072대 리콜 결정 https://n.news.naver.com/mnews/article/021/0002522960?sid=101",울트라버터I코나I서울,2024-03-28 23:18:00,,
1427968,[단독] 잔고장 잦은 랜드로버 주행 중 시동 꺼짐만 3번…수리비 환불 요구에 “소송하라” https://n.news.naver.com/mnews/article/022/0003735580?sid=103,울트라버터I코나I서울,2024-03-28 23:18:00,,
1427968,"차주 생명 위협하는 BMW, 잇따른 ‘주행 중 시동꺼짐’ 2년 째 원인 불명? https://www.thepublic.kr/news/articleView.html?idxno=56955",울트라버터I코나I서울,2024-03-28 23:19:00,,
1427968,"비엠더블유코리아가 수입·판매한 BMW 520d와 320d, 420d Coupe 등 32개 차종 6028대에서는 엔진 제어장치 진단 소프트웨어 오류로 엔진 경고등 점등과 주행 중 시동 꺼짐 가능성이 확인됐다. https://n.news.naver.com/mnews/article/079/0003626395?sid=101",울트라버터I코나I서울,2024-03-28 23:20:00,,
1427968,"포르쉐, 전기차 타이칸 '주행 중 시동꺼짐 현상' 전량 리콜 https://www.theguru.co.kr/news/article.html?no=22889",울트라버터I코나I서울,2024-03-28 23:20:00,,
1427968,르노삼성 SM3 주행 중 시동 꺼짐…19개 차종 16만여 대 리콜 https://n.news.naver.com/mnews/article/055/0000856886?sid=101,울트라버터I코나I서울,2024-03-28 23:21:00,,
1427968,가족 태우고 또 그럴수도 있는건데 깊게 생각하지 말라는게 대체 뭔 소린가요? 나 혼자 타고 있다가 그래도 조같을 일인데 말이죠문제 해결이 될지 아닐지 차를 버릴지 말지 고민 많이하고 깊게 생각해야지. 자동차 운전이 장난입니까?,료IixI경기,2024-03-29 01:03:00,,
1427968,국토부랑 현기를 까세여 뎃글 쓰신분이 뭔 잘못을 하셨다고 열을 내실까요,지지찍lev9l경기,2024-03-29 11:30:00,,
1427968,내차 현대 코나인데 현기차 까지마라. 거슬린다. 이런느낌! 급발진 하십니꽈.,시라소니I3송도,2024-03-29 14:02:00,,
1427968,그냥 멈춰버리나요?,빅터세븐Iix50l창원,2024-03-28 21:30:00,,
1427968,넵,2093lEv9l경북,2024-03-28 21:33:00,,
1427968,주행중에 그러면 ㅠ 현기차 문제많네용,짝뚱매냐Iev9I광주,2024-03-28 21:30:00,,
1427968,Iccu 가 아닐까 생각됩니다…,서울ll아우디e트론,2024-03-28 21:31:00,,
1427968,이번 Iccu 리콜 업뎃 하셨나요?,감사한순간Iev6I강원,2024-03-28 21:33:00,,
1427968,ev9은 대상 아닌걸로  알아요,2093lEv9l경북,2024-03-28 21:33:00,,
1427968,서서히 멈추나요 아니면 그냥 서버리나요... 진짜 위험하겠네요....,부산명지,2024-03-28 21:35:00,,
1427968,그냥 급브레이크처럼 멈춰버립니다,2093lEv9l경북,2024-03-28 21:36:00,,
1427968,우와 진짜 고속도로면 큰일 나겠네요ㅠㅠ,부산명지,2024-03-28 21:38:00,,
1427968,급브레이크처럼요?고속도로에서는 진짜 위험하겠네요,짝뚱매냐Iev9I광주,2024-03-28 21:48:00,,
1427968,"헐..원래 주행 좀 되지않앜ㅅ나요 iccu와 좀 다른유형의 오류인가보네요 펑소리는 안나셨어요??

고속도로 아니셔서 다행입니다",시우파파l서울,2024-03-28 22:51:00,,
1427968,급정거는 전방추돌방지 시스템에서나 작동되는듯 한데 ...전방 추돌 방지 센서 오작동이 아닐까 싶기도하고 ev9 차주로써 신경 쓰이는 일이네요차후 일처리도 공유해 주시면 좋겠습니다,바다창고EV9충남,2024-03-29 05:31:00,,
1427968,오른쪽 뒤쪽방향에서 펑 소리 났어요,2093lEv9l경북,2024-03-29 06:53:00,,
1427968,와우 사고안나셔서 다행입니다,시기얌I대구,2024-03-28 21:37:00,,
1427968,iccu 문제네요 ㅠ 기존차는 업뎃으로 급멈추진않고 40키로 속도저하되던데 ㅠ 큰일날뻔히셨네요,엘리IGV60I화성,2024-03-28 21:42:00,,
1427968,고속도로면 큰일 나겠어요 ...  ICCU 해결이 불가 한것 같아요,탱크lEV9I시흥,2024-03-28 21:43:00,,
1427968,어우 이거 식겁 하셨겠는데요 아직 여러모로 문제점들이 많긴 하네요 문제점 잘 찾아서 잘 해결하시길 사고 안나시고 안다치신게 제일 다행입니다,화성남IETreonI화성,2024-03-28 21:59:00,,
1427968,"와미쳤다.ㅈ
다치신덴없으시죠?,,
이거강하게나가야되요
까딱하단 진짜 큰사고날뻔했네요
언론에제보하셔야..",성쓰lev9l울산,2024-03-28 22:00:00,,
1427968,iccu터졌네요,빈이lEV6l광주,2024-03-28 22:48:00,,
1427968,이거 iccu아닌가요? ㄷㄷㄷ,광전l자가발전전기차,2024-03-28 22:53:00,,
1427968,아... 큰사고로 이어지지않아 천만 다행입니다 많이 놀라셨을텐데 잘 추스리시기 바랍니다 시간나실때 원인과 수리 경과 공유부탁드립니다!,시리우스lEV9l충북,2024-03-28 23:05:00,,
1427968,"조금의 주행여유가 있는줄 알았는데.. iccu 터져도 최소한 갓길에 세워야지 했는데...바로 멈추다니요...
완전 겁나네요...",바이홍l오닉5l경북,2024-03-28 23:31:00,,
1427968,"iccu는 서서히
멈추는데
이건 아닌가 봐요 ㅠㅠ",좋아빠르게lGv70l일산,2024-03-28 23:34:00,,
1427968,헐... 서서히도 아니고 바로 멈추다니..  혹시 저속주행이셧나요? 그래서 바로 멈춘거는 아니엇는지요? 고속도로에서... 고속에서 바로 스면.. 바로 염라대왕 보러가야될거같은데...,대구lev9l루서랑,2024-03-28 23:53:00,,
1427968,"사고나서 차량 화재로 불탔으면, 증거도 없고...
그냥 운전미숙이나 졸음운전 엔딩 아닌지..

큰 사고가 안나서 천만다행입니다
놀라신 마음 잘 추스리시고, 정비 잘 받으세요",아련다솜I모델3l경북,2024-03-29 01:21:00,,
1427968,"iccu 는 아닌듯한데
보통 iccu터져도 12v배터리 방전될때까지
어느정도의 운행은 된다고 알고있는데..",성쓰lev9l울산,2024-03-29 01:32:00,,
1427968,"갑자기 선다니...중고차 알아보고 있었는데.. ,허..",삼척l포터ix3l강원,2024-03-29 03:44:00,,
1427968,주행 중 멈췄다고 했는데 어떤 상황인지 상황에 대한 설명이 더 있으면 좋겠습니다.,수원ll피비비,2024-03-29 07:06:00,,
1427968,상황이라고 할게 없습니다 좌회전중이였고  주행중에 오른쪽 뒤에서 펑 소리 나면서 차가 급정거 했습니다.,2093lEv9l경북,2024-03-29 07:11:00,,
1427968,"저도 iccu 터져봤는데.. 이게 터져도 12v 배터리가 바로 방전되는건 아니라서 한동안 움직여 지더라구요
근데 펑 터지자 마자 바로 급정거하고 운행자체가 안되신거에요?",니브legv70ev9l전남,2024-03-29 08:21:00,,
1427968,네 저같은 경우엔 바로 정지되었습니다. 그래서 도로 한쪽을 막고 있었어요 차빼고 싶어도 빼지도 못해서 여러분들께 민폐였네요,2093lEv9l경북,2024-03-29 09:00:00,,
1427968,"아이고.. 이건 큰문제인데요
다른차들에서 나오는 전형적인 iccu 터진거랑은 증상이 다르네요 ㅠ
수리하시면 결과 공유좀 부탁드립니다",니브legv70ev9l전남,2024-03-29 09:01:00,,
1427968,넵,2093lEv9l경북,2024-03-29 09:02:00,,
1427968,펑소리 까지 났으면 빼박 ICCU LDC 터진건데여 EV9 너마져 ㅜㅜ,검둥아냐IEV9GTLI광주,2024-03-29 07:27:00,,
1427968,한두푼 하는 것도 아니고 비싸게 팔았으면 제 값을 해야 하는데 . . .,내꿈실현,2024-03-29 07:58:00,,
1427968,진짜 사람들 iccu를 너무 얕게 생각하시네 ㅋㅋ 진짜 중요한 문젠대,재현l모델3l경기,2024-03-29 08:04:00,,
1427968,펑소리면 iccu인데 참... 문제네요 정말..,맛빵I모델YLRI서울,2024-03-29 08:09:00,,
1427968,아 아이오닉 예약해놨는데 너무 걱정이에요..,언더우드강l경기,2024-03-29 09:11:00,,
1427968,"시내 저속은 그렇다해도 고속도로라면 아찔하네요.
급정거면 뒤에서 안전거리 유지 안했으면 대형 사고인데…",율스빠I봉고3evI충남,2024-03-29 09:15:00,,
1427968,댓글 보니 펑소리나면서 멈추면 iccu 문제군요. 사업소에서 결과 나오면 공유해주세요~!,찰스 l ev9 l 경기,2024-03-29 09:25:00,,
1427968,각종 상 받는 최강 현기차가 이럼 안되는데.. 잘 해결되시길 바랍니다..,mAvAmI모yQ4I경기,2024-03-29 10:53:00,,
1427968,"솔직히 다른 차들도 시동꺼져요 로 물타기 하는거 너무 역함...
물타고 싶어도 사고날뻔한 운전자 걱정 먼저 해주는게 도리 아닌가요",두두둥실I경기수원,2024-03-29 10:56:00,,
1427968,너무 빨아도 너무 빨아줍니다. 대기업을요.  수정해야하고 이건 아니라고 같이 욕을 해야될판에 말이죠. 그려러니 하라는 마음가짐은 뭘까요,시라소니I3송도,2024-03-29 11:24:00,,
1427968,전기차관련주 개미들이라 그래여 ㅋ,경기I애국소비,2024-03-29 12:14:00,,
1427968,ev9 출시 초기에 시동꺼짐 및 급정지로 뉴스나온 적 있는데 초기생산분 차량인거 감안하면 그때랑 동일한 이슈인 것 같습니다. 사고수습하시느라 여러모로 맘고생 많으셨을 것 같습니다. 안다쳐서 다행이고 차량 무사히 잘 수리되시길 바랍니다.,서울ll흑섭,2024-03-29 11:21:00,,
1427968,아무쪼록 빨리 해결되어야 오너들이 맘편히 운전을 할수 있을텐데요.. iccu 이슈가 끊이지 않네요 ㅠ,깜시lid4l인천,2024-03-29 11:53:00,,
1427968,별거아니라니. 현기쉴드도 적당히 쳐야지. 현기 정신못차리는데는 유저들도 책임이있는듯합니다 이정도면.,리노IIX1I경남,2024-03-29 11:57:00,,
1427968,"아주 심각한 결함인데 몇몇댓글들    
정신이상자 같네요. 이런 이슈는 크게 만들어서 소비자가 안전할수 있도록 개선이 되야하는 부분을 참,, 차주님 고생하셨습니다.",달마l코나l경기,2024-03-29 12:17:00,,
1427968,무섭네요..,에보I폴스타2I창원,2024-03-29 12:25:00,,
1427968,정말 생명과 직결된 문제라…,탕탕2루니경기,2024-03-29 13:13:00,,
1427968,고속도로였으면 대형사고날뻔,키원Ieg80I전남,2024-03-29 19:26:00,,
1427968,이거 뭐 불안해서 장거리 못타것네요..ㅡㅡ;;;;;,쥬고돈ㅣEV9ㅣ수지,2024-03-30 09:12:00,,
1427968,아찔하네요~~,노올부IEV9I용인,2024-03-30 21:54:00,,
1427371,마녀사냥이네요...,재빵몬liX3l청주,2024-03-28 09:00:00,,
1427371,헐... 요즘 지자체에서도 아파트 충전인프라 확충을 권고하는 것으로 알고 있습니다.입주민이 어떤분인지 시대흐름을 역행하는 분이시네요.. ㅋㅋㅋ,나노I아이오닉5I경기,2024-03-28 09:16:00,,
1427371,"강남의 비싼 아파트에도 다 있다고 하세요.전기차 충전시설도 없으면 후진 아파트라는 인식이 퍼져야 합니다.  주차 공간도 별로 없어서 추가 못하는 거고.품질이 낮은 배터리/차량/충전기들이 문제를 일으킬 확율이 높은데,어쨌든 지금 설치 안 하면 몇년뒤 아파트 똥값 평가를 받을 수도.",수IeGV70I경기,2024-03-28 09:16:00,,
1427371,전기차 충전 시설도 없는 낙후된 똥값 아파트라는 인식.,수IeGV70I경기,2024-03-28 09:17:00,,
1427371,19년도 코나 한창 불나는 뉴스나올때 매일같이 아파트 게시판에서 듣던거구요.  신경안써도 됩니다. 누구하나 와서 뭐라는 인간 없었구요.  오히려 제주변에 차 안대서 더 좋더라구요,연천l코나l양택이,2024-03-28 09:17:00,,
1427371,와진짜 그아파트는 전기차충전기만 문제가아니라 입주하면... 답이없을듯하네요 ㅋㅋㅋㅋ,포항legv70l신인,2024-03-28 09:18:00,,
1427371,2~3년내에  아파트에 충전시설이 50개 이하면 개똥 아파트라는 인식이 퍼질겁니다.,수IeGV70I경기,2024-03-28 09:19:00,,
1427371,범법자들이네요,우주생활Iev9I경기,2024-03-28 09:24:00,,
1427371,신경쓰지 마세요..소수 개념 없는 몇명의 의견일 뿐입니다...수백명의 입주민 중 거기에 글쓰고 동조하는 몇명의 의견일 뿐이죠..근데 그몇명이 동족한다고해서 글쓴이는 그게 모두의 생각이라고 착각하고 있죠...ㅎㅎㅎ,파인I모델3I화성,2024-03-28 09:24:00,,
1427371,"이게 전부 언론탓이죠
화재가 날때 '전기차'가 아니라 '@@'이라고 차량명을 콕 찝어 언급해야하는데, 물귀신 마냥 '전기차'라고해서 모든 전기차가 피해를 보네요

답답하긴 하겠어요",아련다솜I모델3l경북,2024-03-28 09:28:00,,
1427371,"요즘 한치앞도 보지못하는 사람이 많습니다.
볼만하겠네요 미래에는 지하주차장에 차가 한대도 없겠어요 불날까봐 무서워서",막장판금IEV9I아산,2024-03-28 09:39:00,,
1427371,무식한 것들이 똥고집은 말도 못합니다. 정말 왜들 저럴까요?,동전I오닉5I대구,2024-03-28 09:40:00,,
1427371,촌사람들이 더하네요 ㅋㅋㅋㅋㅋ,윤짱l아이오닉5l대구,2024-03-28 09:51:00,,
1427371,차 말고도 이래저래 다른 문제도 시비 많이 걸듯하네요 ㅡㅡ;;,안양II대상혁,2024-03-28 09:57:00,,
1427371,https://www.donga.com/news/Economy/article/all/20230926/121372086/1https://biz.chosun.com/topics/topics_social/2023/08/25/VYGS3ZOZEZBXHDK5WFFXLPEOP4/통계적으로 화재비율이 더 낮습니다..,여봉선I아오닉5I천안,2024-03-28 10:00:00,,
1427371,지하에서 전기차랑에 불이 난다면 큰일이긴 하죠. 이해는 되지만지상에 전기차주차장을 만들어 주고 떠들던가..,따치l니로GV60l제주,2024-03-28 10:17:00,,
1427371,’지하주차장 출입이 불법‘같은 소리를 하네….,뇌근II울산,2024-03-28 10:28:00,,
1427371,아무리 이야기해도 안바뀝니다 저도 아파트 들어가는데 충전기 전기문제로 거의 10개월정도 사용못했습니다 전기차주들끼리 아라서하라더니 결국은 입대협 허락받아야되고 그냥 무관심입니다 전기차주한분만 입대협있으면 참 편할듯합니다,전남 ev6,2024-03-28 11:02:00,,
1427371,안타깝죠 무지성,수원INIROI광교,2024-03-28 11:54:00,,
1427371,불법일리가 없으니 그렇게 불안하면 본인들이 밖에 대라고 해주고 싶네요 ㅋㅋ,호두스Ii4I경기,2024-03-28 13:03:00,,
1427371,내연차도 지하 못들어오게 해야함 지하라 매연 잘안빠짐 지하는 친환경차만 출입할수 있게 해야함 ㅎ,홍길동I아오6I수원,2024-03-28 16:38:00,,
1427371,싫어해도 어쩔수없죠ㅎ 신경쓰지마세요,쿠키I아닉5I강원,2024-03-29 11:54:00,,
1427371,오히려 설치안하면 벌금내야할판인데 ㅋㅋ,골드키위IEV9I광주,2024-03-30 07:47:00,,
1425313,중고로 구입해서 잘 타고다니는 1인입니다.1. 혼자 출퇴근용으로 탐2. 불나면 혼자만 잘 도망가면되니까 그냥탐. 배터리 리콜되어있는것 구매3. 불나면 다음엔 더 좋은거 사봐야지하고 탑니다.전기차 초보 찍먹으로는 딱 좋은것 같아요 ^^:,안성스I코나EVI경기,2024-03-25 16:41:00,,
1425313,"문제되었던 차량들 대상으로 배터리 교환 리콜 실시하여, 지금 돌아다니는 차량들은 문제 없는것으로 사료되옵니다... 다만, 구입하기전 배터리 교환했던 증명서를 꼭! 요구하시고 직접 확인하세요! 배터리 교환 안받은 차량은 피하시는게 좋습니다. (아무리 리콜을 해도 절대 교환하러 안오는 청개구리들이 꼭 있기 때문에...)",울트라버터I코나I서울,2024-03-25 16:44:00,,
1425313,리콜 안받은차는 구매해도 리콜 받을수 있지않나요?,니로정했다l레이l대구,2024-03-25 17:00:00,,
1425313,소프트웨어 업데이트로 리콜이라 표현하는건가요?,자연인 코나 대구,2024-03-25 17:15:00,,
1425313,"?!
리콜은 뭐든 업데이트던, 하드웨어교체던 중대한 결함이면 다 해당됩니다.
위에 얘기하는건 배터리 교체요",니로정했다l레이l대구,2024-03-25 17:20:00,,
1425313,"아직교환안했으면
구입후 직접 교환하면 되지않을까요
교환해주는 기한지나서 안해주는거있나요",시지l오닉 코나l대구,2024-03-25 23:00:00,,
1425313,차량 사업소에서 확인가능하겠죠?  중고로구입 할려고하니 여러가지  불안해서 말이죠..,자연인 코나 대구,2024-03-25 16:47:00,,
1425313,리콜 받을수있는 기간이 있나요? 밧데리  리콜이라면 소프트웨어업그레이드가 아니라.. 밧데리 전체 통으로 바꿔준다는 말인가요?적용 대상이 어떻게 되는지..2018-2020년 생산차인가요?,자연인 코나 대구,2024-03-25 17:14:00,,
1425313,구형은 아니고 23년형 2세대 타고 있습니다매우매우 만족 합니다옵션 좋고 주행성능은 이정도면 나쁘지 않고화재는 2세대는 이슈가 없는거로 알고 있습니다다만 충전시간이 쫌.. 아쉽네요,난이막내IEV코나I서울,2024-03-25 18:32:00,,
1425313,답글 감사드립니다,자연인 코나 대구,2024-03-25 18:53:00,,
1425313,"2018년식입니다
2020년 중고구매후 너무만족히며타고있어요
중간에 차박이나 여러가지문제로 아5 기변할려고 맘먹었는데
코나 아까워서 못하고 그냥타고있습니다",시지l오닉 코나l대구,2024-03-25 23:02:00,,
1425313,,레이IEQA아이6I경기,2024-04-26 06:50:00,,
1425313,"19년식, 배터리 교체 후에는 딱히 화재걱정 없이 타고 있습니다. 화재 문제 말고, 차가 작아서 팔고 아오5로 바꾸고 싶네요.",헬리I코나EVI세종,2024-05-09 18:44:00,,
1424907,코나 참 좋죠 소형suv포지션이 참 좋은것 같아요,본명I볼트evI서울,2024-03-25 11:06:00,,
1424907,"네 전 매우 만족합니다 
좀 비싸고, 주위에서 화재위험을 하도 이야기하긴 했지만 
저 주행량에는 전기차가 맞는것같아서
과감하게 선택했습니다
그리고 코나 디자인도  맘에 듭니다",와인글라스창원,2024-03-25 11:10:00,,
1424907,배터리 리콜한 차량은 화재 없었던거로 알고 가격차이는 저렴한 유지비로 신나게 타고다니면 오히려 싸게 느껴질겁니다오일류신경도 안쓰고 주유소를 굳이 안가도 되니 저는 오히려 좋더라구요,본명I볼트evI서울,2024-03-25 11:20:00,,
1424907,"좋은 말씀 감사해요
저두 집에서 충전하니 좋아요",와인글라스창원,2024-03-25 11:24:00,,
1424907,코나 17인치에 스타일 옵션 추가 불가라 포기한 차량이라 잘 맞으셔서 다행이네요~,잰틀맨l경기,2024-03-25 16:44:00,,
1424782,구매하실거면 최대충전을 90%정도만 계속하신다고 생각하셔야 될듯합니다.,물고기l 코나ev l청주,2024-03-25 01:18:00,,
1424782,ㅠㅠ 그냥 EV3 기다려봐야겠네요..,욱주아빠,2024-03-25 08:06:00,,
1424782,난 19/12월 생 인대 10개월 후 리콜을 받았습니다.현재 급속 90% 완속 100% 으로 세팅 하고  현재 4만k. 잘사용 하고 있읍니다 ㆍ,무등산 코나광주,2024-03-25 20:59:00,,
1423728,네 맞아요. 냉각수 이슈 없는차 기대해요,산호세I경기,2024-03-23 11:23:00,,
1423728,시기상조론은 전기차 타고 계신분들이 좋은건 오래 누리고 싶어서 일부러 퍼뜨려야 합니다. 전기차 많아지면 세금 올리고 충전료 올리고 충전 힘들고 좋을게 없지요 ㅎㅎ,매드I아이오닉5I울산,2024-03-23 11:24:00,,
1423728,그 말도 맞네요^^,임천,2024-03-23 11:26:00,,
1423728,저도 전기차 타고있지만 시기상조가 맞습니다.외국은 충전 인프라가 잘 돼있으니 전기차 천국이겠지만 한국은 전기차 점유율 높아질수록 충전경쟁만 과열될 뿐이에요.안타는 사람들에겐 결국 시기상조로 보일수밖에요,kalleqal경남,2024-03-23 11:30:00,,
1423728,구글링해 보시면 우리나라가 충전 인프라 세계 탑클래스란 걸 확인하실 수 있을 겁니다. 제 기억으로는 유럽의 작은 나라 하나만 우리보다 더 설치되어 있었습니다.,철리i4타이칸I서울,2024-03-23 22:17:00,,
1423728,한국은... 직장도 그렇지만 돈이 되는걸 확인해야 시설 투자를 해주더라구요... 시설 투자를 하고 돈을 버는게 아니라 일단 돈이 벌리는걸 보고 돈을 더 벌기위해 시설에 투자하는 시스템이라... 전기차가 어느정도 늘어나서는 무리라 봅니다. 그리고 미국은 주택에서 사는 경우가 많아 충전이 용이하지만 한국은 아닙니다. 한국은 수소전기 하이브리드가 맞습니다. 한국에서 전기차 대중화는 100% 확률로 불가능 하다 봅니다. 세상 천지에 충전소가 널려도 안됩니다. 아파트 주차라인 모든면에 충전기가 있어야 합니다.... 한마디로 불가능합니다.,너의원금은I볼트I경기,2024-03-23 11:34:00,,
1423728,타보니 시기상조 맞습니다.. 암튼 맞음.. ㅎㅎ,척추타노I예정I서울,2024-03-23 11:53:00,,
1423728,그냥 우리끼리만 타시죠,난I아이오닉6I서울,2024-03-23 12:00:00,,
1423728,시기상조론을 계속 터트려야 ㅎㅎ,엘리IGV60I화성,2024-03-23 12:10:00,,
1423728,전기차는 아직도 멀었습니다 (저만 타면 됩니다),이바람IEQSI서울,2024-03-23 12:46:00,,
1423728,회사에서는 단점만 얘기해야지 회사밥을 편하게 먹을수 있어요,거북l아이오닉5l시흥,2024-03-23 12:55:00,,
1423728,ㅋㅋㅋ 팁 감사합니다,서펜하우어Ii3I인천,2024-03-23 19:07:00,,
1423728,시기상조론은 영원해야함..,광전l자가발전전기차,2024-03-23 13:15:00,,
1423728,전기차사고 후회안함  앞으로 내연기관은 생각도 않해요,브이콘lEV9GTl대전,2024-03-23 20:33:00,,
1420931,"개인 성향,취향에 따라서 천차만별입니다",xynose,2024-03-19 21:17:00,,
1420931,catl ncm도 있어요.니로 코나 신형 catl거 6.2.2 입니다.,상한가l니로l전국,2024-03-19 21:19:00,,
1420931,조만간 국내배터리 업체도 LFP 나올거에요. 본인 사정에 맞게 선택하시면 될것같습니다,쀏l아5넥쏘l경기,2024-03-19 21:20:00,,
1420931,그럴 정도는 아니라고 봐요,아련다솜I모델3l경북,2024-03-19 21:28:00,,
1420931,LFP 배터리 완전 사랑입니다^_^,한쿨짱l코나l창원,2024-03-19 21:34:00,,
1420931,"오히려 화재에도 좀더 적은
배터리라고 합니다.
성능?은 3원게 가 좀더 좋은데
태생적 발화가능성은 갑이죠.",설악 l EVX l 인천,2024-03-19 21:36:00,,
1420931,조만간 우리나라 lfp 개발됨 이거 좋다고 떠들거 같단 생각이 드는건 왜일까요..?,베짱이IeGV70I대구,2024-03-19 21:38:00,,
1420931,"LFP가 가성비 좋아요. 
거르지 마세요.",각샘Ii4I동탄,2024-03-19 21:46:00,,
1420931,네,고구려기상I경기,2024-03-19 21:46:00,,
1420931,싸고좋은차는없다ㅎ,완주I코나l빈,2024-03-19 21:47:00,,
1420931,진리죠 ㅎㅎㅎ,루이ㅣ레이ㅣ남양주,2024-03-19 22:46:00,,
1420931,전기차 배터리 규모의 경제가 어느정도 확립되었다고 생각합니다.그러면 NCM배터리 가격이 내려갈 것이고 LFP점점 안쓰게 될 것이고만약에 NCM 가격이 올라가도 지금 쌀때 사는 것이 나을 것이고나중에 중고로 판다고 생각해도... LFP가격이 떨어지면....그래서 배터리 가격이 오르든 내리든 LFP는 걸러라 하는거라고 들었습니다.,제일싼Iq4이트론I대구,2024-03-19 21:56:00,,
1420931,"아직까지는 우리나라에서 LFP 인식은 삼원계 배터리의 하위호환정도로 보고 있습니다.프리미엄 자동차에는 거의 대부분 기업들이 삼원계 배터리를 쓰고 있고, 811 배터리, 9반반 배터리 등의 고밀도 배터리는 성능을 최대치로 끌어내고 싶은 차종에 많이 탑재됩니다. 단점은 역시 가격인데... 아무리 저렴해도 2천만원 이상입니다. 코나EV에 들어가는 삼원계 배터리도 2600만원 정도로 알고 있습니다. 어지간한 준중형차 한대 값인데 꽤 흉악한 가격이지요. 국내에서는 GV60, EGV70, EG80, 코나EV, 아이오닉5,6, 니로EV, EV6,9 등에 들어가는 배터리로, 국내 전기차에는 거의 삼원계가 들어갑니다. 삼원계 배터리 관련해서 화재이야기가 제법 나오는데, 여기 전기차 회원만 100만명에 육박하는데 화재 났다는 분 찾기가 하늘의 별따기만큼 힘듭니다. 그만큼 국내에서는 신뢰도가 높고 보편화 된 배터리입니다.반면에 토레스EVX, 레이EV 같은 전기차는 어떤 퍼포먼스 보다는 압도적인 가성비를 무기로 하는 차종인데, 이런 차종에는 삼원계가 아닌 LFP 를 탑재해서 가격경쟁력을 극대화시키고 있습니다. 일반적으로 LFP 배터리는 삼원계 배터리의 반값 정도로 알려져있습니다. 현재 BYD의 블레이드 LFP 배터리가 제일 대중적으로 쓰이고 있는데 삼원계의 8~90% 정도의 에너지 밀도를 보여줍니다. 일단 가격적인 측면에서 이점이 확실하기 때문에, 향후 국내의 많은 차종에 LFP 가 탑재될 것으로 보고 있습니다.  다만, 일각에서는 LFP 배터리가 고출력에 지속적으로 노출시킬 경우 배터리 열화가 빠르게 진행된다는 주장이 있고, 실제로 BYD 소비자센터에 올라온 글 중에 배터리 SOD 관련한 문의가 제법 됩니다. 현재 국내에는 LFP 배터리가 풀린지 얼마 안되서 이와 관련된 누적정보가 많이 없습니다. 누군가는 베타테스터가 되어야 한다는 뜻이지요. 이런 우려를 인식해서 토레스 EVX 는 배터리 보증을 10년 100만km 를 선언해서 판매 중입니다. 사실 두 배터리 모두 성향이 어떤지만 알고 산다면 저는 LFP 라고 해서 딱히 문제될 건 없지 않나 생각합니다. 프리미엄의 삼원계, 가성비의 LFP. 이렇게 투 트랙으로 살아남지 않을까 싶습니다.",아이오니아5l아5l여수,2024-03-20 03:41:00,,
1420931,그냥 본인이 lfp 탑재한 차량 타는사람은 상관없다 하고 ncm 탑재한 차량 타는 사람은 안좋다고 해요.본인 생활권에서 중단거리 용이면 배터리는 아무 상관없다고 생각합니다. 편하신대로 하시면되요.,맥스큐lEV6l경남,2024-03-20 08:00:00,,
1420931,LFP 안정성이 더 좋습니다^^,달려라우주맨,2024-03-20 08:40:00,,
1420931,고정관념아닐까요?,시라소니I3송도,2024-03-20 09:53:00,,
1420931,"현재 국내에 lfp탑재차량이레이ev토레스evx모델3,YT4k  이렇게 있는데, 다들 평가가 좋고 잘 만들어진 차량들입니다. 주행거리 등은 여러 매체나 인증들이 있으니 그것 참고하시면 될 테구요. 승차감이나, 가속성능 등은 직접 타보셔야 할겁니다.",디오니ㅣ모3ㅣ서울,2024-03-20 09:55:00,,
1420931,"제외하세요~~~~~

좋은거 나만탈래요^^",비니I니로evxI화성,2024-03-20 10:42:00,,
1420931,저도 전기차견적받아보는중인데 유튜브에 쳐보면 자세히나오던데요 서로장단점있고 인산철배터리가 ncm보다 훨씬오래쓴다고는알고있어요 겨울철에 성능저하는 히트펌프없으면 비슷하다고도하던데요  저도가성비로알아보는중이라 토레스견적서받아서 조만간 계약진행할거같은데 배터리보다는 차량을보시는게 더좋을거같아요 전차박자주다닐거같아서,돈벌장I원주,2024-03-21 02:40:00,,
1420931,LFP가 요즘 대세입니다.전환 추세가 빠르더군요,트라몬트,2024-03-28 16:15:00,,
1417484,니로를 추천드립니다.특별한 이슈도 없고 주행거리 잘 나오고 트렁크 공간도 코나 보다 낫습니다. 업무용으로 니로가 짱입니다.,수남매아빠I니로l평택,2024-03-15 10:57:00,,
1417484,"감사합니다
니로도 생각안한건 아닌데ㅎㅎㅎ
대부분 혼자 타고 다녀서 작은차로 생각한거라서요",전기차붕붕이I의정부,2024-03-15 11:28:00,,
1417484,니로도 생각해 보세요 ^^,아트라스I스탭,2024-03-15 10:57:00,,
1417484,넵 니로도 좋죠~^^,전기차붕붕이I의정부,2024-03-15 11:29:00,,
1417177,지극히 낮은 확률 아닐까요,지함I모델3I성남,2024-03-14 21:58:00,,
1417177,다만 다른 차종보다 확률이 높은걸까요ㅠ,전기차붕붕이I의정부,2024-03-14 22:36:00,,
1417177,"그럼 쏘부로 하셔요 워낙 판매량이적어서
아직 소식은 못들어봤네요 ㅎㅎ",왕만두도적I쏘부I충북,2024-03-14 22:34:00,,
1417177,오~ 왕만두님 쏘부 너무 예쁘네요~,전기차붕붕이I의정부,2024-03-14 22:37:00,,
1417177,업무용이면 내연기관 타세요.화재는 모든 전기차의 숙명같은거죠.(언제 탈지 모른다는 불안감?),노숙하자IEV6I청주,2024-03-15 08:33:00,,
1417177,아... 전기차중에 특정차량의 문제가 아닌가보군요ㅠ,전기차붕붕이I의정부,2024-03-15 08:48:00,,
1416454,잘하신듯 합니다.,삼척l포터ix3l강원,2024-03-14 07:17:00,,
1416454,감사합니다,욜로I아이오닉I대전,2024-03-14 07:52:00,,
1416454,출고 축하드립니다. 안전운전하세용^^,짝뚱매냐Iev9I광주,2024-03-14 07:22:00,,
1416454,감사합니다,욜로I아이오닉I대전,2024-03-14 07:52:00,,
1416454,"가격이 다 용서하죠 
추카드립니다",아이유I오닉5I서산,2024-03-14 07:29:00,,
1416454,그렇죠 중고차보단 재고차가 나은 선택같아요^^,욜로I아이오닉I대전,2024-03-14 07:56:00,,
1416454,잘한것일수도있고 아닐수도있고 좀 있어봐야죠,시민I쏘부I안산,2024-03-14 07:48:00,,
1416454,그런가요?? 잘한거이길~ 기도해야겠어요^^,욜로I아이오닉I대전,2024-03-14 08:01:00,,
1416454,굿굿 저도 가끔 아6 살껄 그랬나 생각하기도 하죠 ㅋㅋㅋㅋ,킥스I아이오닉5NI제천,2024-03-14 11:06:00,,
1416454,이제 1일차여서 아직까지도 설렘가득입니다~ㅋ 저는 아5 많이 생각해요~ 아직도^^,욜로I아이오닉I대전,2024-03-15 15:53:00,,
1416454,재고할인 얼마나되나요?,Ev l 매니아 l 경기,2024-03-14 11:56:00,,
1416454,아마 재고700 기본200 나머진 2월 이벤트 할인 40 총940으로 알고 있어요,욜로I아이오닉I대전,2024-03-15 15:54:00,,
1416454,앗 사은품 룸앤티비랑 충전크레딧  80도 있었네요^^,욜로I아이오닉I대전,2024-03-15 15:56:00,,
1416454,안전운행하세요!,쿠크러브,2024-03-15 08:11:00,,
1416454,감사합니다,욜로I아이오닉I대전,2024-03-15 15:54:00,,
1416020,여기 댓글들이 기사 내용으로 들어갔네요 ㅋㅋ,쿠타ㅣ경기,2024-03-13 16:36:00,,
1416020,유독 현대기아 전기차 화재가 많이나는거같은데..,평화주의자l경남,2024-03-13 16:37:00,,
1416020,불나코나 시즌2 인가요...,크리스l모SYEV9l경기,2024-03-13 16:41:00,,
1416020,그래도 CCTV가 바로 앞에있어 원인규명에 도움될듯 합니다.,듀스I코나EVI김해,2024-03-13 16:56:00,,
1416020,"11분만에 진압이면 배터리문제는 아닌가보네요
엔진룸합선가능성",이마코시스템I5NI울산,2024-03-13 17:01:00,,
1416020,충전기 문제라고 하겠지요...,금연I니로EVI하남,2024-03-13 17:02:00,,
1416020,"이정도면 제조회사에서 보상해줘라 ;
충전기 문제면 잘못된 충전 방식으로 인해 화재를 일으켜서 회사 이미지 망친 충전기 회사에 소송 걸던가. 
그게 아니라면 제조회사 문제가 맞는거지.",살바I부산,2024-03-13 17:53:00,,
1416020,2222,LEGOIVolt모S3YI대구,2024-03-13 19:46:00,,
1416020,충전기문제가 맞는거같아요...,탄탄이 니플 광주,2024-03-13 20:29:00,,
1416020,"충전기 문제인 경우, 실예로. 대영채비 같은 경우에는 2년 무상보증 끝나면 자기들 책임아니라고 하고 사고 보상은 없다고 하네요. 제조물책임법(제조물배상책임보험가입관련)으로 10년 내 문제제기 할 수 있음에도 불구하고. 무조건 자기들 책임 아니라고... 다른 배상책임보험 가입 증명된 회사 충전기로 설치하는게 좋을듯 합니다. 삼성화재에서는 공식적으로는 충전 중 사고 보상한다고 광고하지만, 실제로는 전기차 충전 중 합선, 과열 등의 사고는 사고로 치지 않는다고 하여 보상 못한다고 합니다. 충전중 합선이 사고가 아니면 충전중 사고가 뭘 말하는건지 어이가 없었다는.. 위와 같은 화재도 마찬가지로 이런 저런 핑계로 보상하지 않을 듯 하네요. 충전중 자차 처리 된다고 생각하시는 분들 꼭 다시 생각해보시고 보험사 고르셔야 할 듯 합니다.",샤보이IEV6I대구,2024-04-02 11:47:00,,
1416020,,레이IEQA아이6I경기,2024-04-26 06:52:00,,
1416020,현대차 코나 불안하네요 항상 불조심,경남일렉이l코나l경남,2024-07-07 11:43:00,,
1415406,"쥑이네요. 
전기차는 중국산이 성능부터 옵션까지 최고네요. 
고장만 안난다면...",서울I응애,2024-03-12 23:10:00,,
1415406,"아바타11 정말 좋긴 합니다만, 한계도 분명하죠.578마력이라 준대형임에도 제로백 4.5초씩 찍긴하는데, 최고속력이 200km입니다. 아5N 같은 고성능은 불가능해 보여요.",디오니ㅣ모3ㅣ서울,2024-03-12 23:21:00,,
1415406,제 차량이 시속 250km이상 밟을 수 있지만 단 한번도 180이상 밟은 적이 없습니다. 200키로 제한도 일반 이용자들한테 충분한데요ㅎㅎ 그 점이 단점이랄 순 없을듯요,LEGOIVolt모S3YI대구,2024-03-13 10:03:00,,
1415406,"네, 뭐 일반적으로 그렇긴 합니다만 벤츠, 비엠이 오버스펙으로 인지도를 올렸던것 같이  전기차에도 같은 기준을 적용 한다면 출력대비 최고성능이 아쉽다는 것이였습니다.",디오니ㅣ모3ㅣ서울,2024-03-13 10:10:00,,
1415406,현기차는 경쟁이 안되겠는데요.,토니I모델YI경기,2024-03-12 23:18:00,,
1415406,"얘 크기가 소렌토보다 더 커서, 전비가 아5나, ev6보다 나쁩니다. 한, 20%정도는 전기 더 먹는 듯... 그렇다고 아5n만큼 고성능도 아니구요.",디오니ㅣ모3ㅣ서울,2024-03-12 23:27:00,,
1415406,요거~~ 고대로 갖다가 5천에 팔면 안되나요??,장군I니로I경기,2024-03-12 23:19:00,,
1415406,ㅎㅎㅎ 화웨이 계열이라 국내출시는 아마 불가능,디오니ㅣ모3ㅣ서울,2024-03-12 23:23:00,,
1415406,파는 차인가요? 겁나 좋네요,마크프라이어I부산,2024-03-12 23:20:00,,
1415406,"네, 22년도부터 판매하고 있는 차량입니다.",디오니ㅣ모3ㅣ서울,2024-03-12 23:22:00,,
1415406,"동풍소콘 밴 부터 타보세요 ㅋㅋ
앞휀다 부품이 없어서 수리가 안된다던 ㅋㅋ
찢어진채로 이전 재직회사에 납품오던 밴
있었습니다 ㅋㅋ
1년가까지 휀다가 없어서 찢어진채로 납품왔어요 ㅋㅋ",할배온l볼트아5l경기,2024-03-12 23:26:00,,
1415406,"당연하지만 동풍소콘따위에 비할 차량은 아닙니다. 뭐, 국내 출시 가능성도 없어 보이기는 합니다만, 가격 인하폭이 놀라워서 공유합니다.",디오니ㅣ모3ㅣ서울,2024-03-12 23:28:00,,
1415406,"가격이 싸면 뭐하나요?
수리가 안되면 사고나면 동풍소콘과 다를게 없는데요?
쟤들 항상 하는말 아시자나요?
니들이 지불한 돈값만 딱해준다.",할배온l볼트아5l경기,2024-03-12 23:38:00,,
1415406,"아~ 중국내에서는 수리 잘 됩니다. 동풍이랑 비교는 좀...... 지금 러시아랑 태국정도 수출한걸로 알고있는데, 그쪽에서 잘 되는지는 모르겠네요. 올해 유럽수출하니 그쪽에서 피드백 나오겠지요.",디오니ㅣ모3ㅣ서울,2024-03-12 23:41:00,,
1415406,"뭔 동문서답하세요?
한국에서 저게 성공성이 있냐 이야기 인데
뜬금 타국 이야기 하시고
저 채널 주인장이세요?
저 채널 최근 1년 영상이 대부분 중국차 리뷰인데요? ㅋㅋ
리뷰내용 중 춘절 ㅋㅋ
우리나라 기자들이라고 이야기하고
중국상황을 보여주는게 맞아요?",할배온l볼트아5l경기,2024-03-12 23:49:00,,
1415406,"웃긴건 중국에서
카카오톡도 심심하면 끊어버리고
유튭제한 있는데
중국내부 영상이?
더 신뢰가 안가는건 검은 커텐으로 가린 창은 뭐죠?",할배온l볼트아5l경기,2024-03-12 23:51:00,,
1415406,국내 출시 가능성 없어보인다고 말씀드렸어요. 채널 주인장 아닙니다.,디오니ㅣ모3ㅣ서울,2024-03-12 23:52:00,,
1415406,"중국에서 카톡 끊기고, 유튭제한 있는것은 맞는데, 중국내 한인들은 대개 vpn으로 우회해서 사용하지요.",디오니ㅣ모3ㅣ서울,2024-03-12 23:53:00,,
1415406,"제 말은 저 리뷰어 자체가 굉장히 어설프다는겁니다.
국내를 한국을 이야기하는건지도 불명확하게 이야기 한데 내용은 한국 실정을 이야기 하는 분위기고 중국 기자들에 대한 내용이면 중국어로 이야기 했겠죠?
보여주는 실정은 중국을 보여주고 있어요.
딱 그 한편만보고도 전문성은 1도 보이지 않는 채널을 왜 가져오시는지요?",할배온l볼트아5l경기,2024-03-13 00:00:00,,
1415406,"제 가족중에 부총경리로 중국 파견간 가족도 있어서 충분히 알고 있습니다.
VPN도 수시로 끊습니다",할배온l볼트아5l경기,2024-03-13 00:03:00,,
1415406,그렇군요. 저 채널은 중국 전기차를 소개하는 채널입니다. 채널 주인장은 중국내 미국계 자동차 회사에서 일하시는 한국인이라고 밝혔구요.아바타11에 대해 소개된 한국인 영상이 없기 때문에 가져왔습니다. 외국인 리뷰는 제법 있지요.,디오니ㅣ모3ㅣ서울,2024-03-13 00:05:00,,
1415406,중국산배터리 조심해야되요..그래도 최대로 안전이 보장되어있는국내산 배터리 장착제품 차량으로선택하시는게 좋을거같아요중국산 가성비로 가시다가 골로갑니다,한국평택,2024-03-13 00:06:00,,
1415406,"국내 출시 가능성도 거의 없는 차량이라, 그냥 가볍게 ""중국인들은 이런 차를 좋아하는군"" 정도로 보심 될 것 같습니다.",디오니ㅣ모3ㅣ서울,2024-03-13 00:22:00,,
1415406,"국내배터리가 안전해서 볼트ev 판매차량 전량배터리 리콜햤습니까? 아님 국내배터리 탑재한 코나 니로 뱌터리 화재사고가 계속 나는건 뭐죠?
차량용 상용배터리는 중국 배터리가 세계최고입니다. 안전합니다.
물론 모든 배터리 기술력이 세계최고라는건 아닙니다. 중국 무시하는 사람이 있네요ㅎㅎㅎ웃고갑니다.",LEGOIVolt모S3YI대구,2024-03-13 10:09:00,,
1415406,중국배터리가 어디부분에서?세계최고라고 말씀하시는건가요?중국은 LFP가 주력이고 세계최고회사가 저희 한국삼원계NCM NCMA 등등 한국이 최고입니다,한국평택,2024-03-13 10:10:00,,
1415406,"괜히 끼여들어 말씀드려보자면제가 각 사들의 배터리 셀, 팩 스펙들 정리해서 올려놓은 글들이 몇 있습니다. 중국 기업들은 하이니켈, 원통형, 미드니켈, 셀투팩, lfp와 소디움, 반고체 등 넓은 스펙트럼을 가지고 있는게 강점이라고 할 수 있겠죠. 우리도 경쟁 속도를 따라가려면 다양한 라인업을 갖춰야할텐데 아직도 여러분야가 개발중이라는 것은 점유율전쟁에서 불리하게 작용할 수 있을 것 같습니다.",디오니ㅣ모3ㅣ서울,2024-03-13 10:18:00,,
1415406,"한국은 ncm의 특정분야에서만 두곽을 나타냅니다.

아주 쉽게 이야기 드릴께요. 공부하는데 국영수사과를 골고루 1-2등급 하는 아이와 수학만 1등급이고 나머진 3-5등급 하는아이 두명중 누가 공부를 더 잘한다고 볼 수 있나요?ㅎㅎ
밑에 분 댓글이 저랑 의견이 비슷합니다.",LEGOIVolt모S3YI대구,2024-03-13 10:35:00,,
1415406,"시진핑 ***, 천안문사태는 ***이다. 인증하면서 글 올리시면 반발이 줄어들 듯 하네요.",다솔l볼트evl경기성남,2024-03-13 00:19:00,,
1415406,"ㅋㅋㅋㅋ 그런거 인증 요구하시던분들 꽤 계셨었는데, 인증 해도 별 효과없던데요.",디오니ㅣ모3ㅣ서울,2024-03-13 00:23:00,,
1415406,저부터도 한국말 하는 중국인으로 의심합니다. 인증 하시면 저 같은 사람 반발이라도 없어지지 않을까요?,다솔l볼트evl경기성남,2024-03-13 00:29:00,,
1415406,"네, 뭐 제 국적을 뭘로 생각하시든 자유지만, 괜히 국적 의심 받는게 불편하니 해드리죠.시진핑 개새끼, 천안문 사태는 나치급의 범죄다.이 정도면 충분하신가요?",디오니ㅣ모3ㅣ서울,2024-03-13 00:32:00,,
1415406,"네, 간단하네요. 글 잘보고 있습니다.",다솔l볼트evl경기성남,2024-03-13 00:32:00,,
1415406,중국이.최고임.내가.죽고 난뒤에,지운l포터오닉5l무안,2024-03-13 00:56:00,,
1415406,저긴 워낙 경쟁업체가 많아서 치킨게임중인거같은데...인구가 많으니 시장이 커서 가능한 가격인듯하고 국내는 시장이 저기에 비해서...큰편이 아니고 경쟁사가 막 치열한건 아니니 아쉬울게 없는 시장이라 가격이 비싼편이 아닐런지요. 매번 중국시장에선 싼데 한국에도 그가격으로 들어오면 좋겠다는 레파토리 희망회로는 이제 그만보고싶음.,뿌뿌에I코나EVI인천,2024-03-13 03:54:00,,
1415406,"확실한 건 중국산 전기차가 이제 전세계적으로 무시 못할 수준이라는 것이네요. 테슬라도 그렇고 현대도 그렇고... 대표들이 전부 중국산 전기차를 의식하는 발언을 하고 있고, 유럽은 관세나 보조금 페널티로 어떻게든 자국 내 중국산 전기차 유입을 방어하는 모양새니까요. 사실 중국산 전기차가 어느 수준인지 실물을 좀 보고 싶기는 합니다.",아이오니아5l아5l여수,2024-03-13 04:35:00,,
1415406,"외국 유튜버가 비야디 전기차 시승기 올린거 봤는데 
저라면 무서워서 못타겠더군요.

그사람 말로는 코너링이 재밋는 차라는데
이유는 뒤가 털려서 입니다.
차 뒷부분이 스윽 돌더라구요. ㅎㅎ",리트리버I니로I서울,2024-03-13 08:15:00,,
1415406,"비야디가 중저가 계열이라 그런것도 있긴한데, 코너링이나 주행질감은 중국 브랜드 중 지커 제외하고는 막 그렇게 뛰어나진 않은 것 같습니다. 몇 몇 차량은 승차감은 좋습니다.",디오니ㅣ모3ㅣ서울,2024-03-13 08:26:00,,
1415406,늘 올려주시는 정보글 잘 보고있습니다~~,라니I아이오닉5I경기,2024-03-13 08:18:00,,
1415406,"와 .., 포르쉐 느낌나네요. 중국차가 옵션이 엄청 좋드라구요",크리스l모SYEV9l경기,2024-03-13 08:20:00,,
1415406,"얘는 디자인은 좋은데, 준대형suv치고는 공간활용쪽이 약해서.... 트렁크가 세단만합니다ㅎㅎ",디오니ㅣ모3ㅣ서울,2024-03-13 08:28:00,,
1415406,아5처럼 실내를 크게 뽑은 케이스인가보군요. 뭐 나름 그것도 원하는 사람이 있겠죠,크리스l모SYEV9l경기,2024-03-13 08:37:00,,
1415406,영상은 아직 못봤지만 디자인은 이쁘네요^^;;;,찌니지니I아5I경기,2024-03-13 08:44:00,,
1415406,디자인과 자율주행에 몰빵한 차량입니다. 단점도 제법 돼요. ㅎㅎ,디오니ㅣ모3ㅣ서울,2024-03-13 10:19:00,,
1415406,"아무래도 완성도는 메이저업체들 따라갈수는 없겠죠?^^
요즘 중국차들보면 좀 걱정되는건 사실이긴해요ㅎㅎ
전기차부문에서 추격하는 속도가 매섭네요 
2차전지쪽 투자하고 있는입장에서 냉정하게 흐름을 보려고하는데  정보들이 뒤죽박죽 섞여있으니 걸러내는것도 쉽지않은것 같습니다ㅎㅎ",찌니지니I아5I경기,2024-03-13 10:31:00,,
1414463,테슬라 불났다고 하면 테슬라 불났다라고 하면서 현기차는 전기차라고 하는건 여전하네요....,패밀리Ie2008I서울,2024-03-11 22:24:00,,
1414463,이런 일이 있었군요..,차크닉IGV60I일산,2024-03-11 22:26:00,,
1414463,"불나면
전부 현기",이기자I수원,2024-03-11 22:31:00,,
1414463,전기차 인식 또 나빠지겠네요...,정정IM3I전북,2024-03-11 22:40:00,,
1414463,불안하네요. 내연차와 전기차를 어떻게 구분하죠?,산야초I인천,2024-03-11 22:42:00,,
1414463,"브랜드명 좀 써주지. 
모든 전기차 문제있는줄 알겠네요. ㅠㅠ",서울I응애,2024-03-11 23:01:00,,
1414463,제품에 문제 있음 무슨회사 무슨 제품 명확하게 밝힐 필요가 있습니다. 테슬라는 테슬라라 명확히 밝히묜서 횽기는 왜 안밝히나요? 근데...이것도 iccu문제인가....,한기훈대구,2024-03-11 23:05:00,,
1414463,코나는 iccu 없습니다.,펀치박스I아5니로I퐝,2024-03-12 07:04:00,,
1414463,문제가 그거 말고도 더있군요,한기훈대구,2024-03-12 07:32:00,,
1414463,ㅋㅋㅋ 환경부 머하나요  충전기 문제 고친다고 돈 쓰는거 같던데..,mAvAmI모yQ4I경기,2024-03-11 23:05:00,,
1414463,반대로 생각하면 브랜드가 없으면 무조건 현대기아라고 생각하면 되는군요,퀵챠지I서울,2024-03-11 23:34:00,,
1414463,아오5 랑 코나는 정말 심하네요,이브I레이EVI경기,2024-03-11 23:48:00,,
1414463,코나,현이아빠 l MS l광주,2024-03-12 06:44:00,,
1414463,전기차도문제지만 충전기도 확인해봐야합니다 제가지난번에 글쓴적이있는데 대**채비충전기 손잡이부분안쪽으로 피복이벗겨있더군요 전선두가닥모두요 큰일날뻔했지요 17만원인가주고 교체했습니다,남대봉I아이오닉I원주,2024-03-12 08:34:00,,
1414463,어떤 피복일까요 ?,센스IEV6I경기,2024-04-01 09:36:00,,
1414463,"저번게시글입니다
https://cafe.naver.com/allfm01/1230591?tc=shared_link",남대봉I아이오닉I원주,2024-04-01 10:08:00,,
1414463,"접속부 발열 시 충전 중단 등 
대책 적용이 되어있는 걸로 알지만
안전장치가 동작 안한 것 같네요 ㅠㅠ",울라쑝I코나I인천,2024-03-12 09:07:00,,
1414463,왜 브랜드 모델은 말하지 않는건가요?다 싸잡아 전기차라고 하니 어르신들도 걱정하고...,테디베어l경기,2024-03-12 09:57:00,,
1414463,무섭네요. 저도 코나인데..19년식.  아파트 완속충전만 하고 100%만 하고 .. 불나지마라 ㅜㅜ...,안성스I코나EVI경기,2024-03-12 10:28:00,,
1414463,"충전기 커플러 문제일듯 싶네요.. 헐거워서 접촉단자 불량체결로 발열로 불난듯... 이번에 저도 개인충전기 20만키로넘게 썻는데.. 커플러 안쪽에 배선 하나가  녹아서 불날뻔했네요.... 충전기 커플러 교체랑   차량쪽 늘러붙은 충전구까지  돈 겁나 깨졌네요,ㅡㅡ  충전기 업체에서 주기적으로 점검받으라고 연락오면 돈 아끼지 마시고 점검 미리 미리 받으세요  전 아낄려고 안받았다가 이꼴 났습니다..ㅡㅡ",꾹이I쏘부I공주,2024-03-26 17:22:00,,
1414463,금액이 얼마나들었나요? 저도 코나 완속충전구에서 연기와 탄내가 나네요 충전기문제인지 제 차 앞쪽 충전구가문제인지모르겠어요ㅜ,체육쌤l아오5l전남,2024-03-26 20:32:00,,
1414463,충전구 부품만 26만원나오구요. 충전기쪽 커플러랑 배선까지 9만원이고. 제가 직접해서. 공임 빼고 부품값만 이정도 나왔네여.  충전구. 공임까지하면. 40-50나올듯 싶네요,꾹이I쏘부I공주,2024-03-26 22:55:00,,
1414463,차량내 충전구가 문제가있으셨던건가요? 충전기쪽 커플러란것은 충전기 부품인지 갑자기무서워 충전하기가 두렵네요,체육쌤l아오5l전남,2024-03-27 00:45:00,,
1414463,"아마 충전기 쪽 커플러(커넥터) 가 오래쓰면 헐거워지면서 접촉불량발생요지가 큰거 같아요...그만큼 접촉이 안좋으면 저항이 커져서 발열이 심하게 나는거 같네요..확실히 교체후 유격도 없어지고 발열도 그전만큼 안나네요.그전에  커넥터 만져보면 뜨근뜨근했는데..지금은 그런증상없어졌네요  제가 올린글 참고해서 보시고  연기났으면 교체 하시고 쓰시는게 좋겠네요,.",꾹이I쏘부I공주,2024-03-27 09:07:00,,
1414463,"글을봐도 제가잘이해를못하는건지 다시질문드릴게요. 꾹이님께서는 충전기자체에 문제가있으셨던건가요?
아니면 차량의 충전구가 문제가있으셨던걸까요?",체육쌤l아오5l전남,2024-03-27 09:15:00,,
1414463,커넥터가 오래쓰면 접촉부분에 발열때문에 녹아서 붙어 버린상황이구요 (충전구 문제는 없었습니다) 그래서 충전포트 랑 커넥터 교환입니다.. 즉 커넥터 오래 사용했으면 유격이 있으면 바꾸시라는겁니다...다른문제는 없었습니다.,꾹이I쏘부I공주,2024-03-27 09:17:00,,
1414463,충전기의 커넥터가문제가있으셨단얘기군요 감사합니다 참고하겠습니다!,체육쌤l아오5l전남,2024-03-27 09:18:00,,
1414463,연기 났을정도면 뭔가 탄건데 그냥 쓰시면 안될꺼 같습니다...양쪽다 확인해보세요....,꾹이I쏘부I공주,2024-03-27 09:19:00,,
1414463,"완속 외부충전기여서요, 그것은 우선 다시사용하면안되겠네요. 다시 꼽으니 충전은 잘되긴하는데 여기가 시골이라 근처 블루핸즈가 가능할지 답답하네요ㅠ",체육쌤l아오5l전남,2024-03-27 09:24:00,,
1414463,햇빛가리개에 보시면 현대전기차긴급통화 번호 있는데 그쪽으로 전화하시면 점검받을수 있는 근처 블루핸즈 안내해드릴껍니다.. 외부충전기는 커넥터 뜯어봐야 알겠지만 충전기  AS전화해서 점검받아서 만약 커넥터가 문제였으면 그에따른 차량손해가 발생된부분이 있으면 그부분은 보상예기를 해봐야 할듯 싶습니다.,꾹이I쏘부I공주,2024-03-27 09:41:00,,
1414453,괜찮아요,나리I광주,2024-03-11 22:15:00,,
1414453,만충 상태로 오래 방치만 하지 않으면 괜찮지 않을까요?  지금까지 충전중 화재는 대부분  만충 상태였다고 기사가 나오더군요..,mAvAmI모yQ4I경기,2024-03-11 23:09:00,,
1414310,CATL에 물어보세요. 왜 그리 못 만들었는지.사람들이 뭐라하는건 중국산 배터리들입니다.  NCM이든 LFP든,수IeGV70I경기,2024-03-11 18:34:00,,
1414310,20년식 코나ev면 catl아니지않나요?sk랑 lg였을텐데요,굼벵이현수I당진,2024-03-11 18:38:00,,
1414310,"배터리의 경우 64.8kWh NCM 배터리를 LG에너지솔루션, CATL 양사에서 공급받으며 아시아, 북미형 코나 일렉트릭의 경우 CATL 배터리를 탑재하며 유럽형 코나 일렉트릭의 경우 LG엔솔 배터리를 탑재한다. 중국산이 탑재된다는 소식으로 인해 몇몇 언론에서 확인없이 LFP를 탑재했다는 식으로 보도했으나 당연히 이는 사실이 아니다. #",수IeGV70I경기,2024-03-11 18:40:00,,
1414310,그건 20년식이 아니라 코나sx2입니다20년식 코나1세대 일렉은 sk lg가 주입니다특히 불많이 났던건 lg구요,굼벵이현수I당진,2024-03-11 18:41:00,,
1414310,국산 배터리일겁니다 기억 안나지만 ….애초에 이당시 배터리는 다 국상이였을테니,달려황I코나I여수,2024-03-11 18:41:00,,
1414310,그렇군요. 20년은 LG or SK.     둘 다 별로였나보군요. 화재도 많았었다는데..,수IeGV70I경기,2024-03-11 18:44:00,,
1414310,글쓴이 차는 국산맞아요,수원INIROI광교,2024-03-12 09:54:00,,
1414310,"파란손가서 스캐너 한번 찍어보세요.
스캐너가 넘 보수적으로 나오는거 같아요.",아트라스I스탭,2024-03-11 18:33:00,,
1414310,값이 차이나게 달라도 이상하지 않을까요??? ㅋㅋㅋ 둘중에 한 곳은 이상한 셈인데 더 타다 2년 뒤 정기검사 결과 보고 가보려구요 ㅋㅋㅋㅋㅋ 시간아깝게 보증기준 65% 까지 내려간것도 아닌지라….,달려황I코나I여수,2024-03-11 18:36:00,,
1414310,"앞전 니로 8만에 찍으니 100퍼 신품기준으로 나오더군요.
신뢰하기가 좀 어렵더군요.",아트라스I스탭,2024-03-11 18:39:00,,
1414310,보증기간 내에 몇 프로 이하로 떨어지면 보증해줘야 되는 거 아닐까요 .. 많이 떨어진 거 같긴 하네요,루루ll모Ygv60ll서울,2024-03-11 18:34:00,,
1414310,65% 더라구요 그것도 찾기 힘들었습니다 ㅋㅋㅋㅋㅋ 그마저도 팩 전체 교체가 아니라 모듈 하나하나 측정해서 낮은거만 부분 교체라더라구요,달려황I코나I여수,2024-03-11 18:37:00,,
1414310,알려진거보다 성능이 매우 떨어진게 문제 아닐까요??? ㅋㅋㅋㅋㅋ 마인드가 특이하신데요??? 대부분 현기차가 다 국산 NCM 배터린데,달려황I코나I여수,2024-03-11 18:37:00,,
1414310,지인중에 전기차 배터리만드는 회사 다니는 친구가 있어서 말씀드립니다그쪽이 해외관리자로 출장을 많이 보냅니다가서보면 중국 한국 미국순으로 잘만든다고합니다정확히는 중국 한국 미국순으로 잘조립한다 입니다중국 자체제작 배터리는 모르겠으나 일단 한국회사의 중국공장은 제일깔끔하게 만든다네요,굼벵이현수I당진,2024-03-11 18:47:00,,
1414310,"정기 검사시 저런정보도 알려주나요
한번도 못본것 같아서요",법사I봉고I양산,2024-03-11 18:34:00,,
1414310,자도 이번에 첨 본거 같아요 ㅋㅋㅋ,달려황I코나I여수,2024-03-11 18:38:00,,
1414310,검사가 바뀐건지 오토큐가서 벨런스 틀어졌는지 이런것도 확인안됫 답답하더군요 ㅋ,법사I봉고I양산,2024-03-11 18:39:00,,
1414310,제조사가 오히려 더 정확하고 확신을 줘야 하는데 ㅋㅋㅋㅋㅋ,달려황I코나I여수,2024-03-11 18:40:00,,
1414310,어찌보면 이것도 그냥 이론에 의한 믿음이었을뿐일지도 몰라요.LFP가 NCM 대비 그렇게 나쁜거도 아닌데 말이죠,시라소니I3송도,2024-03-11 18:35:00,,
1414310,그런거 같습니다 ㅋㅋㅋ 씁슬하네요,달려황I코나I여수,2024-03-11 18:38:00,,
1414310,솔직히 둘 모두 전기차 배터리에는 안맞습니다.ncm 어디 들어갔었나요? 스마트폰 류 입니다. 작고 가볍게 들고 다녔던 lfp 는 어딘가요? 주로 캠핑용 파워뱅크로 많이 쓰였습니다. 무겁고 크지만 싸고 튼튼하죠.테슬라 이후로 너도 나도 따라하다보니 멀리 가는게 중요시 되다보니 ncm 넣게 되었죠...ncm 이 안좋은게 아닙니다. 맞는 장소가 아닌거죠...그래서 신규 배터리 개발로 세계 전쟁인거죠.,하루벌이Iev9l고양,2024-03-11 18:37:00,,
1414310,알려진거에 비해 열화정도가 심해서 하는 소립니다 ㅋㅋㅋㅋㅋ 저도 당연히 배터리가 열화되는거 알죠 근데 4년에 7만정도 탔는데 저러면 전기차 전반에 대한 신뢰성이 떨어지지 않을까요???,달려황I코나I여수,2024-03-11 18:39:00,,
1414310,"스마트폰은 비싸고, 밀도높은 lco가 주로 쓰이죠....",디오니ㅣ모3ㅣ서울,2024-03-11 21:07:00,,
1414310,20년식 코나는 국산배터리인데 첫댓글부터 잘못짚으시네요 그런데 이상할정도로 과하게 내려가긴한거같네요 배터리불량이 아닐지..,양소l모델Yl서울,2024-03-11 18:40:00,,
1414310,그러게요 저도 놀랐어요 ㅋㅋㅋㅋㅋ,달려황I코나I여수,2024-03-11 18:40:00,,
1414310,공단 지정 공업사 예약했는데 테슬라는 저런 항목 없었습니다.,쿠로l모델3l평택,2024-03-11 18:42:00,,
1414310,제조사가 달라서 그런건 아닐까요??? 저도 이번에 처음 봤슺니다 ㅋㅋㅋ,달려황I코나I여수,2024-03-11 18:43:00,,
1414310,희안할 정도로 깍이셨네요 멍든손 가서 검사 받아보시고 저게 맞다면 보증 받으세요,카탈리나ll서울,2024-03-11 18:44:00,,
1414310,멍든손 보증기준이 65%더라구요.... ㅋㅋㅋㅋㅋ가봤자 마음만 아프지 보증도 못받을겁니다 ㅋㅋㅋㅋㅋ,달려황I코나I여수,2024-03-12 11:58:00,,
1414310,실제 주행가능거리는 얼마나되나요?,직이I대구,2024-03-11 18:43:00,,
1414310,저 당시가 56% 정도였는데 에코모드 200초반 나오던데요 기온탓도 있을테니…,달려황I코나I여수,2024-03-11 18:44:00,,
1414310,46% 충전상태에서 200초반 주행가능거리나왔다구요?,직이I대구,2024-03-11 18:49:00,,
1414310,차량내 표시된 배터리 용량이 56% 정도였습니다,달려황I코나I여수,2024-03-11 18:55:00,,
1414310,허상이였나 봅니다 ㅋㅋㅋㅋㅋ,달려황I코나I여수,2024-03-11 18:47:00,,
1414310,19코나 통 밧데리 2번 갈고 검사 통과 했습니다NCM 배터리가 LFP 좋다는 분 화재 안전성 등  LFP 좋다는 분나라정책 보조금도 봐야되고테슬라가 왜 LFP 탓는지소비자가 공부해서 연구원 수준판단이 되어야 답이 나올거 같습니다,쫄쫄이 코나아5 충남,2024-03-11 18:48:00,,
1414310,그때 들어간게 catl제조사였었을건데 어째든 납품은 lg고 조립은 현대였으니 최종 납품자가 책임져야죠 ㅌㅋㅋㅋㅋ as 해달라고하시면될거같습니다,킥스I아이오닉5NI제천,2024-03-11 18:49:00,,
1414310,SOH 수치가 65% 미만이야 보증 대상이라 하니 가봐야 씨알도 안 맥힐거 같습니다 ㅋㅋㅋㅋㅋ,달려황I코나I여수,2024-03-11 18:50:00,,
1414310,와 65%프로는 너무한데 사용하지못할정도 돼야 바꿔준다는거자나요,킥스I아이오닉5NI제천,2024-03-11 18:57:00,,
1414310,수치 확인하고나서 그렇게 느꼈습니다 ㅋㅋㅋㅋㅋ 그것도 딴말없이 해준다는 가정하에 ㅋㅋㅋㅋㅋ,달려황I코나I여수,2024-03-11 18:59:00,,
1414310,"어쨌든 다른 분들 대비 낮은거 같으니, 현기쪽에 다시 확인해달라고 하시는게 나을거 같네요.보증은 65%라긴한데,  보통 10%내외보다는 크니.https://m.blog.naver.com/ciemania/221711901627",수IeGV70I경기,2024-03-11 18:49:00,,
1414310,볼트 ev 밧데리 리콜 받고 1만킬로정도 탄듯한데.. 밧데리 성능진단 해 봤더니 94.6%나오네요.. 20만킬로 타면 86%예상 한다는 그래프가 나오네요... ㅎㅎ,파도I볼트I부산,2024-03-11 18:56:00,,
1414310,신기하네요 ㅋㅋㅋㅋㅋ,달려황I코나I여수,2024-03-11 18:51:00,,
1414310,"뭔가? 측정이든 배터리불량이든 문제가있는것 아닌가요?

누적충방전량이 2680kWh인데 전비7잡으면 2만킬로도안탄거고, 64kW배터리 충전사이클로 41~22회밖에안된는데 soh가 75라는건 뭔가 정상은 아닌상황으로 추정됩니다. 누벅주행거리가 2만킬로 전후맞나요?",네Ii5I세종,2024-03-11 19:03:00,,
1414310,공단 정기검사니 측정이 잘못됐을거라는건 아닌거 같고 배터리불량은 제가 파악 할 수 있는게 아닌지라….누적은 7만 못탔습니다,달려황I코나I여수,2024-03-11 19:06:00,,
1414310,그러게요.누적 충방전량도 엉터리같은데 SOH는 믿을 수 있는건지..,그롬Ii5I서울,2024-03-11 19:08:00,,
1414310,"그럼 뭔가 한참문제가있네요. 누적충방전량이 2680kWh인데 이 충전량으로 7만킬로를 타려면 전비는 1kWh로 26킬로가나와야합니다...

뭔가 사연??이 있는게 아닐까 추정해봅니다. 7만킬로를 누적방전 2600kWh로 타는건 애초에 불가능하고, 혹시 리콜을 받아서 배터리를 교체받았다면? 리콜해준배터리가 새거가 아닐수도 있고... 뭐 다양한 사정이 있겠네요.",네Ii5I세종,2024-03-11 19:11:00,,
1414310,측정 불량으로 봐야 할까요??? 그럼 뭐 다행이긴한데 …..,달려황I코나I여수,2024-03-11 19:09:00,,
1414310,"윗분 말대로 측정 숫자들이 안 맞긴하네요. '누적충방전량이 2680kWh' 이면, 글자 의미대로 해석해서, 전비 5로 가정해보면, 13400 km정도이니.7만 km 주행하고는 맞지 않네요.단지 모니터링하는 쪽 문제가 있는 거라면, 실제 주행거리등이 75%가 된건지도 확인해봐야겠네요.어쨌든 뭐라도 이상한거니, 정확한 파악을 하고 싶으시다면,  한번쯤 하이테크 센터등에 방문해보시는게 나을거 같기도 합니다.",수IeGV70I경기,2024-03-11 19:31:00,,
1414310,오늘 기온 12도 에코모드 기준 46% 잔량 210km 정도 주행가능거리 찍히는걸로 봐선 100% 충전시 456km 정도 일텐데 제 기억상 가장 긴 주행거리가 550정도였던걸 감안하면 SOH수치가 75%가 된게 맞는거 같습니다.,달려황I코나I여수,2024-03-12 11:52:00,,
1414310,"실주행거리가 550km 나왔으면 대단하네요.   연비 운전을 잘하시던가 아니면, 그때 배터리가 아주 좋았던지.64kWh 팩으로 550km라니 대단합니다. 어쨌든 현대쪽에 550km 나왔었는데, 지금은 450밖에 안나온다고 문의 넣어보시죠.  제원 상으론 특이사항이 없다라고 할거 같긴한데..  아니면, 코나 게시판에 다른분들 문의해보시거나요.""성능과 주행거리에 따른 2가지 버전이 제공된다. 우선 엔트리 모델의 경우 전기모터는 최고출력 133마력, 최대토크 40.3kg.m을 내며 39.2kWh의 배터리팩은 1번 가득 충전 후 항속거리가 복합 254km(도심 282km, 고속도로 221km, WLTP 기준은 300km)를 갈 수 있다. 최고출력 201마력, 최대토크 40.3kg.m을 내며 64kWh의 배터리팩을 장착한 모델은 1번 충전 후 주행거리가 복합 406km(도심 444km, 고속도로 359km, WLTP 기준은 470km)에 달한다. 배터리가 완전 방전된 상태에서 완충하는데 걸리는 시간은 39.2kWh 배터리팩 장착 모델이 6시간 10분, 64kWh 배터리팩 장착 모델은 9시간 40분이 걸린다. 급속 충전을 활용하면 54분만에 80%를 충전할 수 있다. 39.2kWh 배터리팩 장착 모델은 제로백이 9.3초, 64kWh 배터리팩 장착 모델은 제로백이 7.6초다. 최고속도는 둘 다 178km/h이며, 실제 주행시 그 이상의 속도도 주행이 가능할 것 같지만 전자적으로 제한되어 가속페달을 밟고 있어도 더 이상 가속이 되지 않는다.""",수IeGV70I경기,2024-03-12 12:00:00,,
1414310,토레스가 LFP 쓰는데 10년 100만키로 보증이랍니다.SOH가 80% 밑이면 바꿔준다네요. 10년안에요.,거제ll김단영,2024-03-11 19:22:00,,
1414310,좋은데요???,달려황I코나I여수,2024-03-11 19:27:00,,
1414310,사업소가서 확인하시고 불량이면 무상교체 아닌가요??,태고l경남,2024-03-11 19:25:00,,
1414310,SOH 수치가 65% 미만이여야 보증 조간이 성립하더라구요 ㅋㅋㅋㅋㅋ,달려황I코나I여수,2024-03-11 19:27:00,,
1414310,"일단 현기에 전화해서,  누적충방전값등이 이상하다고 문의 넣고, 설명이 이상하면 예약잡고 가시는 것이 나을수도요.",수IeGV70I경기,2024-03-11 19:33:00,,
1414310,Soh 65%는 선넘네요. 80%미만이면 폐배터리일건데요.,디오니ㅣ모3ㅣ서울,2024-03-11 21:09:00,,
1414310,얼추 계산해본 결과 75%까지 떨어진게 맞는거 같고 지금당장 불편하다 이런건 없는데 결함 당첨된 거 같아 기분이 안좋네요 ㅋㅋㅋㅋㅋ 이정도면 보증조건이 될 거 같아 콜센터 전화해보고 알아보니깐 현대기준은 65%더라구요.... ㅋㅋㅋㅋㅋ,달려황I코나I여수,2024-03-12 11:54:00,,
1414310,"실거리 50km정도 준거 같다고 하셨으니,한국교통안전공단과 하이테크 센터간에 누가 맞는지 확인해야 될 내용으로 보이네요.",수IeGV70I경기,2024-03-11 19:48:00,,
1414310,오늘 기온 12도에 46%에 210km정도 찍히는거 봐서는 제가 예전에 100%기준 550km 정도 갔던거 생각해보면 75% 떨어진게 얼추 맞는거 같습니다.,달려황I코나I여수,2024-03-12 11:51:00,,
1414310,"어짜피 보증은 현대에서 측정한걸로판단하겠죠 
저거는 의미가없을듯  센터가서 다시해보세요
25만키로6년다되가는데 아직배터리 멀쩡합니다저는",완주I코나l빈,2024-03-11 21:33:00,,
1414310,오늘 보이는 수치상으로 대략 계산해본 결과 75%까지 떨어진게 맞는거 같아요 오늘 기온 12도에 46%에 210km정도 찍힌걸로 계산해보면 100% 충전해도 450KM 미만일텐데 제가 기억하는 최고 주행가능거리가 550KM 였던걸로 기억하는데 550에서 75%하면 얼추 맞습니다.,달려황I코나I여수,2024-03-12 11:56:00,,
1414310,코나 공인전비가 404키로입니다 550으로계산하신거는 좀아닌거같아요,완주I코나l빈,2024-03-12 16:10:00,,
1414310,제 기억상으론 그렇게 찍혔던걸 이야기 하는겁니다 ㅋㅋㅋㅋㅋ 600찍혔다고 하던분도 기억이 나는데요 ㅋㅋㅋㅋㅋ,달려황I코나I여수,2024-03-12 16:14:00,,
1414310,500이든600이든 거북이운행 계속하면 찍힙니다 걍숫자에불과해요 배터리용량이 늘어나는게 아닙니다,완주I코나l빈,2024-03-12 17:31:00,,
1414310,전 거북이 주행 했다고 한적도 없는데 왜 혼자서 거북이 주행하면 찍힌다고 단정하세요 ㅋㅋㅋㅋㅋ 당연히 저건 그냥 참고용 숫자죠 근데 내 주행 스타일이 하루아침에 바뀌는게 아니면 대부분 일정하게 유지되야 정상 아닐까요??? ㅋㅋㅋㅋㅋ 한심한 소릴 하실거면 댓글 달지 마세요 화납니다 ㅋㅋㅋ,달려황I코나I여수,2024-03-12 17:33:00,,
1414310,이분답답하시네ㅋ500키로넘게찍혓다고 그걸 공인전비라 생각하시네  와 미치겟다ㅋㅋ,완주I코나l빈,2024-03-12 17:39:00,,
1414310,공인전비는 말그대로 기관에서 인증된 전비인거고 그것보다 더 잘타면 전비가 더 높게 나오겠죠 ㅋㅋㅋㅋㅋ 카탈로그보니까 공인 전비보단 잘타고 있고 기온영향도 큰데 그럴거면 계기판에 주행가능거리가 왜 나옵니까 공인연비 기준으로 퍼센트 따지면 되는건데 웃긴분이네,달려황I코나I여수,2024-03-12 17:53:00,,
1414310,님이550를 기준으로잡고 soh를 평가하니깐 그러는거아닙니까 대화가안되는사람이네,완주I코나l빈,2024-03-12 18:07:00,,
1414310,"19년식 코나 18만 달리고 있어요
10만km 직전 배터리 리콜로 교체했는데
채감상 주행가능거리가 조금 낮아진것 같은데 70%수준까지는 아닌것 같아요
배터리 정확한 진단 받아보세요",코용I코나EVI천안,2024-03-11 21:34:00,,
1414310,"65%면 출력과 주행거리에서 초기 대비 현격한 차이를 보일껍니다.
핸드폰 조차 100%와 80%는  체감상 배터리타임 1.5배 정도의 차이가 나던걸요.",하루구름I아5I일산,2024-03-11 21:55:00,,
1414310,"안타깝지만 
확률적으로 생각해보시지요ㅜㅜ
과연 이렇게 열화가 빨리 진행되는 경우가 더 많을까요?
아니면 아닌경우가 더 많을까요? 저는 후자라고 봅니다..
이걸 전체 국내전기차 배터리의 문제러 보기엔 어려울거 같네요
개인차량의 배터리 문제라고 봅니다ㅜㅜ 꼭 점검 받아보시길..",흑구l아6l서울,2024-03-11 22:51:00,,
1414310,"폰 배터리 사용해보면 보통 알지 않나요? ncm은 오래 못가요. 전에 제가 lfp가 대세라고 글 올렸더니 lfp까는 댓이 많아서 글 지웠지만 대세는 lfp가 될겁니다. 저렴하고 안전하고 오래쓰죠. lfp 에너지 밀도가 낮다고 구석기 시대 얘기하는 사람보면 에휴 
왜 국내 3사가 lfp개발하려고 난리치고 있을까요? 시간 지나면 차량용은 lfp가 대세고 소형제품은 ncm이 주를 이룰겁니다.",샤랄라I경기,2024-03-11 23:05:00,,
1414310,"원래 이론적으로도 LFP가 NCM보다 수명이 깁니다 (혹은 열화가 늦습니다). NCM의 장점은 이론적으로도 주행가능거리, 고밀도(밀도가 높으니 더 가볍게 만들 수 있죠), 고출력 등에 있죠.",고든스퀘어I런던,2024-03-12 00:36:00,,
1414310,그래서 요즘은 lfp가 대세인가 봅니다,페더l어른오닉5l광주,2024-03-12 01:28:00,,
1414310,해당되지 않아서 소프트웨어만 업데이트 꾸준히 받았습니다.,달려황I코나I여수,2024-03-12 11:49:00,,
1414310,"다시 계측해서 SOH 100%가 나온다고 해도, 실제로는 80% 미만으로 떨어졌을 확률이 매우 높습니다.

카페에서 종종 보이는 00십만을 탔는데 아직 SOH 90%이상이다 이런글들도 그대로 믿기가 어렵습니다.

제가 재작년쯤 배터리 재활용 업체 IR에 갔었는데, 황당하게도 아직 배터리의 SOH를 정확히 측정하는 계측기는 없습니다.

근데, SOH 80% 이하로 떨어지면 SOH값이 예측불가라고 합니다. SOH 80% 이하일 시 어쩔땐 100%가 찍히다가 어쩔땐 또 60%가 찍히고 들쑥날쑥 하다고 합니다.

이 점 때문에 SOH 80%를 수명한계로 보고있고 중국에서는 SOH 80% 미만의 차들은 화재위험 때문에 차량에서 배터리를 강제 탈거 시킵니다. 카페에 쏘울 EV 배터리 폐처리 후기 보면 이런 현상이 있었고, 센터에서 여러번 계측해서 가장 낮은값을 현재값으로 보고 배터리 교환여부를 판단하였다고 합니다.

이런 계측의 문제로 인해서 배터리 재활용 측면에서 계측기 수치 보다 연차를 기준으로 폐배터리 여부를 판단한다고 하며, 그 연차를 10년으로 보고 있다고 합니다.

그래서 10년이 지난 배터리들이 SOH가 100%에 가깝게 찍혀도 98-99% 감가된채 거래가 되고있다고 합니다.(아마 지금은 원자재가격 폭락으로 더 감가가 심할 것으로 보입니다.)

근데 또 황당한 점은 언론에서는 
LFP는 NCM에 비해 재활용 가치가 낮아 재활용이 불가하다고 때리는데, 원자재 가격이 오르던 2년전에도 NCM배터리를 재활용하는 것 보다 새로 만드는게 더 저렴했습니다.

배터리 재활용 업체들은 여타 핀테크 업체들처럼 투자처 확보하고 정부지원받는데 혈안이 되어있고 원자재 가격이 계속 오르기만 기대하고 있어는데, 지금은 뭐 어찌 잘 살아 남고 있는지 모르겠네요",Cold HKI볼트I서울,2024-03-12 08:13:00,,
1414310,소비자들이 님처럼 똑똑해야 하는데 무적권 그냥 lfp 재활용안된다고 나쁘다고... 이건뭐...,FSDI모델SI충청,2024-03-12 09:20:00,,
1414310,LFP 수명이 다 되면 중국으로 보내서 땅으로 묻어버리는 사업을 하면 되겠네요. 유망 사업.ㅎ,수IeGV70I경기,2024-03-12 10:01:00,,
1414310,이전에 17년식 아이오닉ev(구오닉) 4년 9만8천타고 넘겼는데요 SOH 98퍼 나왔습니다.실제로도 17년에 출고 할때나 매매할때나 주행가능거리 비슷하구요NCM이라고 다 그런거아닙니다.,맥스Iev6I경기,2024-03-12 09:14:00,,
1414310,"다시 확인해 봐야 겠지만..   저 측정값이 맞지 않는거로 보입니다. 7만 주행했는데,  누적 충방전량은 그게 아니니.이런 부분이 있어 이글은 논란의 중심이 되었네요.  NCM, LFP논란이 5년 뒤 과연 어떻게 될지.    테슬라, 중국이 다 맞을려나?",수IeGV70I경기,2024-03-12 10:03:00,,
1414310,https://blog.naver.com/arthurkim63/222400180836위 링크에 있는 블로그 전기차 진단 스토리 보시면 코나EV가 20만 키로 타고 99.94% 라고 진단이 되어 있는데 배터리 불량 아닌지요? 중간에 배터리 리콜이 있었던거 같은데 받으셨는지요 ?,레이IEQA아이6I경기,2024-03-12 11:47:00,,
1414310,리콜 대상이 아니였어서 리콜은 못받았고 소프트웨어 업데이트는 꾸준히 받았습니다.,달려황I코나I여수,2024-03-12 11:49:00,,
1414310,"2019년 니로EV 22만키로 주행 중인데, 초기 대비 주행거리 하락 거의 없이 주행 중입니다. NCM 배터리 수명이 그렇게 짧지 않아요.",백똘I니로EVI대전,2024-03-12 13:18:00,,
1414310,https://n.news.naver.com/mnews/ranking/article/001/0014583688 뽑기의 차이? 이렇게도 생각해보실수 있지 않을까요??,에듀IEV6I강원,2024-03-23 11:01:00,,
1414132,아오..,성쓰lev9l울산,2024-03-11 15:21:00,,
1414132,11분만에 소화 되었으면 배터리 화재가 아니겠죠.,검둥이I코나I목포,2024-03-11 15:24:00,,
1414132,"리콜 받은 차량인데 화재라.....
베터리 문제가 아니였음 좋겠네요.",아트라스I스탭,2024-03-11 15:24:00,,
1414132,코나,벤츠EQCI광주,2024-03-11 15:24:00,,
1414132,사진상으론 고전압 화재는 아니네요.,맥스큐lEV6l경남,2024-03-11 15:25:00,,
1414132,부담이큽니더,경기l루온l50년타자,2024-03-11 15:28:00,,
1414132,충전 단자쪽에서만 불이난것처럼 보이네요,에스I아이오닉5I경기,2024-03-11 15:44:00,,
1414132,배터리 불났으면 11분만에 꺼질리가 없을텐데..충전기 문제나 다른 이슈인 듯 보입니다. 기사 제목을 리콜과 마치 연관있는 것처럼 써놓은 것도 사실 잘못된 관행인데..,하야시I아닉6I서울,2024-03-11 15:50:00,,
1414132,아씨.. 주변에서 또 엄청 뭐라 하겠네요.. 전기차 왜샀냐고..,금방아들I코나I충주,2024-03-11 16:11:00,,
1414132,배터리문제라면 하부에서 불이 시작되었을텐데 실내가 멀쩡하다니..,붕붕이ㅣ아5ㅣ부산,2024-03-11 16:57:00,,
1414132,현기차 무섭군요.,벼꽃I이트론55I대구,2024-03-11 17:22:00,,
1414132,배터리 부위가 아니군요,멋진넘I아5니로I동탄,2024-03-11 17:55:00,,
1414132,"2019년식 완속충전 로직에 문제가 있는게 확실한데, https://cafe.naver.com/allfm01/1182820 프로그래머들이 신차 개발에만 매달린다고 그냥 방치되고 있는 중입니다. 옛날처럼 몇 대 더 불이 나봐야 정신차리고 수습하지 않을까~ 싶네요... 에혀~",크런치I코나I군포,2024-03-11 18:02:00,,
1414132,"화재빈번한 2020년도 전기회로기판 이상있는 딤채김냉처지네요.. 아직도 전국에 리콜받지 않은 딤채 김냉 1만대이상있답니다,, 그러나저러나 충전 문제있는 것은 현대 코나인데 이런 일만 터지면 전기차는 싸잡아 욕먹고 시기상조 소릴 들어야하는지... 전기차는 똘똘 뭉쳐야할까바여;;",준호든I폴스타2I용인,2024-03-11 19:14:00,,
1414132,왠일로 이름이 나왔나 싶네요,그래그래 그렇게,2024-03-11 19:54:00,,
1414132,"1.하부배터리 부분이 멀쩡한점 2.11분만에 진화가 된점 등을 보아 ""배터리 화재""는 아닙니다.",울트라버터I코나I서울,2024-03-11 22:38:00,,
1414132,전 충전기 플러그 부서진거 그대로 쓰신거 아닌지 의심 돼더군요,샤로미I대구,2024-03-12 10:05:00,,
1414132,리콜해도 불나네,FSD만슬이I모델3I시흥,2024-03-12 12:28:00,,
1413709,어휴 사람이 안 다쳐서 그나마 다행이지만 또 이미지가...,경기II린뉴,2024-03-11 04:54:00,,
1413709,코나 ㅠㅠ 한동안 잠잠하더니....,연천l코나l양택이,2024-03-11 05:08:00,,
1413709,충전중 화재문제 아직 해결이 안되었군요.,용가리123I전남,2024-03-11 05:12:00,,
1413709,배터리 화재는 아닌듯요. 충전구와 충전기의 문제일듯,토르1l폴스타l구미,2024-03-11 05:17:00,,
1413709,"어느것이 문제인지
알아보는 방법이 있나요?",휠넛l빅토리아,2024-03-11 06:39:00,,
1413709,배터리 화재면 차량 전체가 불타 전소입니다. 이 화재는 충전구 및 본넷쪽만 탄걸로 보여요. 하부 배터리는 불이 붙지도 않은듯..,토르1l폴스타l구미,2024-03-11 06:44:00,,
1413709,"충전구, 본닛 화재도 시간이 지나서 번지면 차량 전체가 전소되지 않나요?",휠넛l빅토리아,2024-03-11 06:52:00,,
1413709,그야 당연그렇죠. 근데 제가 말하는건 코나ev 배터리화재로 핫햇던 차량이라 배터리 화재로 오해하시는분들이 계실까봐 말씀 드리는겁니다. 배터리화재와 일반화재는 차원이 다릅니다.,토르1l폴스타l구미,2024-03-11 06:53:00,,
1413709,후덜덜,세종eqeMr썬샤인l,2024-03-11 05:21:00,,
1413709,"니로EV, 코나EV는 충전구 과열되도 차단 기능이 없는게 맞나보네요.",펀치박스I아5니로I퐝,2024-03-11 05:23:00,,
1413709,헐 문제네요,허큘II5닉I경기,2024-03-11 06:39:00,,
1413709,코나 니로만 과열차단이 없다면 문제네요….,듀스I코나EVI김해,2024-03-11 08:15:00,,
1413709,중국은 리콜 안했으려나요,크리스l모SYEV9l경기,2024-03-11 05:54:00,,
1413709,"이거 미국에서 불나서 난리 났던게 몇 년 전 같은데
아직도 해결 안한건가요?",휠넛l빅토리아,2024-03-11 06:40:00,,
1413709,어떻게충전하면 저렇게불이날까요? 창피하네요 전기차 차주로서 이런기사나올때마다 전기차몬게 후회돼요 ㅠ,누라 푸조 전남,2024-03-11 06:43:00,,
1413709,,아트라스I스탭,2024-03-11 07:13:00,,
1413709,걱정되기는 하네요.,운천역 I 광주,2024-03-11 07:17:00,,
1413709,신형코나인가요?,사슴l쏘부or코나l전남,2024-03-11 07:28:00,,
1413709,후면보니 구형입니다,굼벵이현수I당진,2024-03-11 10:07:00,,
1413709,코나의 고질병은 안고쳐지나봐요ㅜㅜ,부산ll무사신,2024-03-11 07:30:00,,
1413709,베터리가 아니라 충전구나 앞쪽 부품에서 화재가 난듯한데..,개냐옹I아오5I천안,2024-03-11 08:04:00,,
1413709,날이 풀리니 코나의 저주가 시작되네요..... 코나는 화재만 아니면 참 좋은데...,아돌I미정I거제,2024-03-11 08:07:00,,
1413709,배터리는 아니고 충전구쪽 문제같은데 과열이 차단안되는것도 문제네요,듀스I코나EVI김해,2024-03-11 08:16:00,,
1413709,10분만에 진압에다가 위치를 보니 배터리일 확률은 낮아보이는군요,티엔I코나I군포,2024-03-11 08:57:00,,
1413709,저러면 현대가 보상해주나요?코나EV 배터리로 화재난 차량은 현대가 보상해줬나요?아님 걍 보험처리로 전손처리하고 끝인가요?...,명탐정l코나I경기,2024-03-11 09:18:00,,
1413709,저 화재는 누구의 책임일가요..?!충전회사재조사차량주인..?!힘들다 ..,베롱꽃필무렵,2024-03-11 09:30:00,,
1413709,화재 사건을 보면서 전기차 오너로써 가슴이 철렁거립니다 현대에서 원인 분석과 재발 방지를 위해 최대한 투명하게 진상을 밝혀줬으면 합니다 수천만원의 차를 타며 만족하고 좋은 1인 이지만 이런 사고가 잃혀질찜 간간히 터지는 소식에 찜찜한게 사실입니다 사람이 다치지 않은게 다행입니다 현대에서의 듣기 좋은 소식만 들렸으면 합니다,뽀또 I 코나 I 보령,2024-03-11 09:40:00,,
1413709,,테디베어l경기,2024-03-11 09:59:00,,
1413709,완속충전인지 급속충전인지 궁금하네요,거북l아이오닉5l시흥,2024-03-11 10:49:00,,
1413709,완속에 **** 충전기라네요.,팅팅탱l볼트아5l경기,2024-03-11 13:00:00,,
1413709,현기차 ㄷㄷ,아이뽀li4l28,2024-03-11 13:12:00,,
1412159,"설치는 본인의 자유, 혹시라도 화재나면 원인이 될 수도 있지만 그에 대한 책임도 따라옵니다.100%는 없어요,,, 순금도 99.9999999%",전기붕붕IeGV70I하남,2024-03-08 21:16:00,,
1412159,전원자체가 차단되는데두 그래요??? 잘몰라서리,뿌뿌에I코나EVI인천,2024-03-08 21:17:00,,
1412159,차량시동끄면 전기차단되니상관없고요 .. 시거잭꼽는거에휴즈들어있습니다.문제있을시 휴즈끊기니상관없습니다.. 우리나라서파는것중 거진다 중국산이에요,빵빵 I xc40 l부산,2024-03-08 21:40:00,,
1412159,감사합니당,뿌뿌에I코나EVI인천,2024-03-08 23:54:00,,
1412159,222222222222222,미제I트론아6ev9I문막,2024-03-09 06:43:00,,
1412159,"시거잭에 전원버튼 있던데요
불안하시면 전원버튼 온오프 하면 되실듯",노작I아6I수원,2024-03-08 22:27:00,,
1409269,아~안타깝네요 저것만 제대로 만들면 이번 페리로 거의 완벽한것 같은데 수리 잘 받으시길 바랍니다,느린토끼I예정I울산,2024-03-05 18:28:00,,
1409269,그러게요,아랑I아이오닉5I안양,2024-03-05 18:36:00,,
1409269,고생하셨습니다.,아트라스I스탭,2024-03-05 18:33:00,,
1409269,감사합니다,아랑I아이오닉5I안양,2024-03-05 18:36:00,,
1409269,아니요 그냥 집에 처박혀있는 suv 타고다닐겁니다,아랑I아이오닉5I안양,2024-03-05 18:34:00,,
1409269,요즘 좀 줄었다 싶었는데 다시시작이군요 ㅜㅜ,크리스l모SYEV9l경기,2024-03-05 18:35:00,,
1409269,뭐 여기 카페에서 면역주사 1000차 까지맞아서인지 그냥담담해요,아랑I아이오닉5I안양,2024-03-05 18:36:00,,
1409269,중고로 ev6알아보는중인데 좀 참아야 할까요?,크루I볼트evI서울,2024-03-05 18:36:00,,
1409269,이번주로 또 5000원짜리도 못맞추는 비루한 사람입니다 ㅎㅎ 판단은각자,아랑I아이오닉5I안양,2024-03-05 18:37:00,,
1409269,컥~ 저랑 동급 이신데...내가 찍은 로또번호만 빼고 다른 번호로 찍으면 1등 할꺼 같은데 라는 생각을 가끔 해봅니다.,바람꽃ㅣeg80 l충주,2024-03-05 18:40:00,,
1409269,"ev6, ev9, 아이오닉5, 아이오닉6, eG80, eGV70 요즘 출시 된 차량은 다 ICCU 이슈를 가지고 있습니다. 
개선품도 없는 상황이구요. 
필요하시면 구입하시고~ ICCU 문제 생기면 당황하지 않고, 처리하시면 됩니다. 
니로EV, 코나EV는 ICCU 이슈 없습니다.",펀치박스I아5니로I퐝,2024-03-06 16:00:00,,
1409269,"부족한 형,동생들...저는 보조배터리가 자꾸 방전됩니다ㅠ.ㅜ",달랑이I포터e아6I울산,2024-03-05 18:38:00,,
1409269,아니 왜 그런일이,아랑I아이오닉5I안양,2024-03-05 18:59:00,,
1409269,처음이시군요...저는 뭐 한두번이 아니라 ㅎㅎㅎ,시기상조I넥쏘i3I서울,2024-03-05 18:46:00,,
1409269,선배님 !!!!,아랑I아이오닉5I안양,2024-03-05 18:59:00,,
1409269,"https://www.car.go.kr/home/gate.do

리콜센터 신고부탁드립니다",다방구l오닉5l경기,2024-03-05 18:48:00,,
1409269,네에,아랑I아이오닉5I안양,2024-03-05 18:59:00,,
1409269,이것저것 다 한번에 통합시켜놔서 뭐가 문제인지 현대도 정확히 모른다는 소리가 있던데 차기 모델은 잘 좀 고쳐서 나왔으면 좋겠네요,출근l아이오닉evl경기,2024-03-05 18:51:00,,
1409269,뭐 저야 2년후 반납이지만,아랑I아이오닉5I안양,2024-03-05 18:58:00,,
1409269,집 아파트 아이오닉 5 택시 기사님. 저의 테슬라 모델3 를 집에 주차할때 엄청 처다보시기에. 왜 저러시지?   본인 아이오닉 5 차 잘 타시는데 테슬라 넘어오실려나?!  했는데 주차하고 집 들어가는데 견인차 와서 끌고감.  ICCU 터져서 내차는 안터지나 ~~~~하며 본것인듯.   ICCU진짜 심각.,맨헌트I테슬라I강동,2024-03-05 18:51:00,,
1409269,맞아여 강원도산골 늦은저녁 이런상황이면 ㅜㅜ,아랑I아이오닉5I안양,2024-03-05 18:58:00,,
1409269,도대체 ic cu는 무엇이길레 카페에서 이난리가 나고 있을까요,안뇽하세요ll세종,2024-03-05 20:43:00,,
1409269,경고등떠도 속도 40키로정도로 주행 가능하다는게 맞을까요?,보보리l오닉5l정읍,2024-03-05 18:57:00,,
1409269,몇킬로 못가는거같아요,아랑I아이오닉5I안양,2024-03-05 18:57:00,,
1409269,"에고, 힘내세요",케이ㅣ경기,2024-03-05 19:01:00,,
1409269,"iccu진짜 해결되어야할 문제입니다
순간정지아니라서 잠시간 움직일수 있으니 수입보다 낫다고 하시지만, 고속화도로 1차선 100km 달리다가 저속으로 갑자기 떨어져서 차선변경하는데 주변차선 차들이 오냐 비켜줄께 할것도 아니고, 갓길까지 못옮겼는데 그게 급커브길이면...

최악의 상황을 말한거지만, 화재 미탈출 사고도 매우 극악의 확률이고 로또도 매우 극악의 확률이죠
큰사고 없이 그나마 안전하셔서 위로드립니다

고생하시고, 수리잘받아 잘해결되시길 바랍니다",펑IEV9l부산,2024-03-05 19:34:00,,
1409269,아이고 고생하셨습니다,맘도리치I모델YI경기,2024-03-05 20:07:00,,
1409269,인덕원이군요 전 2번터졌어요 화도 안나더군요,다다익선IEv6I의왕,2024-03-06 09:49:00,,
1409269,에고 고생 많으셨습니다 ㅠㅠ,뎅굴댕굴,2024-03-06 10:17:00,,
1409269,세타2 평생 보증 처럼 되도록 리콜 센터에 신고 건수 올리도록 저도 터진거 신고하고 왔습니다.. 쩝…,거치른벌판I아5NI울산,2024-03-06 10:18:00,,
1409269,12만 주행 넘은 저로서는 걱정입니다.,카리 아이오닉5 가평,2024-03-06 13:15:00,,
1409269,"이게 가다가 서는거군요..,;;",아이뽀엠50,2024-03-09 14:58:00,,
1409269,급한일로 움직이는 중이면 완전...,네버l아이오닉5l강원,2024-06-29 13:35:00,,
1408171,가격 차이가 많이 나요.저라면 무조건 페리오닉입니다,먹는거좋아해,2024-03-04 15:03:00,,
1408171,감사합니다. 가격차이가 쎄서 고민이네요,전기I아이오닉5I천안,2024-03-04 16:31:00,,
1408171,"Iccu 와 화재는 미리 걱정하면 절대 구매 못합니다.
그 걱정하면서 차 살려고 하변 급발진 걱정 누가와서 박을까 걱정 다 미리해야합니다 ㅎㅎ 아이오닉 사세요",민몬트I인제,2024-03-04 15:05:00,,
1408171,감사합니다! 제작요청은 드렸어요,전기I아이오닉5I천안,2024-03-04 16:31:00,,
1408171,전용 전기차 플랫폼 충전 속도.주행거리 신기술!! 만 해도 페리오닉이죠 단 가성비~ 넉넉한 공간 캠핑용으로. 토레스도 막강합니다!!,이천시민IEV9I경기도,2024-03-04 15:07:00,,
1408171,주행거리가 매력적이네요ㅠ,전기I아이오닉5I천안,2024-03-04 16:31:00,,
1408171,아이와 짐을 생각하면 그나마 넓은 토레스가 낫죠.,라고I구오닉l울산,2024-03-04 15:08:00,,
1408171,현대는 언제쯤 중형SUV 전기를 내줄까요..,전기I아이오닉5I천안,2024-03-04 16:31:00,,
1408171,페리오닉,아5평여수,2024-03-04 15:21:00,,
1408171,감사합니다!,전기I아이오닉5I천안,2024-03-04 16:31:00,,
1408171,토레스는 니로랑 비교하세요 ㅋ,멜론마스크 l ev6 l,2024-03-04 15:23:00,,
1408171,감사합니다!,전기I아이오닉5I천안,2024-03-04 16:31:00,,
1408171,목적이 명확치 않아 보이는군요. 단순히 다목적으로 새차를 1대 사야겠는데 이왕이면 전기차가 좋겠다?라고 한다면 꼭 굳이 전기차여야만 하는가부터 깊이 고민해 보시는 게 좋겠습니다. 그럼에도 최종 결론이 전기차여야만 한다면 어떤 용도로 활용할 것인지 비중을 세세하게 작성해 보시면 큰 비중에 부합하는 차가 무엇인지는 명확해 집니다.,에이스li5l인천,2024-03-04 15:33:00,,
1408171,주목적은 하루에 왕복 150km 출퇴근입니다. 그래도 SUV를 구매하고 싶었던 마음에 고민이 많아지네요. 주행거리 긴게 중요할거같기도하고요.,전기I아이오닉5I천안,2024-03-04 16:30:00,,
1408171,올해 무조건 사야 한다 이게 아니라면 내년에 나올 기아 EV5를 기다리시는 것도좋은 옵션입니다. 토레스evx의 진정한 경쟁 상대이고 중국에서 선출시였기에 iccu 제외하곤 자잘한 오류는 전부 잡혀서 출시할 겁니다.,에이스li5l인천,2024-03-04 17:23:00,,
1408171,"감사합니다. 완벽한 답변이네요,, 정확히 제 상황과 일치합니다. 좋은 답변 감사합니다!",전기I아이오닉5I천안,2024-03-04 17:37:00,,
1408171,가격은 토레스랑 니로랑 비슷공간은 토레스가 아5 보다큼고속충전속도는 아5가 충전이 빠름작성자님께서 고속충전을 많이 한다면 아5가 좋겠지만집밥 or 회사밥 완속충전하면 충전속도 의미없습니다토레스는 가성비 좋아요저는 토레스,달려I토레스EVXl화성,2024-03-04 17:18:00,,
1408171,감사합니다!,전기I아이오닉5I천안,2024-03-04 17:38:00,,
1408171,"선생님. 주행목적 출퇴근이면 아5나 ev6고 여행 다목적, 캠핑, 차박은 무조건 토레스에요. 목적이 중요하지 가격이 중요한게 아닌거 같습니다. 토레스는 가격은 니로와 코나 ev 보다 싼데 체급은 쏘렌토 크기에요. 아5는 차박 힘듭니다.",시라소니I3송도,2024-03-04 19:26:00,,
1408171,감사합니다.. 주행 목적으로는 아5가 맞겠네요!,전기I아이오닉5I천안,2024-03-04 20:08:00,,
1408171,에. 근데 아5 하실려면 페리 신모델로 하십셔!,시라소니I3송도,2024-03-04 20:10:00,,
1408171,넵! 아 5는 페리오닉으로 생각하고 있습니다!,전기I아이오닉5I천안,2024-03-04 20:13:00,,
1408171,예. 페리 강추요,시라소니I3송도,2024-03-04 20:17:00,,
1408171,전체적인 완성도는 페리오닉이죠. 기존 아이오닉의 단점을 보완해서 완성도가 높습니다.이번에 실내 고급감이나 편의성도 더 좋아졌더라고요,럭키센스I경기,2024-03-04 23:26:00,,
1408171,감사합니다!! 시승신청해놔서 탓을때 높이만 높으면 바로 가려구요!,전기I아이오닉5I천안,2024-03-05 01:08:00,,
1408171,"저는 아5. 16개월정도탔고 두돌된아기가있어서 처음부터 카시트설치하고 사용했는데요. 
현시점에서 아기계획이 있으시다면 아5보다는 evx죠. 저는 아5. 만족하며타지만 제가선택할때 evx있었으면 무조건 evx 골랐을겁니다.  휠베이스만으로 접근할수없는 차가가지고있는 태생적인  사이즈의 문제가있습니다.
아기생기시면 뒷좌석 한쪽은 카시트고정이고 어디다닐때 트렁크에 기본적으로 실려있는 고정짐이나 
유모차등등 토레스죠. 
애가 무거워지니 구부려서 카시트안에
안착시키는것도 가끔은 빡새네요ㅎㅎ
와이프는 힘이딸리니 버거워하구요. 
비전루프도. . 20개월은 넘어가니 
천장바라보는거 좀 쳐다보지. .
유치원생정도는 되야 의미있는 옵션이더군요ㅎㅎ",캠퍼l아이오닉5l인천,2024-03-05 11:20:00,,
1408171,"감사합니다. 제가 제일 필요로 했던 경험담이네요,, 차 자체의 높이가 중요할 것 같습니다! 선택에 많은 도움 되었습니다! 감사합니다!!",전기I아이오닉5I천안,2024-03-05 14:25:00,,
1407997,"1세대 코나에서 화재로 인해 20년 12월에 현대에서 일방적인 BMS 업데이트가 있었습니다.
이때 전반적으로 각구간별 충전속도를 손을 본건 같더라구요.
급작스런 업데이트라 전후 충전속도 차이에 대한 비교자료는 없지만 1세대 코나 유저들은 체감할 만큼 느려졌구요.
제 생각엔 그 동안 BMS 에 대해 쌓인 데이터로 다시 이전으로 돌렸다든가 아니면 안정화를 제대로 한거라 생각되네요.",건승I코나I서울,2024-03-04 12:44:00,,
1407997,그런 사실이 있었군요.,뿌뿌에I코나EVI인천,2024-03-04 12:47:00,,
1407997,일정부분 제한했던 속도를 조금 푼게 아닐까 싶네요,듀스I코나EVI김해,2024-03-04 12:46:00,,
1407997,150kw까지만이라도 올려줬으면 하네요,뿌뿌에I코나EVI인천,2024-03-04 12:47:00,,
1407997,하드웨어상 한계가 80kw정도라 하더라고요,듀스I코나EVI김해,2024-03-04 12:48:00,,
1407997,,피로I코나EVI경북,2024-03-04 14:40:00,,
1407695,전기차는 차량 금액대도 매우매우 중요하지만 결국 가장 중요한건 주행가능거리 입니다.아이들 통학위주라고 한다면...정말 많아야 하루에 60키로 정도(통학/학원 그리고 대기시간정도)라면...여름철에는 이삼일에 한번정도.... / 겨울철에는 최소 이틀에 한번은 꼬박꼬박 충전을 한다고 생각을 하시고장거리 주행은 아에 안한다는 조건이라면.. 레이EV도 충분하다고 생각합니다.하지만 무조건 강조하는건 배터리용량 = 주행가능거리 입니다.  이건 무조건 기억하고 계셔야 됩니다. ^^,싸만IEV6 오닉l서울,2024-03-04 01:27:00,,
1407695,네~^^ 감사합니다~,스머프레이EV부산,2024-03-04 08:17:00,,
1407695,"LFP 차량은 아직 국내에서 롱텀으로 운용해보신 분들이 별로 없습니다.중국에서 사시는 분들 빼고는 LFP 전기차가 올해 국내에 처음 풀린거라서요. 그래서 대부분 비싸도 NCM 추천하시는 분들이 많고, 주행거리 400km 가까이 나오는 코나EV, 니로EV, 볼트EV, 소울EV 가 현재 2000만원대에서 가장 가성비 좋은 선택지들입니다. 용도를 출퇴근이나 아이들 통학 위주로 제한하면 레이EV 도 훌륭한 선택지로 보이긴 하네요.",아이오니아5l아5l여수,2024-03-04 03:15:00,,
1407695,시내바리면 레이도 괜찮은데 전 결국 다른차 선택했습니다.,Efoeverlev6l광주,2024-03-04 06:30:00,,
1407695,딴건 모르겠고 애들 통학용이면 하이니켈 제품은 안 살거 같습니다.화재 확산 속도가 넘사벽이더군요사고가 나면 안되겠지만 혹시라도 나면 대피기간이 너무 짧습니다,뚜르르르로,2024-03-04 06:48:00,,
1407695,코나 추천드립니다승차감도 좋아요,천안 I 볼트,2024-03-04 08:12:00,,
1407695,구니로 구코나 볼트류 볼트euv도 가능할걸요새차를 원하면 상반기 캐스퍼ev도 좋을듯요,수원INIROI광교,2024-03-04 10:17:00,,
1407695,전기차는 배터리용량 보면 좋아요,원할머니똥쌈IeqaI,2024-03-04 23:12:00,,
1407695,음.. 본인의 주 주행거리와용도에 다를듯해요,대학원생l서울,2024-04-01 13:09:00,,
1407084,"멀쩡한 차 팔지말고
사서 고생도 하지말고
걱정도 하지말고
가족들 안전하게
그냥 타던차 타시는게...쩝",아이오닉6l서울,2024-03-03 03:41:00,,
1407084,지금 운행중이신가요? 많이 불안할까요??,봄눈I아이오닉I광주,2024-03-03 03:42:00,,
1407084,"전 불안한거 1도 없습니다
처음부터 불안했으면 처다도 안봤을겁니다

지금 잘만타고 다닙니다
하지만
불편한건 집밥이 있어도
충전 스트레스를 많이받고
비싼 차값대비 질이 떨어진다
생각이 들뿐이죠~",아이오닉6l서울,2024-03-03 03:48:00,,
1407084,출고대기로 작년에 출고 올해 기회가 온거 같아서 고민중인데… 와이프랑 애가 탈꺼라 더 걱정이네요.. 감사합니다,봄눈I아이오닉I광주,2024-03-03 03:49:00,,
1407084,걱정되시면!! 내연차 타시는게!!,쭈니lev6l서울,2024-03-03 04:53:00,,
1407084,하이브리드도 검토해 보세요.,changkc,2024-03-03 05:02:00,,
1407084,하이브리드 운행중인데.. 아이오닉5타보니하브보다 괜찮은거 같아서 맘이 동하네여.. 세일도 그렇고..,봄눈I아이오닉I광주,2024-03-03 05:04:00,,
1407084,"하브 정도면 저같으면 그냥 타겠어요
항상 남에 떡이.커보여요

이것도 타다보면
신경 쓸게 한두가지가 아님
특히 오닉은 잡소리 스트레스가 ㅜㅜ",콜트l오닉5l전주,2024-03-03 06:59:00,,
1407084,혹시 익스클루시브는 문짝이 플라스틱인가요?? 프레스티지처럼 가죽마감이 아니죠?,봄눈I아이오닉I광주,2024-03-04 13:29:00,,
1407084,"제차가 프레인데 잡소리 나요 정말 친절한 기사분 만나서 문짝 탈거해봤는데 날수밖에.없는.구조더라구요 
잡소리는 아오5 사시면 언젠가는 난다고 봐야해요",콜트l오닉5l전주,2024-03-04 14:37:00,,
1407084,"관광지가서 충전이힘들어요 가보면 죄다 포터들 점령
하브추천드리고싶네요",존갈리lEV9l화성,2024-03-03 07:03:00,,
1407084,하브도 하부에 전기차랑 똑같은 배터리들어갑니다 크기가 작을뿐 불나는건 똑같아요 오히려 화재요인 +1입니다,이마코시스템I5NI울산,2024-03-03 07:05:00,,
1407084,코나 불타는거 옆에 지나가본적은 있어요.. 살벌하더라구요.. 근데 불나는건 전기차나 기름차나 둘 다 살벌해요 😅,참고l모델Yl서산,2024-03-03 07:22:00,,
1407084,"하브는  전기+기름   2가지니 화재확률도 더높지 않나요?
전기차든 기름차든 둘중하나로 하시는게...
기름차 정비신경쓰기 너무 귀찮아요. ㅠ",과열l김포,2024-03-03 07:45:00,,
1407084,하브가 전기차보다 화재발생률 더 높습니다. 무슨말인지 아시겠죠..^^,애플I모델YI전주,2024-03-03 07:48:00,,
1407084,전기차처럼 순식간에 전소되는건 아니자나요,봄눈I아이오닉I광주,2024-03-03 07:53:00,,
1407084,열폭률도 매우 사실상 드뭅니다. 대부분은 에러메세지가 화면에 떠서 한참뒤에 생깁니다. 그리고 그런경우는 사실상 내연기관도 전손되는 상황입니다~~,애플I모델YI전주,2024-03-03 08:16:00,,
1407084,"배터리에 불붙으면 열폭주
기름탱크에 불풑으면 대폭발",성쓰lev9l울산,2024-03-04 00:38:00,,
1407084,불안하고 걱정되면 사지 말아야죠,승지ll아이오닉ll화성,2024-03-03 07:59:00,,
1407084,"23년 상반기 차량화재 발생비율
전기차 0.01%
내연차 0.02%

이정도니 불나면 기사나오는거지요.
살면서 차 불타고 있는건 이제껏 딱 한번 봤습니다.",하루구름I아5I일산,2024-03-03 11:01:00,,
1407084,"여지껏 운전하며 코나ev 화재는 한번봤습니다.
하지만 5시리즈 화재는 두번 봤습니다",흙형I아이오닉5I서울,2024-03-03 14:07:00,,
1407084,요즘은 화재보다 ICCU가 더 신경쓰이네요 ㅜ,빈티지식집사II부산,2024-03-04 11:20:00,,
1407084,머리아프게 왜 고민이신가요?그렇게 화재 걱정되시면 그냥 타시던거타세요~혹 화재나서 큰일 당하시지말고~,씽씽lEV6l인천,2024-03-04 16:33:00,,
1405950,Iccu 개선품 안나와서 아마 현재 문제들 그대로 안고갈꺼에요,한율아빠I코나I용인,2024-03-01 14:30:00,,
1405950,제가 알기론 코나는 iccu가 아니라 나뉘어져있어서 문제 없다고 알고있어요,초가집까마귀,2024-03-01 14:39:00,,
1405950,iccu는 전기차 전용 플랫폼 차량만 잇는거 아닌가요,션볼로I코나I성남,2024-03-01 18:18:00,,
1405950,감사,강아지아빠,2024-04-23 20:28:00,,
1405950,신형 코나 EV(SG2 EV) ICCU 있습니다;;;;;; 정확한 정보 전달좀;;;,브라보lEV6희망l경기,2024-04-26 14:12:00,,
1405399,이 배터리가 다르군요,규I아이오닉I용인,2024-02-29 16:23:00,,
1405399,초기 판매 대수는 코나가 아마 2배이상 많을꺼에요.  코나는 화재 사고가  꽤 있었는데 니로는 거의 없던걸로 기억합니다.,포르쉐lEv6l부천,2024-02-29 16:32:00,,
1405399,그렇군요 가격차이가 있었군요,규I아이오닉I용인,2024-02-29 16:33:00,,
