post_id,cmt_author,cmt_content,cmt_created_at
5952795224,BVB로이스,좋은 글 추천 중고 고민하시는 분들은 재작년~작년 나온 오닉5 ev6 모델3리리프 이상 얘네 중고 추천,2023.07.10 10:29
5952795224,봄이예요,BVB로이스 중고차는 여윾시 뽑기실력이라... 마치... 주사위 돌려서 당연히 3이상 나올 사람 이랄까? 생각외로 괜찮지만 내가 똥걸리면 울상이잖여... 이건 전기차든 내연차든...,2023.07.10 10:30
5952795224,BVB로이스,봄이예요 그쳐 ㅎㅎ 그래두 내연기관보단 3이상 확률이 높다고 생각합니당,2023.07.10 10:31
5952795224,봄이예요,"BVB로이스 확실히 죄다 신차인데다가, 생존불가 판정이 후하니(?) 그렇겠네요!",2023.07.10 10:31
5952795224,연쇄추천마,ㅊㅊ4년안에 살거같으면... 의 이유는 보조금때문인가요?,2023.07.10 10:29
5952795224,봄이예요,연쇄추천마 전기차보조금 + 물가상승(충전요금 및 차량 자체 가격상승)이요!,2023.07.10 10:30
5952795224,연쇄추천마,봄이예요 글쿤요 ㄳ,2023.07.10 10:31
5952795224,퇴장,아5 차값 500올랐다.... 정확히는 460인가....,2023.07.10 10:30
5952795224,크라이브,코나ev 마렵다...,2023.07.10 11:10
5952795224,디올뉴코나,크라이브 저도,2023.07.10 12:06
5952795224,안동토박이,보조금 줄어들텐데 차값 못올릴걸요,2023.07.12 13:20
5952795224,봄이예요,"안동토박이 지난 3년간의 경향성에 따른 예측이고, 뭐 말도안되는 방법으로 물건값이 줄어들 가능성은 있죠.기능을 몇개 뺀다던가 하는 방법이라던지요. -> 트림의 다양화 라는 말로 대체했어요.추가로, 4년동안 아이오닉과 ev의 최저가 트림 유지한 방법이 위와 같은거예요.",2023.07.12 13:42
5943599103,축신스털링,Iccu 에러 21년부터 꾸준히 나온 이야긴데 미국에서 움직이니까 바로 조치하네...,2023.07.07 11:48
5943599103,Plaid,축신스털링 개선품도 작년에 만들어놨음 ㅋㅋㅋㅋㅋ 진짜 소비자들에게 알리지 않고 몰래 숨기고 있다니,2023.07.07 11:53
5943599103,G05X5,어휴 ㅋㅋ나쁜 놈들,2023.07.07 12:03
5943599103,llIlIl1,"??? : 현대 전기차가 세계 탑급이다 , 내수차별이 아니다 마케팅 차이일 뿐이다 , 제네시스는 독일차급이다ㅋㅋㅋㅋㅋㅋㅋ",2023.07.07 12:08
5940446185,에스클래스,미국에서는 전기차만 그런 게 아니라고 하던데.. 엄청 리콜 들어감.,2023.07.06 12:08
5888235642,이러면멋있어,역시 미국에 팔리는차를 사야해...충성충성,2023.06.20 07:29
5888235642,al3c9d32,천조국 감사감사,2023.06.20 07:43
5888235642,축신스털링,국내에서 존나 예전부터 말 나오던건데 미국에서 지랄해야 움직이누,2023.06.20 07:56
5888235642,CARGUY,1년전부터 ㅈㄴ터지고잇엇음 리콜안해주고 터진차량만,2023.06.20 08:10
5888235642,Vkompany,시동꺼지면 ㅈㄴ무서울듯..;,2023.06.20 09:27
5883334567,퇴장,안돼 내차 아이오닉인데,2023.06.18 17:37
5883334567,순수워터,퇴장 부럽,2023.06.18 18:07
5882473162,스머프신발,드뎌 리콜 뜨나,2023.06.18 11:27
5882473162,al3c9d32,스머프신발 천조국느님들 감사...,2023.06.18 11:27
5882473162,unorder,전에 오닉5 iccu 땜에 고민하던 분 있었는데이게 엄살이 아니라 장난 아닌 이슈였네요?ev9을 이렇게 마음속에서 지울수 있어서 다행이다,2023.06.18 11:29
5882473162,fab4,아6 타고 있지만역시 전기차는 테슬라가 제일 나은듯여유되면 모델S 타보고싶다,2023.06.18 11:38
5882473162,fab4,fab4 작년에 미국에서 아5가 1.8만대 팔렸나보네그중 30대면 600대당 1대 꼴로 iccu 터짐,2023.06.18 11:44
5882473162,국장망함,이게 이제서야 뜨네 참.... 심각한 문제인데그래도 미숙에서 나서니 이제 뭐라도 나오긴 하겟다,2023.06.18 11:43
5882473162,88pal,"이게 옛날부터 터졌던 이슌데, 이제서야 하네. 국뽕유튜버의 말로는 이미 현기에서 알고있었는데, 지금까지 대처안한거면 그것 또한 문제아닌가?",2023.06.18 11:45
5882473162,국장망함,88pal 현기 egmp 전부가 해당되는 문제라서 마냥 손놓고 있지만은 않았을텐데 그래도 이렇게 뜨면 해결 인력을 늘릴듯,2023.06.18 11:46
5882473162,88pal,"국장망함 국뽕유튜버의 말로는 작년에 iccu 개선품이 나왔다고 말함, 근데 아직도 해결을 못했거나 리콜을 안한거면 그것또한 문제아닐까?라는 생각이 듦 -",2023.06.18 11:48
5882473162,국장망함,88pal 개선품 아닌걸로 알고잇어요,2023.06.18 11:50
5882473162,봄이예요,"국장망함 아무래도 위와 같은 유튜버가 한 말을 최대한 요약해보자면,'연식변경 이루어졌고, 개선품이라고 믿을 여지가 충분하고, 해당제품이 달려나온 새 차에 대해서는 아직 불량소식이 없으니 기대해도 좋지 않을까? 대처방식이 리콜이 아닌건 좀 아쉽긴 함'정도 아님?",2023.06.18 13:19
5882473162,al3c9d32,88pal 자동기어는 뭐 다른제조사들도 어짜피 이 방식 써야하니까 현기가 매 먼저 맞는거라던..ㅋㅋㅋㅋㅋㅋㅋㅋ,2023.06.18 12:51
5882473162,봄이예요,al3c9d32 이분들 별루다 별루다 하면서 다 챙겨보고있네 ㅋㅋㅋㅋ,2023.06.18 13:01
5882473162,al3c9d32,봄이예요 갓독자가 되고싶습니다 충성충성,2023.06.18 13:08
5882473162,이러면멋있어,미국에 팔리는 차를 사야함 ㄹㅇ,2023.06.18 12:11
5882473162,췕GPT,펑소리와  동력상실 ㄷㄷ,2023.06.18 12:41
5873632172,unorder,안살이유를 찾지말고본인이 필요한 요소를 리스트업해봐,2023.06.15 17:25
5873632172,국장망함,unorder 지금 차도 연식이 최근껀데 시트가 불편함. 난 장거리를 많이 타는 편. 근데 언제 이사 할 지도 모르는거고 전기차 경우에는 충전비가 계쏙 올라서 마냥 이득이라고만 볼 수 없음. 그리고 크기도 작고. 다 장단점이 잇음,2023.06.15 17:26
5873632172,unorder,"국장망함 시트는 볼보혹은 최소 그랜저, k8 시트옵션 들어있는거 추천해요",2023.06.15 17:28
5873632172,국장망함,unorder 세단은 시트포지션 때문에 아예 제외고 현기만 가능해요 ㅋㅋㅋㅋ,2023.06.15 17:28
5873632172,unorder,국장망함 저도 허리안좋아서굉장히 시트포지션에 예민한데굳이 그렇다면싼타페 풀체를 기다려보세요현행보다 시트 좋아질건 당연해서,2023.06.15 17:29
5873632172,국장망함,unorder 풀체면 5천 정도 할텐데 그 돈이면 아이오닉5를 사는게 맞는거 같아서..싼하 프레스티지 초이스 4300정도하니까 연료비 대충 때려서 5천정도 아이오닉5랑 비교하는중,2023.06.15 17:29
5873632172,unorder,국장망함 돈보다는 몸이 편한시트를 찾는게 먼저라 생각합니다아프면 돈이고나발이고 의미없음그래서 제가 x4 2달만에 1800 손해보고 팜,2023.06.15 17:30
5873632172,국장망함,unorder 둘다 시트는 편하더라구요 그래서 시트는 굳이 언급 안햇던 것..소렌토 시트가 말이 많아서 소렌토는 아예 제외,2023.06.15 17:31
5873632172,unorder,국장망함 아 그래요? ㅎㅎ그럼 아이오닉,2023.06.15 17:31
5873632172,국장망함,unorder 제가 편하게 탓던 차들이 구형 스포티지 구형 투싼 아이오닉5 뭐 이정도고 불편햇던것들은 세단 전부 특히 3세대 플랫폼 적용된 세단은 너무 불편해요,2023.06.15 17:33
5873632172,unorder,국장망함 구형 suv들이 더 높습니다말씀하신대로 3세대오면서무게중심 낮춘다고 시트를 많이 내렸어요suv도 그래요일단 오닉5가 진짜 편하다면그게 제일 합리적입니다,2023.06.15 17:34
5873632172,국장망함,unorder 근딩 위에서도 말했듯이 1-2년전에 3천하던 아이오닉5 이제와서 5천주고 사려니까 개 화딱지나기도 하고 ICCU인지 뭔지 언제 터질지 모르는 폭탄 이거 해결도 안된거라고 하니까 참 ㅋㅋ ㅠㅠ,2023.06.15 17:37
5873632172,fab4,국장망함 근데 고질병 걱정하면 탈 수 있는 차가 별로 없음 ㅋㅋICCU가 꽤 심각한 결함인건 맞는데 터질 확률이 막 엄청 높은 거도 아니고나같음 사고싶으면 살듯,2023.06.15 17:41
5873632172,국장망함,"fab4 연료비 1천만원 차이 메꾸려면 3년을 타야 하는데, 충전비용 상승 할 것 같아서 4~5년은 타야 그때부터 이득일 것 같음. 차 크기, 충전 스트레스, 주행거리 스트레스 등등 생각하면 그냥 차값 저렴한 싼타페 풀체 전에 할인 받아사서 막 굴리는게 낫다는게 요즘 드는 생각 물론 진짜 두꺼비 같이 못생긴게 최대 단점..? 정말 사고싶지 않게 만듦",2023.06.15 17:44
5873632172,fab4,"국장망함 충전비용 상승 그렇게 크게 와닿지 않는데아파트라면 아파트 계약 단가가 중요하고, 사실 거의 아파트에서만 할거니까그리고 충전사업자마자 적립, 할인 이벤트 잘돼있고 카드 할인도 30% 50% 이렇게 돼서 실제 체감은 훨씬 쌈",2023.06.15 17:48
5873632172,국장망함,fab4 오르면 올랏지 떨어질 일은 없으니까.. 지금 전기료도 할인 받고 있는데 일단 그거 할인부터 점차 줄어들면 당연히 상승 하는거고 한전 적자 메꾸려면 그것 또한 상승 요인 .윤석열이 충전비용 상승 없다 해노코 엏마전에 올린것도 적자 감당이 안되서 그러는거라고 생각됩니다,2023.06.15 18:01
5873632172,퇴장,년키로수랑 충전여건어떤디2만아래면 걍싼타페실내공간은 싼타페보다 아5가 더넓은것같음 1.2열만보면,2023.06.15 17:26
5873632172,국장망함,퇴장 1열은 진짜 오른쪽 다리를 옆으로 둘 수 있어서 너무 좋던데 아이오닉5를 이제와서 5천 주고 사려니까 화가나네요 사실 이게 제일 큰듯,2023.06.15 17:29
5873632172,퇴장,국장망함 풀옵다넣음 6천ㅋㅋ,2023.06.15 17:30
5873632172,국장망함,퇴장 아 보조금까지 다해서요 실구매가기준,2023.06.15 17:30
5873632172,퇴장,국장망함 ㅇㅇ다해서실구매6천임 내가삿거든,2023.06.15 17:31
5873632172,국장망함,퇴장 아 풀옵 .. 전 그냥 상위트림에서 시트만 넣고 나머지는 필요없어서 그걸로 말씀드렷네요 깜빡함,2023.06.15 17:32
5873632172,fab4,국장망함 지역이 어디??,2023.06.15 17:38
5873632172,그려잉,키로수 따라 달라징득,2023.06.15 17:29
5873632172,국장망함,"그려잉 그렇게 보면 아이오닉5가 맞는데, 충전비도 갈 수록 오를 예정이고, 내가 출퇴근이 빡세서 그런건데,, 이사를 할 수 도 있을거 같아서 고민",2023.06.15 17:35
5873632172,그려잉,국장망함 오르기전에 뽕뽑는게 맞음,2023.06.15 17:35
5873632172,국장망함,"그려잉 그럼 1년에 거의 8만이상 타야하는데... 지금도 많이 타긴하지만 이 정도는 아니라서,..",2023.06.15 17:36
5873632172,뉴비인데요,"iccu는 아직 원인발표 안나온거죠?그렇게 자주는 아니지만, 지인들이 전기차 추천해달라하면 국산은 ev6 추천했었는데...iccu땜에 좀 기다려보라고 하네요이거랑 에어컨 두가지가 자주 보이는 문제점 같아요전기차 라이프는 매우 좋습니다!환영합니다ㅎㅎ",2023.06.15 17:54
5873632172,국장망함,뉴비인데요 글쵸,2023.06.15 18:03
5873632172,췕GPT,충전이 싸죠아무리 전기요금올라도 기름값보다 쌈그럼 충전스트레스를 안받는 스타일인가 봐서 충전하면서 영화도 보고 커피도 먹는게 좋다 그럼 전기차난 1분도 가만히 있는게 싫다 하면 하브,2023.06.15 18:19
5823705969,siea,(대충 전기차는 시기상조라는 댓글),2023.05.31 20:12
5823705969,dates,siea (대충 전기차는 10년은 이르다는 댓글),2023.05.31 20:13
5823705969,김고딕,록펠러 당신이 옳았어,2023.05.31 20:12
5823705969,이낭,보조배터리 꽂으면 안가나,2023.05.31 20:23
5823705969,꼬마기차띠띠뽀,이낭 안감,2023.05.31 20:37
5683037373,화폐,이야 무섭네요… 글보고 벤츠 딜러 전화했습니자,2023.04.16 14:19
5683037373,hiodon,화폐 벤츠가 답이죠,2023.04.16 15:04
5683037373,코스닥150,어차피 많이 팔면 장땡임. 테슬라도 이거보다 더 심한 이슈 많았어서 뭐 이런 악재는 악재도 아님,2023.04.16 14:20
5683037373,hiodon,코스닥150 테슬라가 무슨 이슈요 ? ㅋㅋㅋ 국내언론만 보시는?  애플이 20번도 더망했죠? 국내 뉴스보면 ㅋㅋㅋ,2023.04.16 14:39
5683037373,코스닥150,hiodon 제가 님보다 영어 더 잘하고 외신 많이볼걸요. 님이야말로 유튜브 하나 띡 갖다놓고 저 비웃으시는거 아닌가요?,2023.04.16 14:44
5683037373,hiodon,코스닥150 아니 비웃지않구요. ㅋㅋ 많이써서 그렇게 느끼셧나 ;;  그러면 팩트로 얘기하자구요... 무슨 이슈 있죠 ? 주장과 논거로 대화합시다,2023.04.16 15:02
5683037373,파이어인더애스홀,실적 잘 나올거 같다던데..,2023.04.16 14:27
5683037373,hiodon,파이어인더애스홀 왜냐하면 ...소비자가 자기차가 아직 기형아라는걸 모르거든요,2023.04.16 15:04
4628841217,alpharise,"하 ㅅㅂ,,, 블루핸즈 가야하네",2022.05.18 07:00
4628841217,창원애봉이,초창기 냉각수 부족 이슈있었는데 저거때문이었나보네요.,2022.05.18 08:03
3722609600,도멘,좆대차 이제 좀 가자,2021.07.02 11:12
3722609600,미쑷가루,킹대차! 킹대차! 킹대차!,2021.07.02 11:13
3722609600,DowJones,100프로 전동화 가즈아!!!,2021.07.02 11:24
3722609600,파이어족슈탈헬름,아직도 내장제 조립이랑 일부는 사람이군요,2021.07.02 11:32
6749909303,소심한투자자,진짜 차 좋은것도 좋은건데 고장안나는것도 복이네요.,2024.02.22 17:15
6749909303,움바뚜,소심한투자자 마자요ㅎㅎㅎ,2024.02.22 17:15
6749909303,빨팅어,스팅어는 기억할것입니다..,2024.02.22 17:16
6749909303,움바뚜,빨팅어 ㅋㅋㅋㅋㅋㅋ,2024.02.22 17:24
6749909303,어른오닉5,너도 ?,2024.02.22 17:18
6749909303,움바뚜,어른오닉5 동지가 여있었네,2024.02.22 17:25
6749909303,황그팅랜어져,스 하2,2024.02.22 17:20
6749909303,제네시스G70,스팅어: 날 버린죄야 달게받아,2024.02.22 17:29
6749909303,움바뚜,제네시스G70 전기로 나오면 다시 만나자ㅜㅜ,2024.02.22 17:40
6749909303,B.페르난데스,스팅어는 잊지 않을것입니다,2024.02.22 17:41
6749909303,흐아암,iccu 결함은 보증기한 끝나도 보증 할거같은데 ??? 미국서만 그러려나,2024.02.23 19:01
6703888624,Seltos31,그저 까고 싶을뿐,2024.02.09 15:04
6703888624,아N3개월,테슬라에 과하게 몰입하시는 그 분...,2024.02.09 15:14
6703888624,건동호옹이,악성테슬람 저러는거야 익숙해졌는데 현대가 세계 전기차 선두주자라는것도 웃김ㅋㅋ,2024.02.09 15:36
6703888624,자동세차,벤치점수만 보고 성능우월 이러는 애들이잖아,2024.02.09 15:38
6671634069,애기펨붕e,배터리혁신 오기전까지는 좀..,2024.01.31 14:44
6671634069,그냥냥냥,원인을 모르나 보네 먼가 싸구려 부품썼다가 생기는 문제인가? 아님 소프트웨어 문제인가?,2024.01.31 14:45
6671634069,난널조아해,그냥냥냥 저거 하드웨어 문제라고 했던거같음,2024.01.31 14:49
6671634069,안전운전제타,Iccu 문제가 구체적으로 어떤거임?,2024.01.31 14:56
6671634069,호돈신입니다,음 다음차도 하브로 가야지..,2024.01.31 15:29
6617195393,디올뉴코나,"EV3,EV4,EV5,EV6페리, 아이오닉5 FE, 아이오닉6 FE, 아이오닉7라인업들 미춌다 다 CCNC 때려박고 나올텐데27년도에는 바로 크랩드라이빙, 피봇턴, 제로턴, 사선주행 박을테고",2024.01.16 00:36
6617195393,그돈씨일렉트릭,디올뉴코나 아6은 진짜 레전드임??? : 아이오닉6 업데이트 되나요? ??? : 네 저희는 OTA가 있습니다. ??? : 무선 카플/안드 업데이트 해주세요.??? : 아이오닉6는 ccNC 가 아닙니다.,2024.01.16 00:40
6617195393,그려잉,디올뉴코나 뭐든 늦게 나오는놈이 좋기 마련인데 유독 좋은게 어떤걸런지,2024.01.16 00:41
6617195393,디올뉴코나,그려잉 예측이 안됨... 나온다 하더라도 결함 없이 나와야하는데...,2024.01.16 00:42
6617195393,보이루다요,딴건 다 필요없는데 리어와이퍼가 ㄹㅇ...,2024.01.16 00:42
6617195393,디올뉴코나,보이루다요 뭔 생각으로 안넣었는지 궁금함 ㅋㅋ 세단형 구조가 아닌데,2024.01.16 00:42
6617195393,자동세차,저대로 다 나온다해도 가격 1천만원 상승일듯,2024.01.16 01:25
6617195393,그돈씨일렉트릭,자동세차 천만원은 아니고 한 삼사백 오르겠지,2024.01.16 06:07
6617195393,갈매,올해 보조금 얼마나 나올지 ㅜ,2024.01.16 06:20
6617195393,발렌시아,택시모델이라 별로이긴함,2024.01.16 07:19
6617195393,IONIQ_5,보조금깎이는거+페스타할인없음+가격오르는거 생각하면 사실상 천만원정도 인상될거같은데 그냥 23년식 사기 잘한듯...뒷유리 드러워지면 노터치 한번 더 돌리면 되지 아 ㅋㅋㅋㅋ,2024.01.16 09:56
6617195393,그돈씨일렉트릭,IONIQ_5 보조금 깍이는게 뼈아프지,2024.01.16 11:24
6251505652,어른오닉5,헐,2023.10.05 08:57
6251505652,엘지,어른오닉5 멈춰있어서 다행이지 아찔하네요..,2023.10.05 08:59
6251505652,빈살만은순살만,시동꺼짐 ㄹㅇ 아찔함셀토스 처음 나왔을 때 그린카 빌려서 김포공항 가는데중간에 시동 꺼져서 진짜 식은땀 뻘뻘나고 비행기 놓치고 시발..ㅋㅋ,2023.10.05 09:00
6251505652,엘지,빈살만은순살만 점검 받아야겠죠..?,2023.10.05 09:12
6251505652,빈살만은순살만,엘지 꼭 가세요,2023.10.05 09:23
6251505652,TIVOLI,무서워잉,2023.10.05 09:11
6251505652,엘지,TIVOLI ㄹㅇ..,2023.10.05 09:12
6251505652,스타듀베리,몇년식임?,2023.10.05 14:19
6251505652,엘지,스타듀베리 21년 10월,2023.10.05 14:54
6199085085,Rtinger,똑같지싶음 5n에서 고쳤으면 모든차량 리콜이나 무상수리했겠지,2023.09.19 20:55
6199085085,아이육닉,같을듯,2023.09.19 21:05
6199085085,카카오닢스,iccu 업데이트 하고 조용해짐요 해결됐을지도?,2023.09.19 21:11
6199085085,al3c9d32,개발진 인터뷰에서 얘는 다른ICCU써서 걱정말라고 했슴그렇다는건 기존 EGMP차량들은 전부 다...;;;;,2023.09.19 21:11
6199085085,그돈씨일렉트릭,"코나, 니로 iccu 이슈 없음",2023.09.19 21:40
6059266938,예스잉글랜드,무상!,2023.08.10 18:50
6059266938,던조센세,리콜해줘차가 서야 수리해준다는거자너,2023.08.10 18:51
6059266938,fab4,후....,2023.08.10 18:53
6059266938,아육이,이거어디서보는건가요??,2023.08.10 19:15
6059266938,al3c9d32,아육이 www.car.go.kr,2023.08.10 19:17
6059266938,보이루다요,왜 안 OTA?,2023.08.10 20:01
6059266938,al3c9d32,"보이루다요 5,6는 ev9과 다르게와이드 5세대내비 전장시스템이라 그럴듯아이오닉6는 그래도  ecu 같은건 된다고 들었는데 다른 파츠는 안되는거같음..",2023.08.10 21:51
5997728968,G05X5,내부적으로 많은 테스트를 거쳤겠지만예전 노트7 발화사태처럼무상수리 후 재발하는건이 나올 수도 있죠.저런거 원인 찾기가 어렵습니다,2023.07.24 11:55
5997728968,자동세차,ㅇㅇ..v2l용 변압에 문제가 있어서 강압이 잘 안됐다고 했음,2023.07.24 11:56
5997728968,봄이예요,"내 생각엔 이거 오히려 심해질 수 있음.모 유튜버는 '이정도 수치면 리콜급 에러 라기 보단, 불량 일 가능성이 높죠' 라고 하는데, 나도 그렇게 생각하는 편 인걸..",2023.07.24 12:00
5997728968,스머프신발,거의 모든 차량이 대상이네....,2023.07.24 12:02
5997728968,몰리몰리몰리몰뤼,리콜이 아니라 무상수리라니 미쳣네,2023.07.24 14:41
5985722078,에관기,어....? 문자가안오넹,2023.07.20 17:51
5969481760,ewqasdzx,저건 그냥 쌩자 내린게 아니라 배터리 53kwh짜리라서,2023.07.15 17:03
5969481760,안동토박이,ewqasdzx 그래도 일부러 보조금 선에 맞춘거같은데 ㅋㅋ,2023.07.15 17:12
5969481760,비터초코,ev6 스탠다드랑 비교해야하기는함,2023.07.15 17:06
5969481760,안동토박이,비터초코 친구 ev6 타봤는데 좋긴하던데 ㅋㅋ,2023.07.15 17:13
5969481760,정면,현기 미국에서 보조금 못받는대신 할인 엄청 때려줘야돼서 국내 소비자들 주머니 털어야함지금 졸라 안팔려서 어쩔 수 없이 할인 들어가는 아이오닉6빼면 아이오닉5 ev6는 할인 안해줄 것 같음,2023.07.15 22:24
5969481760,안동토박이,정면 ㅋㅋㅋㅋ 씨이벌.....,2023.07.15 22:36
6827185354,나미에5,제차 모닝 타면. 무슨 생각하실지 궁금하네요.,2024.03.17 15:01
6827185354,마카로,나미에5 모닝은 경차인거 감안하긴 할테니...ㅋㅋㅋ코나는 근데 코나일렉이랑 오닉5랑 가격대가 겹치잖아,2024.03.17 15:04
6827185354,디올뉴코나,코나 스포츠 모드로만 고속도로 주로 타고 고급유 넣어서 ECU 학습 시켜주면터보렉 미션꿀렁임 다 잡음 제 차 한번 타시믄 답답한거 해소될거임전 연비 포기하고 잘 나가는거에만 신경썼음 ㅋㅋ,2024.03.17 15:06
6827185354,마카로,디올뉴코나 쏘카 하루 빌린거라 학습까지 고려하긴 좀 힘들었음 ㅋㅋㅋㅋ그래도 이 크기에 이 연비는 괜찮더라,2024.03.17 15:12
6827185354,방투부,이것또한 취향 영역이긴 하죠차가 엔진소리 안나는게 이상하다는 사람들도 많구요,2024.03.17 15:06
6827185354,퇴장,4륜전기타다가 k5 k8타도 ㅈㄴ안나감 이게 원래이런가 생각 들던데,2024.03.17 15:06
6827185354,디올뉴코나,퇴장 내연기관 T-GDI는 고급유 넣고 학습좀 시켜주면 노말에도 ㅈㄴ 잘나감대신 연비를 포기해야함,2024.03.17 15:07
6827185354,퇴장,디올뉴코나 k8은 그래도 뭐 괜찮았는데 k5는 가스차라그런가 좀 심하더라ㅋㅋ,2024.03.17 15:09
6827185354,디올뉴코나,퇴장 가스는 터보가 없어서 그럴걸요,2024.03.17 15:09
6827185354,Younha,쩜육텁이 아무리 잘 만들었어도 모터는 못 따라감 ㅋㅋㅋ,2024.03.17 15:07
6827185354,디올뉴코나,Younha 전기단,2024.03.17 15:38
6827185354,Orz#1234,전기차를 탈 환경이 못되지만제주도가서 타본 아이오닉은 참 신기하긴했어요.,2024.03.17 15:39
6827185354,갈매기와곰,0-60은 내연기관차가 전기차 못비빔,2024.03.17 16:14
6827185354,존귀한님,그랑죠 ㅊㅊ,2024.03.17 19:57
6827185354,상당히빠른놈,아니 근데 크기로는 아이오닉5가 준중형이고 그 중에서도 큰편. 게다가 전기차라서 내부 공간도 더 잘뽑음.코나는 크기가 큰 소형이라 어쩔슈 없죠내연기관 소형중에서는 그래도 큰편입니다,2024.03.20 16:06
6818933036,토코야미토와,이게 소프트웨어로 고칠수가 있나….,2024.03.14 23:48
6818933036,알았,토코야미토와 내가 소프트웨어 무상수리 받고 2주만에 터짐,2024.03.14 23:54
6818933036,빡쓰,토코야미토와 소프트웨어가 할 수 있는건 충전 관련 시간이나 기타 다른 수치들만 바꿀 수 있어서,2024.03.15 12:33
6818933036,갈비닭,위추..대차는 뭘로 주나요,2024.03.14 23:48
6818933036,maero,갈비닭 전기치없어서 그랑죠받음 !,2024.03.14 23:49
6818933036,6기통,오우 근데 1년반만에 5만키로타신거?,2024.03.14 23:49
6818933036,디올뉴코나,위추,2024.03.14 23:49
6818933036,퇴장,ㅠ현기망해라 ㅠ,2024.03.14 23:56
6818933036,뭐임뫄,지금 23년식 재고차 사도 똑같나요?,2024.03.14 23:57
6818933036,에티오피아게샤,뭐임뫄 판매/미판매차량 전부 출하 중지대상으로 전산등록/관리iccu 소프트웨어 업데이트하고 출하된다네요 업뎃으로 잡힐진 미지수,2024.03.15 00:19
6818933036,뭐임뫄,에티오피아게샤 따잇,2024.03.15 10:54
6818933036,춤추는어피치,지금까지 흐르는 꼬라지보면 얘네 국토부 빔 맞고 전량 리콜 (하드웨어) 할 각임.,2024.03.15 00:22
6818933036,4기통,춤추는어피치 그랬으몀 좋겎다 ㅎㅂ,2024.03.15 02:57
6818933036,안전운전제타,아이고..,2024.03.15 00:38
6818933036,짱슬라,위추..,2024.03.15 01:01
6818933036,민희미니미,신형도 이거 못고친거잖아 ㅋㅋㅋ ㅈ망,2024.03.15 01:18
6818933036,뉴슈퍼에어로시티,위추 ㅠㅠ,2024.03.15 07:40
6818933036,금일봉2,이런거보면 이번 iccu 소프트웨어 리콜도 다해결할 수 있을지가 의문만약 이번 소프트웨어 리콜로 해결안되면 천문학적인 비용발생할듯,2024.03.15 10:19
6816705048,호넷,근데 조치내용이 단순 업데이트던데 잡을수있을지 궁금하네,2024.03.14 11:17
6816705048,서정원달린다,호넷 잡을 수 잇겟죠. 아니 꼭 잡아야하죠 ㅋㅋEv6gt때도 iccu업그레이드를 통해서 아5n 퍼포먼스 낼 수 있다고 자신만만 햇자나여,2024.03.14 11:18
6816705048,자동세차,이제야 다 잡았나,2024.03.14 11:30
6816362595,BlBl,정보추,2024.03.14 08:15
6816362595,kFoMr,보정추,2024.03.14 08:16
6816362595,김차인검사,저게 소프트웨어 오류였나;;;,2024.03.14 08:21
6816362595,바둑눈이,iccu 터지는걸 sw로 막을수있나..,2024.03.14 08:24
6816362595,ALEX,싸게 막으려고 안간힘을 쓰네..,2024.03.14 08:35
6816362595,al3c9d32,삼각떼 바이펑션 고장 많았는데 무상수리 굿,2024.03.14 08:47
6816362595,파월의동전던지기,삼각떼도 저거 해주네 ㅋㅋㅋ,2024.03.14 09:12
6816362595,이아오닉5,하이테크나 1급 블핸이냐... 어디로 예약하지,2024.03.14 09:27
6816362595,자동세차,애초에 소프트웨어 문제인데 소프트웨어로 해결가능하냐는 뭐냐,2024.03.14 11:58
6807462826,KIA-EV4,"ㅋㅋ미리 고쳐줘서 좋다고 해야할지, 출고 늦어져서 안좋다고 해야할지 ㅋㅋ",2024.03.11 14:24
6807462826,지잡젖문대생,갖고와서 아픈손 가는거보다 낫긴함ㅋㅋㅋ,2024.03.11 14:27
6804429713,당근아5죠,금시초문이네요소프트웨어 업데이트하고 출고한다는걸 리콜로 오해한게 아닐지,2024.03.10 18:07
6802295064,#송하영,전 걍 무지성 타고 터지면 어쩔 수 없고...차만 안터지면 되지 않을까 싶습니다잉,2024.03.09 23:33
6802295064,fab4,3.4만 탔는데 현재까진 ㄱㅊ오히려 주행엔 문제없는 자잘한 문제들땜에 센터 자주가서 빡침,2024.03.09 23:39
6802295064,몇일아니구며칠,fab4 헐..? 어떤 자잘한 문제가 있을까요..?!?,2024.03.09 23:40
6802295064,fab4,몇일아니구며칠 Tpms 오류잡소리IFS 오류누수(내껀 거의 문제 없는데 일단 조치는 받아놓음)시트 불량등,2024.03.10 00:54
6802295064,몇일아니구며칠,fab4 거의 차량 전체문제네요.....ㅠㅠ일단 그래도 장점이 더 많아서.. 타고 계신거죠..!?3.4 타시는동안 혹시 소모품 교환은 많이 하신거 없으시죠!?,2024.03.10 01:55
6802295064,fab4,몇일아니구며칠 소모품 교환은 없습니다,2024.03.10 02:29
6802295064,보이루다요,아5처럼 많이 바뀌는게 확실해서 최소 페리되면 사는거 추천,2024.03.09 23:54
6802295064,손이시려워꽁,개선품 26년에 나올거라는 카더라통신,2024.03.09 23:55
6802295064,어깨넓은아조띠,아이오닉6 타뉸중,2024.03.10 00:46
6802295064,어깨넓은아조띠,어깨넓은아조띠 날씨 좀 추워지면 전방센서 습기차서 작동안되는거 개화남 진심,2024.03.10 00:46
6802295064,몇일아니구며칠,어깨넓은아조띠 비나 눈이 와서 그런게 아니라 춥기만 해도.. 전방센서가 안되나여..?그럼 크루즈 컨트롤도 안되겠네요...?,2024.03.10 01:56
6802295064,어깨넓은아조띠,몇일아니구며칠 네 야외주차 하면 아침에 출근할때 센서에러뜸히터틀고 10~15분 운전해야 센서쪽 습기 날아가서 정상작동 되어요오히려 눈이나 비 오는날에는 습기가 센서에 습기가 안차서 작동 잘 됨ㅇㅇ,2024.03.10 02:35
6802295064,fab4,어깨넓은아조띠 내껀 안그러는데 그것도 뽑기인듯,2024.03.10 09:01
6802295064,어깨넓은아조띠,fab4 하 뽑기실패인가봐요ㅋㅋㅡㅡ,2024.03.10 09:46
6802295064,fab4,어깨넓은아조띠 Tpms Ifs 뽑기실패 ㅠIfs는 건들라면 차 안에 다 뜯어야 한다네요담주 예약해놓음,2024.03.10 10:36
6802295064,랄티르탈솔,fab4 나도 야외주차 습기 차서 겨울에 히터좀 틀어야하는거 존나빡치더라Tpms ← 없음잡소리 ← 없음IFS 오류 ← 없음누수 ← 센터가볼예정 새는지는 모름시트 불량 ← 모르겠음굿.오닉6 한대 더뽑을까도 고민했었음,2024.03.10 14:50
6786189984,이러면멋있어,우리 석박사들이 그럴리가 없쪄!!ㅜㅜ,2024.03.04 21:02
6786189984,민희미니미,iccu > 아몰라 시전,2024.03.04 21:06
6786189984,지잡젖문대생,주행거리 iccu뺴고 다맞춘ㄷ ㄷ,2024.03.04 21:09
6785507767,지잡젖문대생,페리전 차주들 불편한점 다 뽑아다 다 개선한듯ㅋㅋㅋㅋ,2024.03.04 16:50
6785507767,디올뉴코나,지잡젖문대생 페리전 오너들 싹다 마루타,2024.03.04 16:51
6785507767,지잡젖문대생,디올뉴코나 아아 그말싫..,2024.03.04 16:51
6785507767,디올뉴코나,지잡젖문대생 안타까워서 하는말임..게다가 가격도 같아서 2차 고로시...,2024.03.04 16:52
6785507767,지잡젖문대생,디올뉴코나 사실 가격은 보조금 줄어들고 없어질거 예상해서동결한거 같긴함 또올리면 내연차랑 차이 또벌어져서 전기차 보급률증가는빠빠이..,2024.03.04 16:53
6785507767,그돈씨일렉트릭,"몇몇 포인트는 좋아질 줄 알았는데, 좋아 질 수 있는 모든 걸 다 넣어줄지 몰랐고 ㅋㅋ가격 동결할줄은 예상못했음 ㄷㄷ그만큼 iccu가 큰 구멍이라고 보는듯",2024.03.04 16:53
6785507767,지잡젖문대생,그돈씨일렉트릭 나만 동결할줄 알았는가 ㄷ 보조금 없어져도 내연차랑 경쟁할려면 지금부터는 동결 타이밍으로 봤는데..,2024.03.04 16:54
6785507767,Sitaglip,생각도안하고있었는데 사고싶어짐,2024.03.04 16:56
6785507767,무시닝,배터리값 내려간거 생각하면 비싼거아님? 배터리값 내려간거 페리하면서 퉁쳐버리고 가격 안내린듯..,2024.03.04 17:15
6785507767,그랜저HG,무시닝 더 내려야 하는거 아닌가 싶은데... 리튬이나 니켈 선물보면 전고점보다 많이 내렸는데;;,2024.03.04 18:24
6785507767,지잡젖문대생,무시닝 나도 이생각임 21년도 배터리 가격이랑 지금 가격이랑 차이가;;,2024.03.04 19:38
6784438365,그돈씨일렉트릭,iccu 떠도 차 바로 서는거아님 하지만 개선 안됏으면 아쉬울듯,2024.03.04 09:30
6784438365,가슴속의폭풍,그돈씨일렉트릭 저거 고속도로 한창 달리고 있는데 뜬다 생각하면 ㄹㅇ 개소름,2024.03.04 09:30
6784438365,빨팅어,불안하면 걸러야지,2024.03.04 09:30
6784438365,낙타의분노,걍 ccu 구동장치 뜨면 걍 서버리는 bmw맛 보쉴?,2024.03.04 09:31
6784438365,세델,낙타의분노 안녕히 가십시오...,2024.03.04 09:34
6784438365,순순돌이,베타테스트,2024.03.04 09:46
7286112739,아디오링,자녀생기고 기변을 해도 되는거면 모3가셔도 될거같은?,2024.07.25 10:27
7286112739,나무꾼3호,아디오링 아오5타다가 ev3사기 vs 모델3타다가 모델y사기 이런느낌이에여,2024.07.25 10:33
7286112739,ZZIT,자취중이고 완속 못맥인다는걸 봐선 집밥 없다는건데 냉정하게 굳이 전기차여야만 할 이유가..,2024.07.25 10:36
7286112739,나무꾼3호,"ZZIT 집밥 없어도 유지비 측면에서 차이가 많이 나서요 ㅜ연 2만키로에 유류비, 엔진오일 2회 교체하면급속 할인카드맥이는거에 한참 못 비비더라구여",2024.07.25 10:54
7286112739,ZZIT,나무꾼3호 집밥 있고 회삿밥 없으면 잘때 집에서 충전하는걸로 어지간하면 해결되지만 집밥 없는데 휴일에 어디 나가야한다? 충전때문에 회사 갈수는 없는법,2024.07.25 10:58
7286112739,나무꾼3호,"ZZIT 회사는 주5일 출근,, 휴일전 출근때 충전을 할거같슴다 ….!",2024.07.25 11:01
7265019931,이또롱,기변보다 시공이 더 싸게 먹히긴 함ㅋㅋ,2024.07.19 10:11
7265019931,박말자,패밀리카로 쓰시는거면 아5기변ㄱㄱ재고오닉 잘주우면 신차도 될듯1.2명 타는거면 통풍시공 하시는게 낫고,2024.07.19 10:21
7265019931,BVB로이스,박말자 둘이 타고 다니니 그냥 통풍 해야겠씀 ㅠㅠ,2024.07.19 10:45
7265019931,황그팅랜어져,난 오히려 모3 가려는데 유색이 많이 업네..ㅜ,2024.07.19 10:33
7265019931,민트빠네덮밥,푸조 e208 ㄱㄱ,2024.07.19 11:14
7206318158,봄이예요,원래 고장이라는게 종종 센싱으로 적발 안되는게 있을 수 있으니 킹쩔수 없음 ...사람도 예방검사나 증상으로 모든 질환이 발견되먼 얼마나 좋겠어..그냥 운 없었네 퉤 하고 넘겨버리는 수 밖에...그래도 그 전글 링크 보니까 친구가 감 좋아서 문제점 미리 잘 찾았네,2024.07.02 20:23
7206318158,아카신,봄이예요 뭐 그렇지..bmw랑 반응이 달랐던것도 파손양상이 달라서 그랬을 수 도 있고.또 지금은 알고리즘이 바꼈을 수 도 있고..암튼 저때는 정말 현기불신(?)에 확 잠겼었음..,2024.07.02 20:25
7206318158,봄이예요,아카신 원래 내가 당하면 한없이 불안감/불신감이 쌓이는거 아니겠나,2024.07.02 20:26
7206318158,아카신,봄이예요 댓글 쓰다가 생각해보니센터에서 레이더가 '휘었다??' 라고 표현했던거같음..레이더 전자적 부분은 파손이 안되고 장착부가 파손되서 레이더가 엉뚱한 방향 (예를 들어 하늘) 을 바라본다면 센서 신호는 들어오니 작동하는걸로 차가 인식하고엉뚱한곳을 쳐보고 있으니 앞차인식은 못한거 아닌가 하는 생각도 드네,2024.07.02 20:31
7206318158,봄이예요,아카신 에러가 운행못할수준이 아니라 눈치를 못챈...근데 알고리듬 개선하면 다른 센서들과 비교 통해서 충분히 인식가능!!뭐 무거워야 지긴 하겠지만..,2024.07.02 20:32
7206318158,빨팅어,전면카메라에 성에만 껴도 카메라안보이니까 나 파업해요~ 이지랄하던데 ㅋㅋ,2024.07.02 20:27
7206318158,아카신,빨팅어 그래도 그렇게 파업을 확실히 알려주는게 좋지 ㅋ,2024.07.02 20:28
7199579146,TOYOTA,감가를 보조금 받은 실제구매금액에서 먹으면 참 좋을텐데 보조금 전 가격에서 감가를 먹는단말이지...,2024.06.30 21:51
7199579146,아무고토모름,"세제혜택가도 중고판매 시 빠져서 계산되는걸로 들은거 같은데, 실제론 모르겠다..",2024.06.30 21:55
7199579146,여행매냐,허허허 제 오닉5 내년되면 20만 거의 찍을거 같은데... 내년에 팔 수 있을까요??? .......  사실 렌트라 내년에 미리 반납할 생각중이네요 ㅋ,2024.06.30 21:58
7199579146,니노막시무스잉저,"쌍용은 10년에 1,000,000km 보증",2024.06.30 22:03
7199579146,해뜨는날,니노막시무스잉저 쌍용이 전기차 의구심 털려고 잘한 정책이라 생각함.,2024.06.30 22:09
7199579146,퐈이야,해뜨는날 와 리얼 백만인가요? ㄷㄷ,2024.07.01 08:22
7199579146,해뜨는날,퐈이야 배터리만요 모터랑 충전관련 부품은 10년 16만입니다,2024.07.01 08:56
7183515305,이러면멋있어,차잘알 칭호획득,2024.06.26 15:41
7183515305,안동시,이러면멋있어 주위사람들 : 차가 왜이렇게 생겼어? 이게 해치백인가? 1시리즈야?,2024.06.26 15:41
7183515305,이러면멋있어,안동시 단점: 내가 차잘알이라는 사실을 주변인들은 이해하지 못함 ㅜㅜ,2024.06.26 15:43
7183515305,실키식스,투어링 공간 만족하시나여?,2024.06.26 15:49
7183515305,안동시,실키식스 전에 차는 yf고 가족구성원은 딸한명 개한마리인데. 딱좋아요. 근데 키가 180중반넘고 몸무게도 많이나가면 불편할듯. 그리고 허리안좋은 사람도,2024.06.26 15:51
7183515305,실키식스,안동시 승차감이 좀 딱딱한가요? 미니타서 단련되있긴한데ㅋㅋ,2024.06.26 15:55
7183515305,안동시,실키식스 제껀 일부러 베이스모델 17인치 했는데. 처제 미니클럽맨 16년식이 훨 딱딱함.,2024.06.26 15:55
7183515305,실키식스,안동시 오호 미니보단 훨씬 낫나보네요 감사합니다ㅋㅋ,2024.06.26 15:59
7183515305,안동시,실키식스 네 msp는 더 딱딱할거임 ㅋㅋㅋ,2024.06.26 16:00
7183515305,안동시,실키식스 트렁크도 넓고 뒷자리도 널널함. 우리가족한텐,2024.06.26 15:52
7183515305,바밀꾼,프로모션 혹시 얼마나 받으셨나요?,2024.06.27 09:33
7183515305,안동시,바밀꾼 1150이요. 2천할부는 0.88,2024.06.27 11:15
7183515305,바밀꾼,안동시 와... 대박이네요 저도 요새 투어링 말고 걍 320i msp 알아보는데 잘 쳐줘도 800선이더라구요 ㅠ,2024.06.27 12:13
7183515305,안동시,바밀꾼 보통 그정도 하더라고요. lci2 나오기전에 또 털수도있으니 기다려보시죠 ㅋㅋ,2024.06.27 13:02
7140994779,수동차라샀다고,충전기 불량,2024.06.14 09:32
7140994779,보정충,수동차라샀다고 하 그랫으면 좋겠다 진짜. 오후에 퇴근하고 다른 충전소 가봐야지,2024.06.14 09:32
7140994779,어른오닉5,아니에용,2024.06.14 09:32
7140994779,보정충,어른오닉5 근데 리콜대상이긴한데 가서 소프트웨어 업글? 그런거 해준다는데 가는게 맞겠죠? 아직 이것말고 큰 이상은 없엇는데,2024.06.14 09:33
7140994779,손이시려워꽁,아무도모름,2024.06.14 09:32
7140994779,봄이예요,99.5% 충전기불량 업체에 연락 ㄱ,2024.06.14 09:32
7140994779,보정충,봄이예요 오께이,2024.06.14 09:33
7140994779,아이육닉,잘되던 충전기 (x)도트뎀 주던 충전기 (ㅇ),2024.06.14 10:04
7126642606,최영도님,근데 진짜 EV6 차주들은 준중형SUV로 묶이니까 좆같을것 같긴 함,2024.06.10 12:17
7126642606,마카로,최영도님 ㅋㅋㅋㅋㅋ근데 실제 사이즈는 투싼 서퍼티지급이긴 함,2024.06.10 12:20
7126642606,퇴장,그랜져보다 비싸지만 아반떼랑비비는차 아ㅋㅋ,2024.06.10 12:18
7126642606,마카로,퇴장 혹시 자네도...?,2024.06.10 12:21
7126642606,이브짹스,차량가액 5000넘으면 고급차로 분류될걸,2024.06.10 12:22
7126642606,마카로,이브짹스 썩차를 5천 넘게 주고 사서 자진해서 베타테스터가 되어주는 호구가 있다...?,2024.06.10 12:22
7126642606,이브짹스,마카로 나요!,2024.06.10 12:23
7114267816,내사랑두돈반,코나 iccu 터짐?,2024.06.06 21:44
7114267816,코나EV,내사랑두돈반 닉만 코나지 지금 아5 탐여 ㅋㅋ,2024.06.06 21:45
7114267816,내사랑두돈반,코나EV 아 5 몇년식이심? ev6 21년 12월 출고인데 iccu 멀쩡해서 오히려 불안함... 고속도로에서 터지면 우짜지,2024.06.06 21:46
7114267816,코나EV,내사랑두돈반 22년 9월 출고요 ㅋㅋㅋ 배터리 77.4로 바뀌자마자 샀고 5.2만탔어요,2024.06.06 21:47
7114267816,내사랑두돈반,코나EV 지금 7만 넘어가는데 ... 뽑기운이 좋은건가...,2024.06.06 21:49
7114267816,코나EV,"내사랑두돈반 저도 남들걸리는거보고 난 아니겠지했는데 걸렸거든요언젠간 온다고 보시면됩니다,,",2024.06.06 21:51
7114267816,퇴장,그거 부품만있으면 3시간이면 교체하던디 ㅋㅋ부품오는데 이틀걸린듯?,2024.06.06 21:44
7114267816,코나EV,퇴장 사실은 오전에 부품도착해서 오후에 끝났는데 제가 출장땜에 ㅋㅋㅋ 담날 점심전에 렌트반납하고 차 받아옴여,2024.06.06 21:46
7114267816,김도영쵸비아스날,보증연장 해지 해지하지말고 파는건 어떰? 보증연장차량은 시세보다 얼마나 더받는지 알아보고해지했을때 돌려받는 비용>중고차값 더받는비용일때 해지하는게 좋지않음?,2024.06.06 21:55
7114267816,코나EV,김도영쵸비아스날 아5 재고가 넘 많아서 그거 사는게 중고보다 더 메리트있는지라.. 내차는 키로수도 많아서 ㅜㅜ,2024.06.06 21:58
7071455285,이브짹스,전시상 ㄷ,2024.05.25 23:05
7071455285,페리오닉,이브짹스 내 무습다 모3 하이랜드나 싼타페 하이브리드나 살껄 그랫다,2024.05.25 23:06
7071455285,이브짹스,페리오닉 10년동안 아무일 없을겁니다,2024.05.25 23:08
7071455285,페리오닉,이브짹스 제발요,2024.05.25 23:09
7071455285,수동차라샀다고,구 아5 3년 동안 배터리 교체 말고는 별거 없었음 걱정ㄴㄴ,2024.05.25 23:17
6973766948,핫갈릭반반,쌍커플하고 엉덩이 보형물 넣고,2024.04.28 21:16
6973766948,ewqasdzx,충전 컨트롤 유닛의 결함을 0%로 만들면 그건 전세계 제조사 차종 무관 없이 1탑을 달릴 걸요굳이 비교하자면... 절대 엔진오일 누유가 발생하지 않는 터보차저를 사용하는 파워트레인....과 맞먹는 얘기라서,2024.04.28 21:16
6973766948,프레젠트퓨처,ewqasdzx 그러고보니 그렇네요..그래도 지금처럼 불안정하게는 말고 ㅠㅠ (근데 충전 업체들 문제도 크다고 하더라구요),2024.04.28 21:28
6973766948,ewqasdzx,프레젠트퓨처 어디선가 먼 미래에서 딸깍 수준으로 1cm 크기의 딸깍 칩셋을 가져와서 만들었다면...............후.... 닥터 스트레인지가 필요한 시점임,2024.04.28 21:29
6973766948,qwertyu,와 눈이랑 밑에 조금 만졌는데 환골탈태네..,2024.04.28 21:16
6973766948,발렌시아,스포티지 투싼봐도 ccnc가 중요한건 아님오로지 디자인이 0 순위,2024.04.28 21:17
6973766948,지잡대생,발렌시아 근데 나도 차볼때 그냥 디자인만 먼저 보고사는데 걍 현기차가 뭐 다 똑같지 이러고,2024.04.28 21:24
6973766948,드포스바,엉덩이 좀 빵실하게하고 쌍수만 하면 뜬다.,2024.04.28 21:21
6973766948,지잡대생,씨발 개쌛스,2024.04.28 21:22
6973766948,선행善行,ccnc 이거 구형에는 왜 안넣어줌요????????????????????????????????????????소프트웨어 업글이라 그냥 해줄만한데...?,2024.04.29 09:50
6968792017,빨팅어,페리오닉5 진짜 완전체라고 생각함ㅋㅋ,2024.04.27 12:57
6968792017,30년째모태솔로,빨팅어 ㄹㅇ 페리오닉 사고픔,2024.04.27 12:58
6968792017,발렌시아,택시 이미지가 좀 치명적,2024.04.27 12:57
6968792017,30년째모태솔로,발렌시아 아 이건 ㅇㅈ ㅋㅋㅋㅋ 아이오닉보고 이쁜데하다가 거창사과 광고판 붙은 택시보니까 팍 식음ㅋㅋ,2024.04.27 12:58
6968792017,발렌시아,30년째모태솔로 같은값을 주더라도 테슬라는 뭔가 즌기 프리미엄 느낌있긴한데 아이오닉은 그냥 개텍 이미지가..,2024.04.27 12:59
6968792017,더크리,발렌시아 [삭제된 댓글입니다.],2024.04.27 13:01
6968792017,발렌시아,더크리 택시모델 안좋게 보는사람은 많음,2024.04.27 13:02
6968792017,톰캣,더크리 테슬라 전기 프리미엄 발언에 부랄 탁쳐지네ㅋㅋㅋ,2024.04.27 13:03
6968792017,발렌시아,톰캣 3자 입장에서 생각임 나름 1억대라인업 있고메이드인 usa는 가격이 좀 있는데뭐그람 젓밥 엔트리입니까?,2024.04.27 13:06
6968792017,30년째모태솔로,"톰캣 물론 난 테슬라 타본입장에서 테슬라vs아이오닉 하면 아이오닉 타겠지만, 회사사람들이 테슬라탄다고하면 비싼차탄다고 봄 ㅋㅋ",2024.04.27 13:13
6968792017,승격기원,페리오닉5 좋아보이던데,2024.04.27 12:57
6968792017,30년째모태솔로,승격기원 페리오닉이 진짜 단점없는거같아요,2024.04.27 12:58
6968792017,승격기원,30년째모태솔로 ㅇㅇ 진짜 괜찮아보임,2024.04.27 12:59
6968792017,안전운전제타,gv60 갑시다,2024.04.27 13:00
6968792017,Trofeo,딱히 단점 있을까 싶음,2024.04.27 13:00
6968792017,아이육닉,"페리오닉5는 딱히 단점 모르겠고6은 ccnc 아닌거, 18인치 휠 못생김, 2열 헤드룸 아슬아슬한거 배터리 페리오닉5보다 이전세대 물건인게 단점",2024.04.27 13:05
6968792017,수동차라샀다고,구오닉 트렁크 작음,2024.04.27 13:08
6964988075,정의선회장,아씨 여친 못보고 추천눌러버렸네ㅡㅡ,2024.04.26 12:36
6964988075,이아오닉5,정의선회장 개추,2024.04.26 12:37
6964988075,정의선회장,이아오닉5 이거라도 비추눌러야지,2024.04.26 12:37
6964988075,이아오닉5,정의선회장 아잉 ♡♡,2024.04.26 12:38
6964988075,정의선회장,이아오닉5 ㅗ,2024.04.26 12:39
6964988075,취득세로애국하자,정의선회장 내가 대신 눌러드림,2024.04.26 12:39
6964988075,정의선회장,취득세로애국하자 굿,2024.04.26 12:39
6964988075,이아오닉5,취득세로애국하자 힝구,2024.04.26 12:40
6964988075,Ecopro,이아오닉5 나도 비추하기 싫엇는데 회장님 도와드린다고 댓글 비추함. 양해바람,2024.04.26 12:50
6964988075,현기차,여친이있어? 나도있으니까 추,2024.04.26 12:39
6964988075,이아오닉5,현기차 뭘 좀 아시네 개추,2024.04.26 12:39
6964988075,아는형님페이커,경매를 일반인들도 가능??,2024.04.26 12:39
6964988075,이아오닉5,아는형님페이커 경매대행 이용했슴다,2024.04.26 12:40
6964988075,시스템컴퓨터,디자인 실용성 기술력 하지만 언터폭  iccu,2024.04.26 12:41
6964988075,이아오닉5,시스템컴퓨터 ㅇㅈㅇㅈ 언터폭 맞는듯.. 그래도 뭐 대차 잘 나오고 교환도 해주니까 긍정적으로 생각하려고 하는 중,2024.04.26 12:42
6964988075,어른오닉5,컵홀더에 뭐 넣어놓으면 소음2열 뒤 차량 뒤쪽에서 소음계기판 왼쪽 자석부분 뒤쪽에서 소음이거 말고 있음 ?,2024.04.26 12:44
6964988075,이아오닉5,"어른오닉5 트렁크, 창문 떨림 소음, 핸들 소음도 있음..... 그게 바로 내 차",2024.04.26 12:46
6964988075,어른오닉5,이아오닉5 창문떨림은 또 뭐임 ㅋㅋㅋㅋ트렁크 소음은 차량관리에 내 글 보셈.,2024.04.26 12:47
6964988075,이아오닉5,어른오닉5 아 트렁크는 뭐 교환받아서 이젠 안남... 아 그리고 고주파음도 있네 ㅜㅜ,2024.04.26 12:49
6964988075,아이육닉,나도 여친없는데 비추,2024.04.26 12:52
6964988075,al3c9d32,트렁크 같은데 테사테이프 붙이면 덜하다고 함 ㄷㄷ,2024.04.26 13:03
6952101953,여행매냐,99700km 탔는데 차는 좋아요! 매달 18~30정도 충전비 씁니다.. 아파트에서,2024.04.23 00:18
6952101953,춤추는어피치,여행매냐 ㅎㄷㄷ 닉값...,2024.04.23 00:23
6952101953,여행매냐,춤추는어피치 푸허허 1년에 5만!! 넘김!! 푸허허 디지게 일해서..,2024.04.23 00:26
6952101953,춤추는어피치,여행매냐 앗 여행 다니신거 아니였어여 ㅠㅠ?오닉5 롱텀 유지기 올려주세용ㅎㅎ장단점 / 장거리 주행러 의견까지하면 귀중한 컨텐츠가 될 듯 ㄷㄷㄷ,2024.04.23 00:27
6952101953,여행매냐,춤추는어피치 다 아실텐데... 장단점.. ㅋㅋ,2024.04.23 00:28
6952101953,춤추는어피치,"여행매냐 실차주가 ""해줘""장거리 타시는 분이 쓴 건 지난번 모3 여행러가 올려주신 거 말고 없어서 넘모넘모 궁금합니다 ㅎㅎ",2024.04.23 00:29
6952101953,아이육닉,iccu 터지는게 비율이 그렇게 높았으면 일단 택시가 멀쩡히 굴러다닐리 없다고 생각,2024.04.23 00:19
6952101953,그려잉,아이육닉 다들 깡통으로 샀는데 깡통이라 괜찮은 걸수도,2024.04.23 00:20
6952101953,아이육닉,그려잉 근데 내가 알기론 깡통이라고 딱히 스펙이 다를거는 없는데v2l을 쓴다 안쓴다 차이는 있을지 몰라도,2024.04.23 00:21
6952101953,에르가메네스,16만3천 탄 차인데 아직 안터지긴했습니다,2024.04.23 00:27
6952101953,춤추는어피치,에르가메네스 으아니....ㄷㄷ,2024.04.23 00:27
6952101953,에르가메네스,춤추는어피치 아버지 택부차 갖다 타는거라 10만넘을때 받아서 16만3천 탐 아버지는 아이오닉6 현재 8개월 정도 운행 4만 넘어가시던데,2024.04.23 00:28
6952101953,춤추는어피치,에르가메네스 헉 어서 유튜브 시작하세요 ! ㅋㅋㅋ개인적으로 오닉5 택부차량이 ㄹㅇ 갓성비 맛도리 같던데2천 대에 전기차 ㄷㄷ,2024.04.23 00:30
6952101953,에르가메네스,춤추는어피치 아버지가 개택 영업용으로 영업용 옵션 다넣고 3300정도에 뽑으셨는데 2년타고 아이오닉6으로 넘어가시고 나한테 헐값에 넘김 일단 타이어 세번갈고 에어컨필터 와이퍼 리필고무최근에 14만에 감속기오일 블핸에서 9만대에 갈고오긴함 나머지는 정비받은게 없긴하네여,2024.04.23 00:32
6952101953,춤추는어피치,에르가메네스 헉 3300 ㄷㄷㄷ진짜 영업용은 당시 지원금 많았군요 세상에 세상에넘모넘모 부럽습니다 ㅎㅎ,2024.04.23 00:38
6952101953,에르가메네스,춤추는어피치 보조금이 많이받더라고여 이번에 오닉6도 1500정도 보조금에 10프로 부가세 빼주니오닉6 디지털사이드미러랑 올 풀옵인데 4300대에 뽑으심,2024.04.23 00:39
6952101953,춤추는어피치,에르가메네스 ㅎㄷㄷ 그나저나 오닉5랑 6중 만족도는 어떤 게 더 높은지 고견을 여쭙고싶네요 아버님께 ㅎㅎ,2024.04.23 00:39
6952101953,에르가메네스,춤추는어피치 아버지말론 공간넓은거빼곤 아이오닉6이 넘사로 좋다함 특히 승차감이.... 4륜으로 뽑으셔서 출력도 뭐 차이크고 오닉5는 2륜 후륜이에요글고 확실히 오닉6 뒷다리는 머리부분 좁긴하더군요 키가 183인데 제가 앉으면 머리 닿아서 불편하더라고요,2024.04.23 00:41
6952101953,춤추는어피치,에르가메네스 호에에...그정도라니 ㄷㄷㄷ,2024.04.23 00:57
6952101953,에르가메네스,춤추는어피치 20만 채우면 주행기나 장단점 정보글 리뷰 한번 글 써보려구요 ㅋㅋㅋ일단 감속기오일 갈러갔을때 soh론 98프로나옴 현재 주행가능거리는 겨울 풀충기준 420키로여름 풀충기준 530키로정도 나옵니다 19인치 2륜(후륜)입니다아마 차갤 오닉5 주행거리1등일듯,2024.04.23 01:02
6952101953,엠제이23,나도 충전속도 100%로 하면 끊김; 물론 우리 집 충전기에서만 ㅅㅂ,2024.04.23 10:34
6939270677,그돈씨일렉트릭,자동차 회사 다 똑같지 ㅋㅋ토요타 : 급발진 ㅅㄱ폭스바겐 : 디젤 ㅅㄱ현기 : 말이 필요함?,2024.04.19 13:06
6939270677,자동세차,당장 생산중단한 모델도 있는판에.. 정말 테슬람들 머릿속은 이해할수가 없어,2024.04.19 13:15
6939270677,지잡대생,걍 현기는 까일수밖에 없는 운명임,2024.04.19 13:19
6902299060,최고의감독최원권,무조건 받으셈..,2024.04.09 11:23
6902299060,엘지,최고의감독최원권 그래도 받는게 나을까요,2024.04.09 11:23
6898769461,KIA-EV4,ㄷㄷ 추가리콜이라니;,2024.04.08 08:13
6898769461,퇴장,또?ㅋㅋㅋ,2024.04.08 08:17
6898769461,당근아5죠,?ㅋㅋ,2024.04.08 08:18
6898769461,자동세차,뭘하는거야 이 병신들은,2024.04.08 08:20
6898769461,민초요거트,?? 아니 씹새끼덜 저번주 목욜날 받고왔는데 뭐 또?? 존나 빡치네,2024.04.08 08:20
6898769461,문스케이프,대상은 또 왤케 적어ㅋㅋㅋ 오탄가,2024.04.08 08:21
6898769461,al3c9d32,문스케이프 세세하게 hw sw버전이 나뉘어서 그럴듯요리비전1.1 1.1.2 1.1.1.1.1자동차부품 조그만 프라스틱 부품도 뒷면 보면 양각으로 버전 새겨놨던거같음,2024.04.08 10:20
6898769461,찢는남자,ㅋㅋㅋㅋ 이럴줄 알고 안갔다 이말이야,2024.04.08 08:25
6898769461,#송하영,그래도 아무것도 안하는 것 보단 낫긴 한데 사람 개귀찮게 만드는데는 진짜 능력 GOAT임,2024.04.08 08:35
6898769461,나비비파,스프트웨어인데 센터를 가야해?,2024.04.08 08:38
6898769461,al3c9d32,나비비파 정의선회장님: 구형차량은 현대중고차에 팔고 ccnc차를 사십쇼!,2024.04.08 10:20
6898769461,ALEX,현기 전기차는 움..,2024.04.08 08:39
6898769461,흐아암,추가리콜은 무야?? 저번에 했는데 결함또생겨서 다시 한다는겅가???,2024.04.08 08:41
6898769461,어른오닉5,이럴ㅈ ㅜㄹ 알고 안했어 ~~~~~~~~,2024.04.08 08:55
6898769461,이아오닉5,연락온 거 없음 대상 아닌건가? 생산일자는 포함인데,2024.04.08 09:36
6898769461,킹몰입깨짐,이미 3년 지속중인데 이제와서 iccu 문제삼는 호구새끼들 업제?현기는 원래 저런거 감안하고 타는거야 전세계 최고의 전기차 회사잖어 한잔해어제 뉴스보니까 감전 옵션도 추가됐더라 그래도 회생제동량이 어쩌고 온도제어가 저쩌고,2024.04.08 10:38
6898769461,al3c9d32,킹몰입깨짐 ㄷㄷㄷㄷㄷㄷ,2024.04.08 11:02
6879853583,자동세차,전손블루 랩핑이 답인가,2024.04.02 22:30
6879853583,빨팅어,ㄹㅇ택시이미지 넘흔행,2024.04.02 22:30
6879853583,춤추는어피치,지금까지 겪은 전기차 중 가장 만족도 높았던 친구가 누군가요 ?,2024.04.02 22:31
6879853583,조ㅈ자룡,춤추는어피치 개인취향에 따라 갈릴거 같긴한데요가성비까지 고려하면 볼트ev고요걍 차 자체만 놓고보면 아무래도 나중에 나온 ev9볼트ev 운전 진짜 재밌음 휠베이스가 짧다보니 차와 내가 혼연일체가 된 느낌급속충전만 좀 빨랐어도 아직도 꽤 팔릴 모델이라고 생각,2024.04.02 22:33
6879853583,조ㅈ자룡,"조ㅈ자룡 근데 혼자만 타고 다닌다, 차박같은거 안한다, 트렁크 잘 안쓴다 이러면 오닉6 페리 다시 살거같네요 오닉6이 연비, 승차감이 넘 좋아서 일하러 갈때는 오닉6 끌고 나가유",2024.04.02 22:34
6879853583,춤추는어피치,조ㅈ자룡 오닉6 골프백 2개는 무난하죠...?,2024.04.02 22:35
6879853583,조ㅈ자룡,춤추는어피치 골프백2개는 들어갈거같긴한데 오닉6 트렁크의 문제점은트렁크가 작다가 아닌 불편하다임.. 넣기 좀 짜증남 ㅋㅋ,2024.04.02 22:36
6879853583,춤추는어피치,조ㅈ자룡 호에엥하 근데 오닉6 센터콘솔은 진짜 아무리봐도 적응이..ㅋㅋㅋㅋ,2024.04.02 22:36
6879853583,조ㅈ자룡,춤추는어피치 플라스틱 재질 신경 좀 써주지 ㅋㅋㅋ,2024.04.02 22:38
6879853583,춤추는어피치,조ㅈ자룡 뭔가 실내만 보면 오닉5가 더 고급져 보이는 이상한 느낌...ㅂㄷㅂㄷ그러니깐 EV9 다시 '해줘',2024.04.02 22:39
6879853583,조ㅈ자룡,"춤추는어피치 ev5를 노립시다 ㅋㅋ 썰 들어보니 오닉5, ev6보다 더 잘팔릴거같다고",2024.04.02 22:42
6879853583,춤추는어피치,조ㅈ자룡 시로시로 ! 나도 크고 굵은 차 타고싶어 !,2024.04.02 22:47
6879853583,몰리몰리몰리몰뤼,한국갓는데 뭔 택시가 죄다 아이오닉ㅋㅋ,2024.04.02 22:52
6879853583,허벅진유,"NE , NE N 의 단점은 디자인..너모 장난감같이 생겨서 개인적으로 불호",2024.04.02 22:52
6879853583,흐아암,전기차 매니아 ㄷ,2024.04.02 23:05
6879853583,코나EV,페리오닉 사고싶음... ㅜㅜ 근데 gv60이 ㄹㅇ 명차라대요,2024.04.03 08:25
6830743561,에관기,ㅅㅂ 나도,2024.03.18 14:37
6830743561,뉴발,에관기 ICCU문제 다해결했다며!!!!!,2024.03.18 14:42
6830743561,에관기,뉴발 심지어 한번했는데또가는거 꼴바듬 ㅡㅡ,2024.03.18 15:00
6830743561,당근아5죠,리콜 기사 뜨기전에 블핸 예약해서 오늘 업뎃받고옴ㅋㅋ,2024.03.18 14:38
6830743561,이러면멋있어,당근아5죠 빠르다,2024.03.18 14:38
6830743561,뉴발,당근아5죠 빨랏노...!,2024.03.18 14:43
6830743561,자동세차,얼른하는게 이득,2024.03.18 14:46
7055239878,빨팅어,뽑기조지는거아닌이상 센터갈일이있나사고나는거뺴면없을듯,2024.05.21 12:28
7055239878,켜놓고책읽음,빨팅어 그러네요 에어컨 필터교체처럼 간단한 건 셀프로도 되겠죠?,2024.05.21 12:34
7055239878,K5gt,창원정도면 무난할듯,2024.05.21 12:29
7055239878,켜놓고책읽음,K5gt 그나마 부산이랑 가까워서 다행인듯,2024.05.21 12:36
7055239878,자동세차,충전은 이젠 아무 충전기나 다 되니까 큰 상관은 없는데센터 접근성때문에 고장생기면 여전히 문제좀 될듯테슬라도 bms 잘뜬다ㅎ,2024.05.21 12:29
7055239878,켜놓고책읽음,자동세차 ㄹㅇ전시상인가,2024.05.21 12:36
7055239878,전지현.,진해사는친구 테슬라타고다님걱정 ㄴㄴ,2024.05.21 12:30
7055239878,켜놓고책읽음,전지현. ㄳㄳ,2024.05.21 12:35
7055239878,이브짹스,창원인 ㅎㅇ 고향 창원 ㅋㅋ,2024.05.21 12:43
7055239878,켜놓고책읽음,이브짹스 창원 sbrt인가 뭔가 한다고 도로 십창내놔서 망함 살려줘,2024.05.21 12:44
7055239878,이브짹스,켜놓고책읽음 ㅋㅋㅋㅋㅋㅋㅋㅋㅋㅋㅋㅋㅋㅋ 유튜브로 봤음 ㅋㅋㅋ,2024.05.21 12:47
7055239878,무시닝,충전만 괜찮다면 뭐...센터 갈 일 초기 결함 잡을꺼 있으면 갈 때 말고 없는거 같음.,2024.05.21 13:16
7050186560,30년째모태솔로,"난 좋다고 봄.. ICCU는 리콜됬으니까 무상 될거고, 아직 배터리문제생긴경우는 잘 없고..잔고장외에는 없을듯?",2024.05.19 23:46
7050186560,펩제부,30년째모태솔로 전기차 카페 보니까 또 그렇게 고장 안 나는것도 아닌거 같아서 고민되네 모터감속기는 몇백씩 하는데 고장나서 수리했다는 글들도 많고 그런거때문에 택부 비추천하는 댓글도 많아서,2024.05.19 23:50
7050186560,긴밤,펩제부 거긴 중고 자체를 싫어함 ㅋㅋ,2024.05.20 00:06
7050186560,퇴장,iccu 어짜피 리콜이라 노상관이지않나 질러보는것도,2024.05.19 23:47
7050186560,발렌시아,왜 던질까..,2024.05.19 23:51
7050186560,안동시,발렌시아 보조금받아서 새차뽑을려고 ㅋㅋ,2024.05.19 23:56
7050186560,이브짹스,발렌시아 의무기간 지났으니 던지고 보조금받아서 또 새차사는거지 ㅋㅋ,2024.05.20 00:02
7050186560,병장의후예,아버지꺼 택부 아이오닉5 14만에 가져와서 타고있는데 일단 문제는 없었네요 현 16만4천 아버지는 2년채우자마자 오닉6 뽑으심,2024.05.20 00:13
7050186560,봄이예요,병장의후예 오오 먼가 전기차 시승을 2년씩이나 하는 느낌이네,2024.05.20 01:09
7050186560,병장의후예,봄이예요 개택은 부가세 할인에 보조금도 일반사람보다 더나와서 아이오닉 3천초반에 뽑으시고 이번에 오닉6 디사미까지 다넣고 풀옵으로 뽑으셨는데 실구매 4300인가 4400 주신듯,2024.05.20 01:12
7050186560,봄이예요,"전기신차 > 내연신차 > 전기중고> 내연중고 인거지,전기 중고도 적극추천은 아님 ㅎㅎㅋㅋ폐차시점기준 가성비를 요리조리 따져보면 아직 나쁜건 아니다 라는 느낌..",2024.05.20 01:09
7044305770,성자,난 그렌져로 바꾸고싶음..ㅠㅠ기변병 2년 다되가네..,2024.05.18 14:56
7044305770,국냉이,성자 나도 ㅠㅠ,2024.05.18 15:19
7044305770,성자,국냉이 ㅠㅠ 5년 버텨!!,2024.05.18 15:20
7044305770,지잡대생,신차로 산거면 그냥 쓰셔야한다는게 제 생각입니다..,2024.05.18 15:03
7044305770,국냉이,지잡대생 블루링크 기간 5년 끝날때까지만 타보겠습니다,2024.05.18 15:19
7044305770,발라줘,돈많으면 바꾸고 돈 없으면 걍 타고,2024.05.18 15:05
7044305770,국냉이,발라줘 걍탈래 돈없어 ㅠㅠ,2024.05.18 15:19
7044305770,항상행복하세요,해이딜러 제로로 올려보시고 감가 확인해보세영. 그랜저 대부분의 글들이 하브기준이라 개솔린은 이질감이...,2024.05.18 15:05
7044305770,국냉이,항상행복하세요 헤이딜러 제로로 올려보니까 샀을때보다 천만원 넘게 깎이더라고요 ㅠㅠ 1년 밖에 안됐는데 ㅠㅠ하이브리드가 아니라서 그런가....,2024.05.18 15:18
7044305770,항상행복하세요,국냉이 하이브리드도 감가가 어느 정도 있긴해요. 아무래도 많이 팔리는 차라 프로모션이나 할인도 많고해서 어쩔 수 없나봐요.,2024.05.18 15:24
7044305770,지잡대생,국냉이 급이 높은차일수록 감가가 심하죠 하브는 덜해도,2024.05.18 15:26
7044305770,국냉이,지잡대생 그렇군요 ㅠㅠ 아반떼가 괜히 가격방어가 잘되는게 아니네요,2024.05.18 15:31
7044305770,지잡대생,국냉이 차가 저렴할수록 수요가 많으니 그렇죠뭐,2024.05.18 15:33
7044305770,박민혜,국냉이 준대형급 차량이 감가가 좀 심하긴합니다,2024.05.18 17:02
7036081344,아무거나팍팍,지금 계약하면 페이스리프트 버전 출고인가요?,2024.05.16 09:44
7036081344,장족,아무거나팍팍 선택이 가능하신걸로 알아요. 구형 신차로 출고하시면 할인 빡세게 받고 빠르게 출고가 된다고 하네요.,2024.05.16 09:47
7036081344,리따리따,뒤에 헤드룸 참 아쉽,2024.05.16 09:44
7036081344,장족,리따리따 지금 타는 차도 전고가 높은 편은 아니라 저는 괜찮을 것 같은데 ev6 2열은 좀 악명이 있긴 하더라구요...^^;,2024.05.16 09:50
7036081344,내사랑두돈반,운전자 기준으론 승차감이 꽤 괜찮아서 크8 만큼은 아니지만 소나타 이상은 되는거 같고 2열은 ... 지못미... 레그룸은 넓은데 시트가 문제.... iccu는 결국 뽑기인게 저는 아무 문제 없이 잘 탑니다... 얼추 보니 22년식은 거의 무조건인거 같은데 리콜도 아직 안했다는...,2024.05.16 10:08
7036081344,장족,내사랑두돈반 뽑기운이 항상 좀 좋지 않은 편이라 두렵지만 ㅜㅜ 이번은 다를거라 믿습니다..! 2열 시트 각도가 진짜 좀 요상하긴 하더라구요. 그래도 아직 애도 없고 일단 제가 탈 자리는 아니니까 ^_^,2024.05.16 10:23
7036081344,31억,좋네요.완충시 몇km 나오나요?,2024.05.16 10:12
7036081344,장족,31억 2wd는 490km대 나온다는데 저는 4wd에 20인치 휠이라 제원표에서는 465로 나오네요. 그마저도 이게 4세대 배터리 개선품이라... 겨울철에는 좀 갑갑할 것 같아요.,2024.05.16 10:25
7036081344,KIA-EV4,Iccu 개선품이 탑재된다고 뉴스 있었어요,2024.05.16 10:15
7036081344,장족,KIA-EV4 안그래도 그거 보고 좀 안도 하고 있긴 한데 성능개선이 크게 뚜렷하진 않을거라는 말도 있어서 일단 두고봐야죠 ㅜㅜ 잘 뽑길 바랄 뿐입니다.,2024.05.16 10:26
7036081344,KIA-EV4,장족 ㅋㅋ 저도 1월부터 예약 대기하면서 ICCU로 조마조마했어요 ㅋㅋ 잘 뽑히길 기도해야죠,2024.05.16 10:52
7024449552,박말자,저 주행거리에 충전환경 좋으시면 전기차가 맞음돈 엄청 아낄듯모y ev9도 한번 생각해보세요,2024.05.13 02:21
7024449552,CEO문도,박말자 댓글 감사합니다.,2024.05.13 02:31
7024449552,박민혜,1년에 3만이 훌쩍 넘어가시네요 전기차가 맞는듯..,2024.05.13 03:20
7024449552,m272,혹시 디젤은 배제인가요? 투싼 좋아보이던데,2024.05.13 03:31
7020264384,자동세차,오닉5 페리처럼 싹 개선해서 나오면 좋을듯,2024.05.12 00:03
7020264384,보이루다요,내년에 나올듯,2024.05.12 00:09
7020264384,냥이는뚠뚠,오닉6n 존버,2024.05.12 00:12
7020264384,시스템컴퓨터,6페리가 진정한 완성형일듯,2024.05.12 01:08
7020264384,네잎클로바,앞눈깔 교체가 시급함 ㄹㅇ-,2024.05.12 09:39
7020264384,국냉이,문짝에 버튼 없는거 극혐이던데왜 가운데 몰아넣어가지고,2024.05.12 10:05
7020264384,순숭,2열 헤드룸은  페리 할배가 와도 답없음..,2024.05.12 10:33
7020264384,시스템컴퓨터,순숭 좌석 조금만 땡기면 그만임,2024.05.13 03:59
7006484060,쉐보레,"전,,고민 드는순간 오닉의 승이라고 봅니다",2024.05.08 08:35
7006484060,퇴장,테슬라 생각보다 이게안돼?? 라고 생각되는 부분이 꽤있더라 그런부분 잘생각해보셈,2024.05.08 08:36
7006484060,하이메님,퇴장 카페 눈팅하는데 오파 상태에서 차선변경이 불편해보이더라구요....,2024.05.08 08:37
7006484060,퇴장,하이메님 뭐 기어변속을 테블릿속 에서 한다던가 뒷 후방 센서가없다던가 이런부분있던데 ㅋㅋ잘알아보셈,2024.05.08 08:38
7006484060,어른오닉5,아5,2024.05.08 08:39
7006484060,@혼고아이,크레딧 80만은 기본이고 160 받으려면 현캐 껴야 하는거임저도 아5 ㅊㅊ,2024.05.08 08:39
7006484060,베가,택시삘 없었으면 아5 압압압승이었을듯,2024.05.08 08:39
7006484060,아빠,아5,2024.05.08 08:40
7006484060,발렌시아,택시이미지가 크긴크다..테슬라는 약간 트랜디한 느낌이긴한데y 신형모델 존버 안되면걍 오닉5,2024.05.08 08:41
7006484060,하이메님,발렌시아 나도 사실 iccu보다 더 크리티컬한게 택시이미지 ㅜㅜ,2024.05.08 08:43
7006484060,Nako,둘다 시승 한번 ㄱㄱ,2024.05.08 08:43
7006484060,당근아5죠,모3이었으면 테슬라 ㄱㄱ하려고했는데 모y네..,2024.05.08 08:52
7006484060,월급도둑놈,택시오닉이라서 기분 팍상하긴 함 모든 장점을 상쇄해버리는 치명적 단점... 반면 테슬라는 의외로불편함... 잘고민해보세요,2024.05.08 09:10
7006484060,하위버뤼,택시오닉 감안해도 디자인 자체가 더 나은거 같은데..모3는 새끈한 세단인데 모Y는 걔가 살찐거처럼 생김.내가 해치백 좋아해서 오닉이 더 이뻐 보이는걸수도 있음.,2024.05.08 09:17
7006484060,벨로스터,한국은 아5지,2024.05.08 09:17
7006484060,MAKS,페리오닉 ㄱㄱ,2024.05.08 09:19
7006484060,와잎몰래테슬라,전 모y롱으로 마음이 기울었습니다 ㅋㅋㅋ,2024.05.08 09:27
7006484060,마카로,솔직히 테슬라 갈 사람이면 현대랑 고민도 안함 ㅋㅋㅋㅋ이미 오닉에 반쯤 발걸친 상태임,2024.05.08 11:00
6984764002,던조센세,아직 해결 안되었을거에요원인 못찾아서Bol bul bok,2024.05.01 23:20
6984764002,스윗머스타드,해결은 안됐음,2024.05.01 23:28
6984764002,디올뉴코나,불안하면 내연기관 ㄱㄱ,2024.05.01 23:45
6984764002,아이육닉,난 필터 물새는건 없고iccu 이거는 글쎄? 다른 메이커도 bms 에러나 ccu 리콜 때리는 데 사람들이 잘 모를 뿐이지까이는 이유중 하나가 택시모델이다 이건데 iccu 가 건들면 고장나는 수준의 부품이면 이미 택시서 난리났을것택시로 ㅈㄴ 까던 분들도 iccu 이야기 나오면 택시는 없는모델되죠?당첨되면 ㅈ같겠지만 우려할 레벨은 아니다는게 여태 운용하면서 생각임,2024.05.01 23:48
6984764002,너가보인단말아,"누수는 신차는 해결되서 나오고Iccu도 문제는 있는데, 걱정할만한 정도는 아닙니다.",2024.05.02 00:07
6982745440,빨팅어,전기차선두주자기도 하고 미-국럭셔리브랜드아입니까,2024.05.01 12:50
6982745440,케이타발데,빨팅어 브랜드가 큰거같긴합니다 ㅋㅋ,2024.05.01 12:54
6982745440,아는형님페이커,테슬라도 문제는 있어서 한국에서 탈거면 아이오닉 좆쵸,2024.05.01 12:52
6982745440,케이타발데,아는형님페이커 옵션이 너무 극과극같아서 ㄷㄷ모니터만 하나 덜렁있는게 좀 받아들이기힘드네요 ㅋㅋ,2024.05.01 12:55
6982745440,아는형님페이커,케이타발데 ㅋㅋㅋㅋㅋ 쉽지않긴함...,2024.05.01 12:58
6982745440,토레스리,"요즘은 큰 차이는 없는거 같아요 . 옵션도 테슬라가 다 따라와서 hud, v2l 정도 아니면 왠만한 옵션은 테슬라도 다 있습니다. 오닉5도 많이 올라와서 자율주행 성능도 괜찮고 이번 페리는 승차감도 나아졌다니까 솔직히 이젠 취향의 영역인거 같아요. 그래도 전기차 하면 아직은 테슬라라는 점, 그리고 마감의 고급짐이 테슬라가 낫다는 점이 있겠네요. 그리고 현대 전기차 특징이 아직 배터리 관리 시스템이 좀 허술한 점. 이번 iccu도 그렇구요",2024.05.01 12:52
6982745440,케이타발데,토레스리 hud나 v2l 한국형 네비가 좀 아쉽긴해요 그래도 테슬라로 마음이 기울거같긴합니다,2024.05.01 12:56
6982745440,토레스리,케이타발데 하지만 오닉5는 ota가 없고 차량에서 유튜브나 넷플을 못보며 뒷좌석 모니터가 없어서요 ㅎㅎ 결국 취향차이인 거 같네요,2024.05.01 12:58
6982745440,발렌시아,토레스리 유튜브 되지않나 ota도 되는뎅넷플 유툽 제네시스도 되는데,2024.05.01 13:27
6982745440,띵굴땡굴,토레스리 OTA랑 유튜브 넷플은 아이오닉도 다 됨 뒷좌석모니터는 없는거 맞고BMS도 솔직히 그렇게 차이안남 테슬라 장점은 자율주행이지 나머지는 그다지없음,2024.05.01 14:32
6982745440,토레스리,띵굴땡굴 아니에요 오닉5가 ota로 어떤걸 업데이트 했죠? 테슬라는 ota로 제로백도 줄이고 배터리 효율도 증가시킵니다,2024.05.01 14:44
6982745440,띵굴땡굴,토레스리 제로백은 대부분의 일반적인 유저에게 크게 의미있는 수치는 아니죠.아무튼 OTA는 소프트웨어인데 소프트웨어 업그레이드로 하드웨어 제원인 제로백과 배터리 효율이 증가된다니 신기하긴 하네요.근데 제생각에는 소프트웨어 업그레이드로 하드웨어가 업그레이드가 된다는건 처음 하드웨어가 효율을 제대로 못내고 있었다는 의미 같아요.처음부터 제로백과 배터리 효율이 효율적으로 작동했다면 소프트웨어 업그레이드로 그런 수치들이 개선될 여지가 없겠죠.,2024.05.01 14:50
6982745440,토레스리,띵굴땡굴 아니에요. 프로그래밍으로 로직개선해서 효율을 증대시키는 것인데 원래 기존 차량회사는 페이스리프트나 다음세대 개발할때 변경이 되는 사항이었다면 테슬라는 기존 차량의 관리도 계속적으로 해주는 거니까 소비자에게 정말 좋은 부분은 맞습니당. 소비자 입장에서는 이게 정말 큰거에요,2024.05.01 14:53
6982745440,띵굴땡굴,토레스리 넵 그렇군요...,2024.05.01 14:54
6982745440,토레스리,띵굴땡굴 단적으로 아이오닉5도 기존에는 유튜브 및 넷플릭스 시청이 불가능했습니다 (오닉5오너였어요) 근데 이번페이스리프트부터 그게 들어간 것 같은데요. 테슬라는 이걸 페이스 리프트 된 차량뿐 아니라 ota로 기존 차량도 업데이트를 시켜준다고 생각하시면 편할거 같습니다,2024.05.01 14:58
6982745440,토레스리,"띵굴땡굴 그리고 배터리 관련 부분도 현대차는 코나ev를 거쳐 오닉5, 오닉6에 이르기까지 몇년에 걸쳐서 전기차를 출시했음에도 코나ev 배터리 화재 사고부터 해서 지금의 iccu 관련 이슈까지 계속적으로 치명적인 문제를 드러내고 있습니다",2024.05.01 14:54
6982745440,띵굴땡굴,토레스리 제가 말한  BMS는 ICCU나 화재사고 말고 배터리 온도제어능력과 전비를 얘기한거에요. 그부분에서는 큰 차이가 없다고요. 화재사고는 전체적인 수치로 봤을때는 물론 내차가 당첨될 확률은 0.1%도 안되긴 하겠지만 현대에서 빨리 개선해야되는건 맞고요.,2024.05.01 14:57
6982745440,토레스리,"띵굴땡굴 예전에 코나ev도 충전중 화재사고 때문에 전 차량 리콜했었잖아요. 그때 코나ev 모든 차량들이 배터리 충전 제한 걸리고 , 갑자기 벽돌되고 정말 문제 많았지요. 이건 0.1%가 아니라 모든 코나ev오너들이 겪는 문제였습니다. 근데 그래놓고는 지금도 iccu 이슈가 일어나고 있네요",2024.05.01 15:00
6982745440,띵굴땡굴,토레스리 아무래도 테슬라가 전깇차 분야에서는 가장 선두주자라 단시간에 따라잡기는 힘들겠죠 그래도 요즘은 과거보다 테슬라랑 다른 브랜드간의 전기차 품질간격이 많이 좁혀지고 있다고 봐요.어느 한 회사만 독주하는게 소비자한테 좋은게 아니에요 테슬라 광팬들한테도 결국 안좋음 왜냐하면 테슬라 혼자 독주하면 지금 그래픽카드에서 엔비디아가 독주하는것처럼 가격이 미친듯이 올라갈테니까요,2024.05.01 15:08
6982745440,토레스리,띵굴땡굴 그쵸~ 요즘 전기차들을 타보면 정말 다른 전기차도 많이 좋다는 걸 느낍니다. 전 참고로 테슬라 모델3 처분하고 타사 전기차를 타고 있어요~,2024.05.01 15:13
6982745440,일론젠슨황,토레스리 네비 T map 기반 이고 최근 감시카메라 위치도 업글되서 아무 불편 없습니다.,2024.05.02 11:29
6982745440,상경쥐,y많이 타봤는데 좋은건 잘모르겠음 실내 깔끔한거 뺴곤,2024.05.01 12:56
6982745440,케이타발데,상경쥐 그 깔끔한 실내가 좀 호불호네요 ㅋㅋ 너무 없어서,2024.05.01 13:05
6982745440,자동세차,iccu 문제가 걱정되는거면 벽돌되고 bms뜨고하는 테슬라도 못타지,2024.05.01 12:58
6982745440,케이타발데,자동세차 아 저는 iccu는 참을순있을거같아요 ㅋㅋ,2024.05.01 13:03
6982745440,자동세차,케이타발데 아이오닉도 ota에 유튜브넷플 다 됨ㅇㅇ테슬람들은 원래 잘 모르면서 막 떠드니까 그냥 무시.,2024.05.01 13:04
6982745440,비둘기치킨,화성감,2024.05.01 13:11
6982745440,케이타발데,비둘기치킨 그 브랜드가 주는 만족감..ㄷㄷ,2024.05.01 13:19
6982745440,사또치킨,미국서 테슬라 두대째인데 이겅왜이돈주고 살까싶네요ㅠ,2024.05.01 13:26
6982745440,케이타발데,사또치킨 요즘은 차들이 다 비싼듯요 ㄷㄷ ㅜㅜ 전기차가 많이떨어져서 저도 관심이가긴하는데테슬라 실내보면 이게맞나싶긴해서 ㅋㅋ,2024.05.01 13:57
6982745440,밀라니스타,저랑 와이프는 모와이 타보고 충격 먹었었는데승차감 너무 구려서,2024.05.01 14:07
6982745440,미스트94,국내한정 아이오닉이 더 낫다고 생각합니다 제 개인적인 생각으로는,2024.05.01 14:24
6982745440,이만춘,편의성은 아이오닉이 더 나음 테슬라오래타보면 편의성좃박은게 느껴질거임적응해도 묘하게 존나 불편함,2024.05.01 14:46
6975992671,자동세차,이제 갓 나오는중이니까문제가 있어도 보이려면 시간이 좀 있어야지,2024.04.29 13:39
6975992671,지잡대생,아녕 똑같을겁니나,2024.04.29 13:41
6975992671,세체정루시드,현재까지는 없음,2024.04.29 13:41
6975992671,손이시려워꽁,아직없는데 개선품이26년부터니까 곧나오지 않을까,2024.04.29 13:41
6975992671,그돈씨일렉트릭,"시간이 지나야 알 수 있지만, 26년까진 별 차이 없다는게 중론.",2024.04.29 13:43
6975992671,G70컨버터블,"리플보고... 그러면 페리 egv70, eg80도 마찬가지겠군요? ㅠ",2024.04.29 13:45
6975992671,안전운전제타,G70컨버터블 아직은 해결한게 아니니까.. 좀 더 시간을 두고 봐야죠,2024.04.29 13:48
6975992671,30년째모태솔로,같은 부품 아닐까요?? 똑같을듯,2024.04.29 13:52
