"post_id","cmt_content","cmt_author","cmt_created_at"
"kombe","iccu는 해결하고 출시들하는건지 모르겠네요. 와이프차 ev3생각했는데 일단 지켜보고 구매해야할거 같습니다.","18604740","2024-02-24 19:17:07"
"커피를줄여야할텐데","@쎄라토님 카페 가보면 하루이틀에 1개 정도는 올라옵니다 아직 대책이 없으니 리콜도 못하는것 같네요","18604740","2024-02-24 19:40:05"
"샤아아즈너블","@쎄라토님 재설계된 ICCU가 2025년에나 나온다고 해서 그때까진 구매 보류하시는 분들도 있더군요. 근데 25년에 새로 나오는 ICCU는 믿을 수 있을지? (아직 원인도 모른다 하니...)","18604740","2024-02-24 19:45:00"
"kombe","@커피를줄여야할텐데님 제차량도 아이오닉5 입니다 ㅋㅋㅋ 벌써 한번 터졌습니다.ㅠ ㅠ","18604740","2024-02-24 20:20:07"
"니케니케","샤아아즈너블님// 2026년에나 사야겠네요..","18604740","2024-02-24 21:09:06"
"팜3","중국에서 2000만원 후반에 출시했던데 우리나라에서는 얼마가 될지 가격이 관건일것 같아요","18604740","2024-02-24 19:25:47"
"샤아아즈너블","@팜3님 그건 EV5이고 LFP베터리라 좀 다를거예요. 실구매 3900대냐? 4000초반대냐? 에서 간볼것 같습니다.","18604740","2024-02-24 19:30:59"
"팜3","@샤아아즈너블님 아 제가 5->3 착각했네요 정정 감사합니다","18604740","2024-02-24 19:33:11"
"billncoo","@팜3님 깡통이 2천중후 반대만 되어도 꽤 팔릴듯 하네요. 3천넘어가면 전기차 안팔리는 상황이라 많이 팔리기 힘들거고","18604740","2024-02-24 19:34:16"
"팜3","@billncoo님 동의합니다 배터리도 엄청 떨어졌고 업체의 가격인하 여력은 충분하다고 생각해요 개인적으로 전기차 가격은 동일 브랜드 하브 정도 되는게 합리적인듯 해요 그정도 가격이여야 전가차도 본격적으로 보급 될수 있을것 같아요","18604740","2024-02-24 20:23:02"
"에어맥부기","샤아아즈너블님// 아무리 그래도 같은 Lfp넣고 어디는 ev5가 2700, 어디는 레이가 2700","18604740","2024-02-24 22:11:19"
"빵구똥쿠","우려되는 부분이 상당히 있지만 사이즈가 펀카가 될것 같기도 하네요","18604740","2024-02-24 19:30:15"
"mikastar","앞좌석 센터콘솔이 없는것인가요..","18604740","2024-02-24 19:43:36"
"샤아아즈너블","@님 네, 사진상으론 꽤 여유있게 뚫려 있는것 같습니다.","18604740","2024-02-24 19:46:01"
"쌈빡이","사이즈가 맘에드네요. 디자인도 귀엽네요.","18604740","2024-02-24 19:44:37"
"말단채과장","EV9 레이아웃을 따라가는 군요. 그게 좋진 않던데...","18604740","2024-02-24 20:20:29"
"ritardando","셀토스 크기로 예상했는데 전장은 ev3가 더 작네요. 실내는 전기차라서 어떨지는 모르겠지만요...","18604740","2024-02-25 02:49:44"
"샤아아즈너블","@리타르단도님 해외기사에 약4.4m(173인치)라고 언급된 것도 있습니다. 4.2~4.3급은 되나 봅니다.(딱 셀토스 크기)","18604740","2024-02-25 08:33:51"
"숏커트","우선 차바꿀생각없다면 저라면 인수합니다만 (gv60 타고있고 ICCU도 터졌습니다 -_-;) 정리하더라도 내차량 중고상 매입가가 3천이상이면 가져온다음 그렇게 정리하는게 좋죠. (대부분 신차장기렌트의 경우 대형사고가 있던지 등의 이슈만 없다면 바로 반납은 대부분 손해이게 설계되어 있습니다.)","18603753","2024-02-24 03:52:19"
"퐁퐁앙","@숏커트님 중고차 시세가 3천 초중반에 형성되어있는데, 인수시 취등록세까지 내면 이득이 있을까하는 고민이네요ㅠㅠ 아이들이랑 함께다니다보니 중간에 서버리면 어쩌나 걱정이되기도하고, 지금까지 문제없었는데 괜찮지않을까 싶기도하고 ㅎㅎ 숏커트님은 교체하셨으니 이제 별일없으시길 기원합니다!!","18603753","2024-02-24 10:17:00"
"크크킄","저도 똑같은 고민중입니다. 리스지만 같은 차종에 만기일도 같네요..ㅎ 근데 약정 주행거리+15000km인 상황이라 인수해서 팔지, 초과수수료 내고 반납할지 고민중입니다ㅠ 현대에서는 iccu 해결해줄 의지가 없는것 같고 조만간 지상파 3사 9시뉴스를 타게 된다면(모 동호회에서는 챠량에 스티커 붙이고 시위한다고합니다)그때부터 현기 전기차 똥값되거나 매입조차 안 할것 같아서 미리 팔아야하나..싶습니다.","18603753","2024-02-24 10:10:13"
"퐁퐁앙","@크크킄님 아 다행이 저는 주행거리 여유는 있는편이네요.. ㅎㅎ 처음 계약할때랑 분위기가 많이 달라져서 낯서네요..","18603753","2024-02-24 10:18:12"
"팜3","직년 하반기 모델y 엄청 팔렸을때도 페스타 할인이라면서도 많이는 안팔렸던것 같은데.. 환경부 보조금 지원 믿고 가격인하(할인말고)가 적은가봐요 EV9 대란 정도로 가격인하 한다면 iccu를 넘어서도 성공할것 같아요","18603592","2024-02-23 22:37:58"
"고서적","근데 진짜 안전에 치명적인 위험요소인 iccu를 이대로 뭉개고 파는게 말이나 되나 싶습니다","18603592","2024-02-23 22:47:37"
"조나다565","ICCU 평생 보증 걸어도 쉽지 않을 것 같습니다.","18603592","2024-02-23 22:52:16"
">동이군","일단 해결되지 않는 결함이 붉어지고 있으니깐요.","18603592","2024-02-23 22:55:58"
"레이맥","원자재값 올랐다는 핑계로 상품개선 없이 400만원씩 올려놓은 상태죠.","18603592","2024-02-23 23:03:33"
"셀빅아이","아직 지자체 보조금 확정이 안된듯 합니다.","18603592","2024-02-23 23:16:34"
"R2048X","아이오닉5, ev6 조만간 페리모델 나올텐데요 급한거 아니면 기다리는게...","18603592","2024-02-23 23:45:40"
"saintjay","@R2048X님 iccu개선 버전이라기보다는 단순한 일부 외관 모양 바꾼거 아닐까요 외관부품 변경에 비용도 들고 기존에 차량 구매한 사람들은 속상한 일인데 왜 굳이 페이스리프트 만드나 모르겠네요","18603592","2024-02-24 02:13:42"
"코딩이냥","@saintjay님 예전에 GDI 엔진때 대응을 보면 페리때마다 조금씩 개선이 있긴 했습니다. ICCU도 원인을 정확히 파악이 안된다면 의심되는 부분을 조금씩 개선해서 출시할 가능성이 높지 않을까 해요.","18603592","2024-02-24 15:43:09"
"츄나만","원자재값 핑계로 400만원 올린게 엊그제 같은데 시간참 빠르네요","18603592","2024-02-23 23:48:09"
"세설","해결이 안된 문제라면 판매중지가 오히려 회사에 득이 될텐데… 그런 결정은 내부에서 아무도 제안할 수 없죠","18603592","2024-02-24 00:42:35"
"소뒷다리","2년전에 반도체 이슈로 생산물량 딸리니 아무이유 없이 연식변경으로 3-400씩 올리더니 ..이제와서는 참;;;","18603592","2024-02-24 01:29:04"
"미녹시딜","근데 할인되는 차 알아봐달라고 하면 전시차도 아닌데 막 600만원도 넘게 할인되는 차들 깔렸습니다. 여기에 세제 혜택 더하면 거진 800이고, 보조금 풀로 받으면 딱지에 붙은 가격에서 거진 1800 할인이라 취등록 포함 4천 언더로도 끊을 수 있죠. 이상하게 겨울에 iccu가 많이 터지는걸로 봐서는 외기 온도와 영향이 있을 거라고 보는데, 올해 11~12월 찾아오기 전에 해결될수도 있겠지 라고 생각하신다면 봄 즈음에는 도박 걸어볼만 하다고 봅니다 ㅎㅎ","18603592","2024-02-24 08:38:52"
"getevent","어제밤에 영맨에게 물어보니 아이오닉6는 고를수있는 옵션도 많고 제가 원하는 사양은 최대 720까지 할인되더군요.","18603592","2024-02-24 09:21:44"
"라티아스ㅡ","ICCU가 한두푼 하는것도 아닌데 뭉게는게 말이 안되는 것 같습니다. 저도 전기차에 긍정적이였는데 차라리 bmw같은 외산가는게 나을듯..","18603592","2024-02-24 10:13:51"
"스페이스X","미국 / 유럽에 계속 해당 뉴스를 레딧 등에 올려서 못 버티도록 해야할거 같군요.","18602883","2024-02-23 14:58:30"
"너는나의","차가 지맘대로 멈춰도 리콜을 안 때리면 어쩌자는건지 참... 답답합니다.","18602883","2024-02-23 15:08:02"
"아이콘","기사는 1월 부터 26건 이라고요? 지금까지 2600건 넘을걸요? 리콜 안하는게 이상할 정도죠. 일전에 관련 업데이트를 한 적이 있으나 계속 문제 생기고 있도 관련 수리 후에도 같은 문제 방생하는 경우도 있었죠.","18602883","2024-02-23 15:14:24"
"jidi-3rd","이런게 안전에 치명적인 문제죠.","18602883","2024-02-23 15:35:45"
"지름설계사","이거도 전기차 세타2 엔진 같은 대응외엔 방법 없을거 같은데요 수출차량들은 어떻게 대응대고 있는지 궁금하군요 게다 한달에 한두번 운행하는 그런 차와 매일 꾸준히 운행되는 차량 둘중 어느게 더 문제가 심할지도 궁금하구요","18602883","2024-02-23 16:00:49"
"TYPE214","진짜 현뻔뻔","18602883","2024-02-23 16:27:29"
"r3tm","이번에도 부족함이었다고. . .","18602883","2024-02-23 17:08:19"
"Siroy","하이브리드에서도 나고 있죠. 역시 흉기차","18602883","2024-02-23 19:29:31"
"메이븐","그래도 실내 옵션은 짱짱이죠 /Vollago","18602883","2024-02-23 20:24:33"
"비쓰","안그래도 잘 팔아주니깐요.......","18602883","2024-02-23 23:05:36"
"Flyer","이런 글에는 이악물고 실드치시는 분들은 없군요","18602883","2024-02-24 00:16:25"
"폭풍의눈","Flyer님// ㅋㅋ 나올지도요 요","18602883","2024-02-24 01:43:28"
"나의X에게","썰에 의하면 원인분석이 안돼서 근본적인 해결책은 없고 차기 ICCU 변경된 설계에 해결될 수 있지 않나하더군요.","18602883","2024-02-24 11:57:45"
"FC차차","정말 위 댓글처럼 쉴드 댓글이 않보이네요... 곧 뭔가 보일듯... 혹시 이번엔 한발 운전이 아닌 또다른 신박한 논리를 보게될지도...","18602883","2024-02-27 17:14:12"
"neckg","부족함이라는 새로운 제도가 있죠","18602883","2024-03-01 17:02:53"
"웨건마니아_록맨10","해외에선 보호무역 보조금 장벽에 맞고 한국에선 얼리어댑터가 다 차면서 팬덤 수가 부족한 현대차부터 내려가는지. 전망이 어찌될지 모르겠네요.","18602536","2024-02-23 11:39:27"
"셀빅아이","여유되면 전기차 구입 최적이네요. 충전 크레딧 80만원이라 구입하면 1~2년은 유지비가 하나도 안들겠네요.","18602536","2024-02-23 11:45:16"
"MoRae","@셀빅아이님 사용 경험으로 크레딧은 할인이 전혀 안되어 금방 소진됩니다... 전 22년 5월 출고 1년 무충 받았었는데 2.5만인가 타고 200만 정도 사용했었네요... 지금도 t맵 크레딧 받아 충전하고 있는데 70kw 정도 충전하면 (대략 10프로~90프로) 2.5만정도 나옵니다.. (급속 347원..)","18602536","2024-02-23 13:33:19"
"더블숏","할인보다는 ....i c u ... 해결좀","18602536","2024-02-23 11:46:49"
"berensca","와 아이오닉5 롱레가 3731이라니... 매력적인 가격이네요.","18602536","2024-02-23 11:53:20"
"게맛사탕","iccu 터질거 뻔히 알면서....","18602536","2024-02-23 12:04:32"
"power77","iccu이슈 해결 안되건가요? 급하게 처분하는 느낌이 ..","18602536","2024-02-23 12:11:56"
"clsrn8147","4륜 풀옵해도 4천5백 정도 하나요? ㄷㄷ 파격적이네요. 증고차값 더 떨어지는 소리가...ㅜㅜ","18602536","2024-02-23 12:16:21"
"앵베르","9월에 별 할인도 못받고 산 제가 제일 바보같습니다😂😂","18602536","2024-02-23 15:47:56"
"초록종이","올 상반기 BYD 소형 SUV출시가능성이 높다고 하던데, 이에 대한 대응으로 보이네요. 전기차는 중국산이 가격은 물론이고 품질도 국산보다 더 좋다는 분들도 많아서 관심이 많이 가네요 현기차와 경쟁이 뜨거울 것 같습니다","18602536","2024-02-23 16:52:39"
"아노군","기아랑 숫자 맞추기","18602159","2024-02-23 07:57:35"
"nanothings","@아노군님 진짜 ㅋ 동급인데 숫자가 더 낮으면 사람들이 더 낮은차로 인식할 가능성이 큽니다 ㅋ","18602159","2024-02-23 12:08:41"
"RIOJA","iccu 해결 안하고 신차 출시면 결과가 뻔하네요. /Vollago","18602159","2024-02-23 07:59:14"
"BLMN","??? : (가격 상승) 7 아니고 9 라고욧 더 비싼게 당연합니다?!","18602159","2024-02-23 08:04:28"
"지나가던사람","목표한 가격이 7이란 이름으로는 택도 없나 봅니다.","18602159","2024-02-23 08:07:19"
"울프야드","9와 5사이에 새로운 모델로 7,8 을 생각하고 있는게 아닐까요. SUV 아이오닉5 -> 아이오닉7 세단 아이오닉6 -> 아이오닉8 대형 SUV 아이오닉9","18602159","2024-02-23 08:09:41"
"곰어린이다","@울프야드님 헉 아이오닉5가 SUV였나요? 전혀 몰랐네요.","18602159","2024-02-23 14:41:53"
"울프야드","@곰어린이다님 크로스오버 SUV라는걸 보면 약간 작은? SVU 일 수 있겠네요.","18602159","2024-02-23 15:12:11"
"소뒷다리","중간에 산타페급 투싼급 전기차량들 만들려면 아무래도 9로 명칭하는게 좋겠네요 ㅎ","18602159","2024-02-23 08:17:35"
"sang","EV9보다는 작아보이는데.... 더큰 SUV는 아이오닉으로 안나올려나 보네여 ㄷㄷㄷㄷ","18602159","2024-02-23 08:25:47"
"소화기사용법","급을 맞춰야해서요 ㅋㅋㅋ","18602159","2024-02-23 08:39:12"
"clien111523","안 그래도 전기차는 기본 가격대가 높은데 자꾸 대형화, 고급화만 하다가는 ev9 사태가 또 벌어질테니 약간 한계가 있지 않을까 싶네요.","18602159","2024-02-23 08:43:16"
"코딩이냥","@clien111523님 ev9의 선례가 있어서 이제 생산량을 조절하지 않을까 합니다. 일단 크기별로 라인업은 필요한 상황이라 큰차부터 해서 본격 SUV 라인을 출시하려는것 같습니다.","18602159","2024-02-23 18:33:55"
"김참치","9라는 숫자를 써서 아이오닉 시리즈의 제일 상위버전 느낌을 내고, 이에 걸맞는 가격으로 출시할겁니다 라는 합리적 추측중","18602159","2024-02-23 08:59:11"
"뭘마리오","숫자를 급으로 오해할 수 있어서 기아랑 맞춘거 아닐까요,,,,","18602159","2024-02-23 09:04:24"
"부랭","중간사이즈 낼거라기엔 이름을 이제서 바꾸는게 좀 이상하긴하네요","18602159","2024-02-23 09:05:48"
"-아시에-","원래 ev9보다 비싸다는 식으로 알려지긴 했는데엽....7인데 왜 비싸냐 해서 그런가..","18602159","2024-02-23 09:07:12"
"Extry","9가 적당해보입니다. 유출사진보니까 거의 카니발 만하대요 ㄷㄷ 오닉5 는 쪼만한데.","18602159","2024-02-23 09:09:25"
"mikastar","7로 나온다는게 이해가 안갓는데 조정되었군요. 5는 준중형이라서 7은 싼타페 급이여하는데 갑자기 팰리가 되었으니까요.","18602159","2024-02-23 09:16:31"
"쇼팽좋아","EV9랑 맞추는 건가보네요","18602159","2024-02-23 09:19:57"
"레알돋음","저번에 블라인드 댓글로 본건데 현대에서는 EV9, 아이오닉7을 싼타페/쏘렌토와 같은 세[그멘트로 취급한다는 얘기가 있더군요. 쏘렌토 MQ4 싼타페 MX5 EV9-MV 아이오닉7-ME M이 들어가는 코드명이라 중형 SUV 분류로 보고 한급 높은 준대형 SUV 는 팰리세이드 LX3 로 분류하고 아마 아이오닉9 으로 붙이는건 중간 7,8을 채워서 팔겠다는 의지거나 EV9 에 비해 레터링 네임이 밀리는건 못참겠다는 뜻 아닐까요?","18602159","2024-02-23 09:26:02"
"FreeElectron","@레알돋음님 저도 코드명으로 구분하는게 가장 정확하지 않을까 생각하지만 EV9은 전장, 전폭이 텔루라이드와 비슷한 수준이고 기아의 플래그십 SUV라고 직접 언급하고 있으니 쏘렌토 급이라고 하기엔 소비자 입장에서 어색한면도 있습니다 코드명, 내부 내장재 수준은 쏘렌토급인데 차 크기나 가격, 대우(?)는 텔루라이드급이라 좀 헷갈려요","18602159","2024-02-23 10:41:03"
"SweetBeen","저게 ev9형제차인데 오닉5나 오닉6하고는 차이가 너무 크긴 했죠.","18602159","2024-02-23 10:16:45"
"볼빨기에싼춘기","???: 원래 7천받을거 9천 받겠읍니다.","18602159","2024-02-23 10:18:13"
"풍류돼지코","EV9보다 비싸서 ㄷㄷ","18602159","2024-02-23 10:29:29"
"clsrn8147","안그래도 네이밍이 이상하다 생각했습니다. 대형 suv인데 7로 하면 중형급 suv는 뭘로? 하는 저혼자만의 고민이었거든요 ㅋ","18602159","2024-02-23 10:42:43"
"투자의신","가격을 절대 내리지 않겠다는 의지네요.","18602159","2024-02-23 13:55:14"
"똥집튀김과맥주","1. EV9보다 비싸서 2. EV9과 급을 맞추려고 3. EV9 안팔리는거 보고 프리미엄이 아닌 이상 지금 차 보다 클 필요가 없어서 4. 전기차 인기가 시들해서 새로운 모델 개발할 필요가 없어서 5. 1~4 전부다 정답은 뭘까요?ㅎㅎㅎ","18602159","2024-02-24 00:22:00"
"치명타","와 엄청 많이 타보셨네요. 부럽!","18601334","2024-02-22 18:22:32"
"Nomark","@치명타님 부끄럽지만 형편 닿는 선에서 많이 타봤습니다.","18601334","2024-02-22 18:31:55"
"CalmWave","잘 읽었습니다. 장문이지만 필력이 좋으신것 같아요 ㅎㅎ","18601334","2024-02-22 18:25:55"
"Nomark","@CalmWave님 과분한 칭찬 감사합니다.","18601334","2024-02-22 18:32:22"
"안산매니아","정성글 재밌게 잘봤습니다","18601334","2024-02-22 18:40:16"
"Nomark","@안산매니아님 읽어주셔서 감사합니다!","18601334","2024-02-22 18:47:50"
"셀빅아이","재미있게 읽었습니다. 중고 이야기 하시는데, 제일 현실적인 이야기라 많이 와 닿네요. :)","18601334","2024-02-22 18:46:07"
"Nomark","@셀빅아이님 차는 많이 타보고 싶고 부담되고 그러다 보니 20~30대는 중고차를 많이 이용했어요. :)","18601334","2024-02-22 18:49:00"
"기로슈","잘 봤습니다. 물리신거 빼고는 최적의 테크트리네요. 이맛클 하자면 어떻 × 어떡 ㅇ 즐거운 하루 되세요.","18601334","2024-02-22 19:20:40"
"Nomark","@기로슈님 길게쓰다보니 고친다고 고쳤는데 오타 탈자가 좀 있습니다. 수정하겠습니다. 즐거운 저녁 되세요.","18601334","2024-02-22 19:22:55"
"방송부서","재미있게 글 잘 읽었습니다.ㅎㅎ 생애 첫 차였던 중고 티코를 살때 중고차 업자가 동일 가격대로 엘란트라를 권장했는데 저는 티코로 결정했습니다.ㅎㅎ","18601334","2024-02-22 19:27:11"
"Nomark","@방송부서님 포르쉐와 맞짱뜨던차를 버리셨다구요? ㅎㅎ","18601334","2024-02-22 19:41:01"
"방송부서","@님 티코에 대단히 만족하여 몇년뒤에 GM 대우 뉴라세티를 구입하여 타고 다녔습니다.ㅎㅎ","18601334","2024-02-22 19:50:25"
"TKOD95","로체 이노베이션 참 이뻤죠.. 다만 가끔 취객들이 타셨어요 TT 그래도 세차하고 보면 참 이뻤었죠..","18601334","2024-02-22 21:20:10"
"TKOD95","@님 아마 술 집 많은 것에 가면 은색이니… 잠시 정차중에 문 열고 “어디여” 2번 당했었죠… 은색 로이 = 택시로 보인 취객이 있어서요.. 디자인은 참 이뻤는데 제 차는 가끔 미션쪽에서 소리나서 다른차로 넘어갔죠 전 추성훈이 무슨 영화 감독인줄 알았어요 TT (티비를 갸의 안 보아서요)","18601334","2024-02-22 23:20:55"
"Nomark","@TKOD95님 아....인제 이해했습니다...ㅋㅋㅋㅋ","18601334","2024-02-22 23:22:26"
"TKOD95","@님 제가 이과여서요 죄송합니다 TT","18601334","2024-02-22 23:27:43"
"wondole","글쏨씨가 good! good! egv70사전계약할 때였나 노마르크님 글보고 옵션 선택에 큰도움되었던것 같은데 ㅎㅎ","18601334","2024-02-22 21:47:46"
"Nomark","@wondole님 사실 잘 기억은 안납니다만...미립자 만큼이라도 도움되었다면 다행힙니다 :)","18601334","2024-02-22 22:52:47"
"국화꽃을","피카소 시승도 해볼만큼 애정했던 차였고 지금은 돈만 있으면 gv70ev 타고 싶은데.,, 저에게는 워너비 시네요~","18601334","2024-02-22 22:08:22"
"Nomark","@님 사실 가격대비로만 따지면 피카소가 훨씬 만족감 큰차인것 같습니다. 우선 애들이 피카소타는걸 더 선호해요...어디갈때 엄마차 타고 가자고..아마 간이 테이블 영향도 있는듯요...","18601334","2024-02-22 22:57:10"
"혀기빠","흐름이 좋네요. 부러운 삶을 살고 계시네요. 글 속에 행복함이 보입니다. 건승기원하겠습니다!","18601334","2024-02-22 22:25:00"
"Nomark","@혀기빠님 진심어린 응원 너무 감사합니다. 크게 모자람 없이 애들 키웠음 합니다.","18601334","2024-02-22 22:58:40"
"제이디피","와... ㅋㅋㅋㅋ 저도 지금 아이오닉5 타고있는데 그렇잖아도 의식 흐름이 너무 비슷해서 뜨끔 했습니다. 하지만 저도 제대로 물렸어요.ㅠㅠ","18601334","2024-02-22 23:34:41"
"Nomark","@제이디피님 오닉5 온라인에서 까여도 크게 부족한것이 있나요? ...그냥 존버존버.....요정도라도 차고 넘치는차 같습니다.","18601334","2024-02-22 23:53:01"
"룩스스","멋지시고 ~ 대단 하십니다~~(___) 엘란트라 (20대 초반) (보유 1년) 스쿠프 (20대 초반 ) (보유 2년) 아반테 XD (20대 중반) (보유 2년) 투스키니 (20대 중, 후반) (보유 1년) 쎄라토 (20대 후반) (보유 5년) YF 소나타(30대 초반) (보유 11년) 카니발 (40대 초반) (보유 5년) - 현재 티구안 (40대 후반) (보유 3년) - 현재 저도 요즘 전기차 사고 싶네요 ㅠㅠ","18601334","2024-02-22 23:51:38"
"Nomark","@룩스스님 룩스스님도 존경합니다. 기변하신차량들 보니 범상 스럽지 않네여.....^^b 전기차 별거 없어유..","18601334","2024-02-23 00:11:16"
"JJUN11","엘란트라 LCD 계기판 이었나요? ㅎㅎ","18601334","2024-02-23 08:07:25"
"Nomark","@JJUN11님 아뇨....바늘 계기판이었어요. LCD 계기판도 있었나 보네요..","18601334","2024-02-23 09:25:58"
"광물인간","저랑 동년배로 추정되시는데 ㅎㅎ 차 엄청 많이 타셨네용 즐겁게 잘 읽고갑니다~","18601334","2024-02-23 09:28:37"
"Nomark","@광물인간님 아마도 생각이 맞으실 겁니다 ㅋㅋㅋ 감사합니다.","18601334","2024-02-23 10:58:08"
"볼빨기에싼춘기","'구동력 저하로 차량이 멈춰 안전에 지장을 줄 수 있는 가능성' ICCU도 결과적으론 같은데 전차량 대상이라 리콜 안하는군요. 현토부다운 대응에 박수쳐드립니다!","18601120","2024-02-22 16:18:54"
"fuelpipe","@볼빨기에싼춘기님 미국의 안전을 위해 현대자동차에서 조사하고 연구하고 있을거에요. :) 미국의 안전을 위해 안전 사무소도 만들고 안전 시험 시설도 만들었는데요. https://www.nhtsa.gov/press-releases/nhtsa-announces-consent-orders-hyundai-and-kia-over-theta-ii-recall","18601120","2024-02-22 16:28:26"
"porpoly","@볼빨기에싼춘기님 리콜해도 방법이 없습니다. 지금 현기차도 iccu가 왜 뻑나는지 원인파악도 못하고 있거든요.","18601120","2024-02-22 16:51:27"
"빈둥이 ^^v","뭣이 중헌디???","18601120","2024-02-22 16:31:59"
"poplee","히터 사용하면 부하가 더 걸리는걸까요?","18600501","2024-02-22 10:56:38"
"욱짜2","올해 들어 유독 많이 터지는거보면 추위에 약하다든가... 그런 걸수도 있겠네요.","18600501","2024-02-22 10:57:00"
"Stevie_G","@욱짜2님 ICCU의 내구성에 문제가 있는게 맞지 않나 싶습니다. 인제 어느정도 데미지가 누적된 차량들이 늘어나니 터지는 그런.. 렉카 아저씨들은 일거리 많아져서 좋겠네요(?)","18600501","2024-02-22 10:59:56"
"MarshmellO","이정도면 판매할게 아니라 문제해결될때까지 판매를 하면 안되는거 아닌가요...","18600501","2024-02-22 10:58:02"
"프라이펜","@MarshmellO님 판매도 당연히 하면 안되고 굴당에서도 추천하면 안되죠. 현기 전기차는 보조금도 일시 중단해야 한다고 봅니다. 왜 국토부는 전면조사를 하지 않을까요?","18600501","2024-02-22 11:13:45"
"토마토","@MarshmellO님 현기차는 계속 파는게 훨씬 돈이 되거든요. 불량에 대한 수리비용은 납품 업체에게 받아내면 되고, 고객들의 불편함이나 고속 주행 중 펑 터지는 위험 같은 건 돈에 비하면 무시할 만하죠.","18600501","2024-02-22 11:15:58"
"MarshmellO","@토마토님 기업이야 그럴수있다 생각하는데...이와중에도 굴당이나 모공에서 현기 전기차 추천하는 분들은 도대체 뭔가싶군요..심지어 iccu 문제 글에도 추천하는 분도 보이더군요....","18600501","2024-02-22 11:32:00"
"썬더버드™","나만 아니면 돼...라는 마인드 아니겠습니까.","18600501","2024-02-22 12:31:43"
"선잎","그래도 2시간이면 고치는걸보면 생각보단 금새 고치네요.. 부품 없으면 1주일은 심했네요; 외국도 아니고 본진에서...","18600501","2024-02-22 11:41:19"
"지나가던사람","리콜로 회사 문 닫을 만큼 당해보지 않는 이상 현기 버릇 못고칩니다.","18600501","2024-02-22 12:39:18"
"clsrn8147","저도 수리는 3시간 정도 걸렸는데 시간이 늦어 다음날 찾았는데 k7 주더라구요. 가스차..","18600501","2024-02-22 12:46:35"
"크크킄","요즘은 하도 많이 터져서 아마 정비사들 눈감고도 교체하지 싶습니다. 근데 이러다 방송3사 9시뉴스에 나와서 공론화되면 아이오닉 중고차 똥값될거같아서 걱정입니다.","18600501","2024-02-22 12:51:37"
"우비나라","혹시 궁금한게 주차중 블박기능을 쓰시나요? 상시전원으로 12v 배터리를 쓰시는지..","18600501","2024-02-22 20:58:36"
"또르띠아","@우비나라님 상시전원 사용안합니다 주행중 녹화만 사용해요~","18600501","2024-02-23 08:25:15"
"또르띠아","@님 네 지금 했네요^^","18600501","2024-02-23 16:51:55"
"데츠쇼","시승행사 관계자에게 물어보는게 제일 정확하지않을까요?","18599424","2024-02-21 17:17:00"
"나로킴","@데츠쇼님 닫기전에 물어봐야겠네요 ㅋㅋ감사합니다","18599424","2024-02-21 17:19:21"
"backssoo","ICCU는 무상수리라 자차든 시승이든 상관없을겁니다","18599424","2024-02-21 17:17:53"
"나로킴","@backssoo님 휴 다행이네요 감사합니다","18599424","2024-02-21 17:19:33"
"나로킴","답변받았습니다. 결함으로 차가고장나는건 제 귀책이 아니니 걱정마라네요~","18599424","2024-02-21 17:25:02"
"아침이좋아","동일한 글이 아래에 있네요","18599388","2024-02-21 17:07:03"
"욱짜2","1~2일에 한대씩 터지는군요. ㄷㄷ 날씨가 추우면 더 잘 터지는 건지…","18599388","2024-02-21 17:07:52"
"FreeElectron","@욱짜2님 카페만 해도 ICCU 터졌다는 글 매일 꾸준히 올라와요 ICCU 고장난 사람이 전부 카페나 커뮤에 글 올리는것도 아니니 하루에 여러대 터지고 있는거라고 봐야할거에요","18599388","2024-02-21 17:22:43"
"용사님","돈 얼마씩 쥐어주고 땡칠듯요","18599388","2024-02-21 17:57:07"
"clsrn8147","일단 평생 무상보증 한다고 발표하고 원인를 찾읍시다.","18599388","2024-02-21 19:57:35"
"아마노카","뉴데일리애는 광고를 안주나보네요","18599388","2024-02-21 20:01:48"
"Spersen","고객들: 결함 못 참겠다. 현기차: 원인 못 찾겠다.","18599388","2024-02-21 20:09:10"
"kingleo","첨단기술로 인정받아서 국가 보조금도 더 받은 기술입니다.","18599388","2024-02-21 22:54:26"
"크크킄","요즘 정말 뻥뻥 터지네요......걱정입니다..","18599191","2024-02-21 15:27:55"
"대협군","@크크킄님 진짜 말그대로 뻥뻥입니다 뻥뻥....!!!","18599191","2024-02-21 15:29:25"
"Gaskell","@크크킄님 김학철: 도무지 감당이 안 되는 일만 빵빵 터뜨리고 있어요~ 부족함이 문제네요..","18599191","2024-02-21 20:31:41"
"prios","저 아래 완속충전기가 문제의 원인이 아니냐라는 글도 있지만, 급속충전만 사용하는 차량에서도 펑펑 터져나가는걸 보면..ㅠㅠ 원인 못 찾으면 평생 무상수리나 해줬으면 좋겠네요.","18599191","2024-02-21 15:39:12"
"빼꼼","@prios님 어떤분들은 배터리 용량에 따라 안터지는게 아니냐 도 있더군요. ㅎㅎ","18599191","2024-02-21 15:57:00"
"대협군","@님 아이오닉 용량 적은 익스클루시브 차량도 터진다고 하더군요. 아무래도 차량 출고수 자체가 적다보니 그렇게 느껴지는 듯 합니다! 용량하고 상관없이 터지는 건 맞는 것 같습니다.","18599191","2024-02-21 15:58:40"
"빼꼼","요즘따라 더더더더 터지고 있는게 느껴지네요 ㅎㅎ 와","18599191","2024-02-21 15:56:38"
"대협군","@님 좀 더 빨리 많이 이슈화가 되야 할 듯 싶네요.","18599191","2024-02-21 15:58:54"
"klk21","택시로 그렇게 많이 풀렸는데.. 그쪽에선 또 크게 이슈 되지 않는거 보면 신기합니다.. 굉장히 가혹조건일텐데요..","18599191","2024-02-21 16:04:59"
"대협군","@klk21님 원인을 현기차에서 모르고 있을까요? 제대로 해결을 못하는걸 보면 모르고 있는게 아닌가 싶기도 하고...","18599191","2024-02-21 16:07:45"
"kgican","차장님......ㅠ ㅠㅠ","18599191","2024-02-21 16:36:27"
"대협군","@kgican님 아 근데 대차가 ev9으로 바로 나왔습니다 ㅋㅋㅋㅋㅋㅋㅋㅋㅋ 저도 얻어 타보려구요!","18599191","2024-02-21 16:53:40"
"끌리앙ㅋ","iccu 에 있는 OBC 문제일까요 아니면 LDC 문제일까요.? 전기차가 없는 저도 이유가 궁금하네요... 급속충전만 해도 터지는 경우가 있고 V2L을 안써도 터지는 경우가 있다고 하던데 그러면 12V를 많이 쓸때 터질 수 도 있을것 같아서 혹시 40Ah짜리 12V 배터리를 60Ah로 바꾸면 좀 덜 터지지 않을까 싶네요 ㅋ","18599191","2024-02-21 19:29:12"
"clsrn8147","차라리 빨리 터지면 맘편합니다 ㅡㅡ","18599191","2024-02-21 20:12:03"
"놀던오리","@세암당금강저님 터져도 또 터지던다던데요. 중요한 순간에 터질까 조마조마하네요.","18599191","2024-02-22 10:01:47"
"clsrn8147","@놀던오리님 작년에 교체하고 8개월정도 지났는데 아직은 괜찮네요. 한번 겪어봐서 대응은 잘할수 있는데 여행중이거나 하면 일정이 꼬이니 그게 문제죠.","18599191","2024-02-22 10:39:14"
"놀던오리","@세암당금강저님 작년 초 부터 렌트해서 타다가 10월 중순에 새 차로 뽑아서 몰고 있는데 아작 겪어보지는 못했습니다. 가족 여행이나 출장으로 출국하려고 공항가다가 터지면 정말 난감할 것 같네요. 가족들 데리고 고속도로 타다가 터져서 고속도로 갓길에서 히터도 못 틀고 기다리신 분들도 있더라고요. 이미 터진차와 언젠가는 터질 차로 나뉘는게 아니라, 모든 현기 전기차는 언젠가는 다 터진다라는 상황이라서 참 그렇네요.","18599191","2024-02-22 11:56:07"
"fuelpipe","https://www.nhtsa.gov/recalls?nhtsaId=%2024V106000 한국에서 밸브스프링 파손을 발견하여 미국에 보고하고 미국 NHTSA 리콜 했으니… 한국에 문제의 엔진이 판매 되었다면 한국 국토부의 리콜 나오겠네요. :)","18599036","2024-02-21 14:43:44"
"눈웃음","전륜에 3.5터보가 들어갈리가요... 3.5NA 넣겠죠..","18599036","2024-02-21 17:18:32"
"아이스돌체라떼벤티","3.5리터 V6 터보?? 전륜에 이걸 받아주는 미션이 있나요...?","18599036","2024-02-22 11:30:57"
"Disp1ay","아이오닉7 퍼포먼스 모델이 같이 출시되나 보네요?? 지금 나온 루머로는 생각보단 싸게 나온다는거 같은데..","18599018","2024-02-21 14:09:09"
"월급루팡3세","e-gmp면 거르는게 나을것 같아요.","18599018","2024-02-21 14:28:06"
"재민","이젠 얘도 ICCU 터질지 그거에 대한 생각밖에 안드네요","18599018","2024-02-21 14:37:26"
"Barbell_martini","궁금한게..기존에 내놓은 차량들의 공통적인 ICCU 문제는 해결 안된채로, 계속해서 시리즈만 내놓는 건가요..?","18599018","2024-02-21 20:48:22"
"General_ARCHI","얼마전 고속도로 휴게소 충전구역에서 본게 이거였군요 ㅎㅎ","18599018","2024-02-22 10:14:33"
"네도리","고칠수 있으면 리콜하거나(비용이 어마어마할듯) 못고치면 평생 무상수리해줘야죠. 와이프차로 쓰는데, 모델Y 왜 안해줬냐고 구박받고 있습니다…","18598317","2024-02-21 07:37:07"
"사ㄱ1꾼","@네도리님 ㅠㅠㅠㅠㅠㅠㅠㅠㅠㅠㅠㅠㅠㅠㅠㅠㅠ","18598317","2024-02-21 07:42:05"
"RIOJA","고속주행중 문제 생길거 생각하면 너무 불안한거 같아요. /Vollago","18598317","2024-02-21 07:37:59"
"사ㄱ1꾼","@RIOJA님 후.... ㅠ 이게 젤 문젭니다 고속도로 많이 타지 않긴하는데... 뭐 고속도로에서 터지면 갓길에 세우고 구조기다려야죠 뭐 ㅠㅠㅠㅠㅠㅠㅠ 이런거보면 속편한 내연기관(하브도 ㄴㄴ)이 젤 맘편할거 같기도 하고요 ㅎ","18598317","2024-02-21 07:41:54"
"틸렌","그냥 세타2 엔진처럼 평생보증 해주면 서로 편할 것 같은데 말이죠 ㅋㅋㅋㅋㅋ 이러면 이전 차(벨N)에 이어 제조사 평생보증 두대째 탄다는 쓸데없는 타이틀을 획득할 수 있을텐데. 하고 기대중입니다? ㅋㅋㅋㅋㅋ","18598317","2024-02-21 07:40:05"
"사ㄱ1꾼","@틸렌님 좋...좋네요;;;;;","18598317","2024-02-21 07:41:21"
"사ㄱ1꾼","@님 이게 솔직히말해... 10년뒤에 제 아이오닉5 중고가격 개똥값될까봐....(이미 털리긴했찌만 ㅠㅠㅠㅠㅠㅠㅠㅠ)","18598317","2024-02-21 08:00:41"
"콜홍","평생보증 해줘야죠 ㅜㅜ 그냥 셀프 교체 가능하게 개조해주는 것도 좋을 것 같은데 말이죠 ㅋㅋ 퍽 > 응 휴게소 가서 교체해~","18598317","2024-02-21 08:12:22"
"사ㄱ1꾼","@콜홍님 아? 근데 고속도로까지 못가지 않나요;;;?ㅠ","18598317","2024-02-21 08:50:21"
"코발트블루하늘","문제는 한번 터진다고 끝나지 않는다는게...","18598317","2024-02-21 08:32:29"
"사ㄱ1꾼","@코발트블루하늘님 그러니까 평생보증해줘야죠 ㅠㅠㅠㅠㅠㅠㅠㅠㅠㅠ","18598317","2024-02-21 08:50:05"
"!!가즈아!!","오닉5 이제 곧 3년 다 되가는데 아직 안 터졌네요.. 이러니 더 불안 하다는 ㅠㅠ","18598317","2024-02-21 08:38:44"
"사ㄱ1꾼","@!!가즈아!!님 와 레알 극초기에 사셨나보네요 ㅎ 전 21년 8월부터 탔습니다~","18598317","2024-02-21 08:49:53"
"뽀끼야사랑해","솔직히 리콜감인데 보증기간에만 해준다면 중고값은 이미 저세상이 될꺼고 미국같으면 소송감이죠","18598317","2024-02-21 10:17:20"
"강상우","ㅋㅋㅋㅋ ICCU 평생 보증으로 바뀌길...ㄷㄷㄷ","18598317","2024-02-21 10:17:31"
"e63amg","주행자체에 임팩이 가는 부품이라 무조건 리콜해야 된다고 봅니다.. 물론 원인규명이 먼저 되야겠죠...","18598317","2024-02-21 10:19:57"
"똥집튀김과맥주","터진후 2주만에 다시 터졌다는 글보고, 엄청 심각하다고 생각했습니다. 교체품 품질도 믿을 수 없을거 같았어요.","18598317","2024-02-21 15:23:01"
"리릿","가격 인하는 차를 살 소비자는 참 좋은데, 이미 차를 산 소비자는 중고가격이 가격 인하에 맞춰 떨어지기 때문에 좋지 않죠... 가뜩이나 감가가 차를 구매하는데 있어 매우 중요한 요소 중 하나인데.. 그 감가가 심해지면, 전기차 인기는 더 떨어질 것 같은데요...","18597861","2024-02-20 20:33:06"
"액숀가면","@리릿님 보조금 줄어든 만큼의 인하라 중고가 가격에는 영향이 없을듯 싶습니다.","18597861","2024-02-20 21:57:37"
"팜3","국산 전기차도 가격인하 한다니 다행이네요","18597861","2024-02-20 20:39:23"
"흐미","ㅜㅜ 으헉 아이오닉5도 인하군요","18597861","2024-02-20 21:17:47"
"일일신","배터리값이 떨어지고, 엔진 미션 주요 부품 값 빠지니 중국에선 내연차랑 가격 차이 없는 수준까지 갔다더라고요. 게다가 배터리는 매년 값이 떨어지고 있어서 전기차가 비싼차란 인식은 빠르게 사라질거라 봅니다.","18597861","2024-02-20 22:32:32"
"셀빅아이","이러면 보조금 포함해서 작년과 비슷해지는건가요? 그러면 좋네요.","18597861","2024-02-20 23:11:23"
"신종놈팽이","현대기아는 페이스리프트 예정이라 재고차가 좀 쌓여있으니 일부 특수 재고들에 대해서만 할인을 진행하는거 아닌가요?","18597861","2024-02-20 23:39:11"
"꿀모카빵","보조금이 점점 줄어서 구입가는 해마다 조금씩 올라가는 것 같은데요. 실구매가 변화를 정리해주는 사이트가 있음 좋겠네요. 테슬라와 현대는 판매가 변동이 적고, 기타 수입차는 할인이 너무나도 들쭉날쭉.","18597861","2024-02-21 00:26:21"
"ffffff","iccu 이슈가 해결되지않는한 더 싸져도 안살꺼같아요..","18597861","2024-02-21 09:55:37"
"츄나만","22년인가 연식변경한다고 400이나 올리더만 살림살이 나아졌나보군요","18597861","2024-02-21 11:09:44"
"우녕자A-OUT","평소 충전 어떻게 하셨는지 알수있을까요? 충전주기나 메이커 등등?","18597684","2024-02-20 18:37:32"
"또르띠아","@컴퓨터님 채비 완속11kw 아파트 에서 합니다ㅠㅠ","18597684","2024-02-20 18:39:38"
"poplee","또르띠아님// 11kw 완속이 발동 조건중 하나라고 들었습니다.","18597684","2024-02-20 19:39:42"
"낭만검객","@poplee님 급속도 아니고 완속이 문제가 되는군요... ㅠ.ㅠ","18597684","2024-02-20 19:50:52"
"대충사는인생","@낭만검객님 급속충전과 상관없는 모듈이에요.","18597684","2024-02-20 20:40:14"
"맹꽁이","@또르띠아님 완속 11kw 가 항상 문제네요","18597684","2024-02-21 08:25:12"
"에브리데이투","헐 이게 생각보다 많이 나오네요...","18597684","2024-02-20 18:38:36"
"또르띠아","@에브리데이투님 글게요 나는 아니것지 했는데 아이고 입니다","18597684","2024-02-20 18:40:24"
"Tide","@에브리데이투님 어제 전기차 커뮤니티에서 설문을 했는데, 100명의 댓글 응답자를 보니 8분이 터졌다고 하시더군요.","18597684","2024-02-20 18:40:49"
"sy2222","아이공...저도 아이오닉인데 현대에서 수리계획을 좀 공유해야할텐데요","18597684","2024-02-20 18:39:07"
"또르띠아","@sy2222님 미국에서 뭔가 터지면 해주려나요 교체해도 다시 터지는 상황도 있나봅니다","18597684","2024-02-20 18:41:24"
"오잉또잉l","지금 바꿔주는 건 또 터진다네요. sos버튼 눌러서 견인하시는건가요?","18597684","2024-02-20 19:07:55"
"또르띠아","@오잉또잉l님 보험회사 전화하니 1급블루핸즈 연결해줘요 긴급출동 차감안하고 현대로 연결해주나봅니다","18597684","2024-02-20 21:19:37"
"앱슬라","완벽하게 못 고치는거면 세타 엔진 처럼 평생 보증 해줘야 된다고 생각합니다.","18597684","2024-02-20 19:11:37"
"파랑덕후","조용한 국내 언론들.. 모 회사랑 참 대비됩니다","18597684","2024-02-20 19:12:52"
"TYPE214","이런건 놔두고 미국발 OTA 리콜은 문자까지 보내주는 섬세함..!","18597684","2024-02-20 19:15:15"
"구름이여","신기한게 우리나라 만 특히 더 심하게 불량이 알어나는 느낌인데 왜? 입니다 어차피 같은 부품이글건데","18597684","2024-02-20 19:15:25"
"파랑덕후","@구름이여님 국내에서 훨씬 많이 팔려서 그렇겠죠..?","18597684","2024-02-20 19:18:54"
"구름이여","@파랑덕후님 그래도 비율이라는게 있을건데 우리나라는 매일 이야기 나오는데 레딧만 대충 봐도 그정도는 아닌듯 하더군요 차라리 미국 같은데서 많이 나오면 무엇이라도 해줄건데 우리나라만 많아서 뭉게나 싶더군요","18597684","2024-02-20 19:37:17"
"파랑덕후","@구름이여님 소문대로 국내 완속충전기가 누적데미지를 주고 있거나 온도차이가 심해서 그런건가 싶기도 하네요 미국도 도로교통국이 조사중이라고 하더군요","18597684","2024-02-20 20:06:47"
"이금기굴소스","이거 솔직히 결함 해결 전까지 해당 차량 출고 정지시키고, 기출고된 차량들은 평생 무상 보증 때려야 한다고 봅니다. 결함이야 일어날 수 있어도, 명백한 결함을 고치지도 않고 계속 팔아대는 게 말이 되는지","18597684","2024-02-20 19:18:01"
"울프야드","혹시 V2L 기능 자주 쓰시나요? 문제 없는 분들도 계신거보면 ICCU에 부하를 주는 특정 패턴이 있지 않을까 하는 생각이 드네요. (물론 부하가 생기지 말아야 하는데도 부하가 생기는 거라 결함이긴 하겠지만요. 특정 충전기와의 궁합 문제일 수도 있을 것 같기도 하고..)","18597684","2024-02-20 19:23:20"
"ssunshine","@울프야드님 일단 v2l은 아닙니다. 한번도 사용 안했는데 터졌었네요 ㅎㅎ","18597684","2024-02-20 19:38:05"
"울프야드","@ssunshine님 그렇군요.. 그나저나 채비 쪽 충전기들은 잘못이 없더라도 불안해서 못쓰겠네요 이제;;","18597684","2024-02-20 19:44:39"
"또르띠아","@울프야드님V2L은 작동이되나 테스트 해보고 한번도 안썼어요 아랫분들 말씀대로 채비11kw완속이 범인같기도 하네요","18597684","2024-02-20 21:21:17"
"울프야드","@또르띠아님 대영채비 충전기들이 문제를 좀 많이 일으키는거 같긴 하더라구요. 충전기에 문제가 많아 보이는데 이대로 방치해도 괜찮은건지 철저하게 점검이나 조사를 좀 했으면 좋겠네요...","18597684","2024-02-20 22:09:16"
"Everholic","현차가 원인을 알고있나 궁금하네요. 못 고치고 있는 듯 한데요.","18597684","2024-02-20 19:26:08"
"skino","일단 신속하게 처리 잘 되시길 바랍니다. 요즘 부쩍 터진 차 늘어난 느낌이긴 합니다.","18597684","2024-02-20 19:28:30"
"kgican","휴 힘내세요","18597684","2024-02-20 19:45:28"
"또르띠아","@kgican님 내일 출근길이야 어쩔수없고 대차나 잘받았음 합니다^^","18597684","2024-02-20 21:22:02"
"Barbell_martini","하 이지경에도 현기 대응도 없고","18597684","2024-02-20 19:50:52"
"RIOJA","하… 위로드립니다. 아5 팔아버린게 정말 신의 한수였네요. /Vollago","18597684","2024-02-20 20:19:49"
"선잎","안전한 곳에서 급박하지 않은 상황에서 터진게 다행이십니다","18597684","2024-02-20 20:35:08"
"또르띠아","@선잎님 주차장에서 시동버튼 누르고 안전벨트 매려는 찰라 뒷좌석에서 펑소리 나더니 경고등 들어오더라고요","18597684","2024-02-20 21:23:29"
"타오름달열여드레","그나마 공통적인것들중 하나가 11kw에서 완속일경우... 넹소","18597684","2024-02-20 20:47:35"
"구름이여","@타오름달열여드레님 11kw와 현기 전기차의 궁합은 별로인듯 하더군요 저는 아예 사용하지 않습니다 불안해서","18597684","2024-02-20 21:08:22"
"또르띠아","@타오름달열여드레님 말씀들어보니 채비에다 11kw 박자가 딱딱이네요","18597684","2024-02-20 21:24:32"
"프시케","에공 위로 드립니다. 저도 EV9타고 있는데 슬슬 걱정되네요.","18597684","2024-02-20 21:13:01"
"용사님","아 내일 ㅠㅠ 레이EV오는데 무섭네요","18597684","2024-02-20 21:14:45"
"편대장","11킬로 상관없을듯요. 전 11킬로는 물론 채비 충전기는 단 한번도 써본 적 없는데(아예 회원가입 안했음) 작년에 고속도로에서 터졌죠. 특정지을 수 있었다면 벌써 고쳤게요.","18597684","2024-02-20 21:31:44"
"또르띠아","@님 엇 11kw 도 아니고 언젠가 터진다는것인데 그게 언제냐 문제인가 봅니다 ㄷㄷㄷ","18597684","2024-02-20 21:35:30"
"빼꼼","저는 7짜리 비공용완속으로 충전하는데 10만km..아직 안터지네요 ㅠ. 오늘 정비소가서 차량 들어오는지 물어봤더니 자주들어온대요 ㅠ","18597684","2024-02-20 21:37:48"
"neckg","부품자체가문젠데 외부에서 원인을 찾네요 ㅎㅎ","18597684","2024-02-20 23:26:47"
"gogucliena","이 정도면 시간 문제일 뿐 반드시 터진다고 봐야할 듯...?","18597684","2024-02-20 23:52:05"
"벅스라이프","이런 차가 COTY 랍니다","18597684","2024-02-21 00:29:28"
"비하군","아이고 ㅜㅜ /Vollago","18597684","2024-02-21 01:08:30"
"kombe","하이테크에서도 왜 터지는지 모른답니다....ㅠㅠ","18597684","2024-02-21 06:50:27"
"사ㄱ1꾼","ㅠㅠㅠㅠㅠㅠㅠㅠㅠㅠㅠㅠㅠㅠㅠㅠㅠㅠㅠㅠㅠㅠㅠㅠ","18597684","2024-02-21 07:21:12"
"퀘스트바이","이거 쉴드치는 논리 중에 어이없는게 동호회 카페 글 갯수 체크해보니 별로 없다고.. 아니 불량난 모든사람이 카페에 글 올리는것도 아니고 불량난 사람들 중 정말 일부만 올릴텐데 말이죠. 제조사가 원인파악도, 해결도 못하는 시한폭탄과 같은데 어떻게든 공론화, 공식화 시켜서 보상이나 대책마련을 촉구해야지 왜 이렇게 쉴드치나모르겠어요.","18597684","2024-02-21 07:50:44"
"BLMN","전력 계통의 심각한 오류인데 거북이 아이콘이 귀엽네요 죽진 않는다는건가 ㅡㅡㅋ","18597684","2024-02-21 08:05:27"
"알피나V","혹시 11kW 완속 충전하실 때 충전 속도 설정은 어떻게 하셨나요?","18597684","2024-02-21 09:24:16"
"또르띠아","@알피나V님 항상 100% 설정입니다","18597684","2024-02-21 09:26:22"
"Karyudrian","일단 11k 충전은 되도록 피해야겠군요.. 그래도 터지기야 하겠지만 확률상 유리해보이네요","18597684","2024-02-21 09:41:49"
"strong","현대가 지금이라도 평생보증을 하던가 원인을 잡아야한다고 생각해요 만약에 ICCU 새로운 기판으로 최신기종 넣는다고하면 버려질 공산이 크죠. 이미 기판을 새로 뽑을려고 하고있죠 원인을 먼저 잡고 새로운 기판을 만들어야하지 않나 싶네요","18597684","2024-02-21 12:34:08"
"tristan","그래서 저는 항상 60%로 해 놓고 충전합니다. 100%로 하면 충전이 안되는 완속충전기도 있어서, 시간은 많이 걸려도 이게 속 편하더라고요.","18597684","2024-02-23 16:51:55"
"prios","보조금 많이 받는 값어치는 해야지~~~~~","18597158","2024-02-20 14:34:16"
"DZ4GOX7","현대/기아차는 성능이 얼마나 좋은지를 따지면서 살 차가 아닙니다. 특히 현기차의 전기차들이 주행성능이 좋은 것처럼 상당히 많이 비춰지고 있어서 하는 말입니다. 윤리적인 기업이 되는 것이 우선이죠. 윤리적이지 않은 기업은 우호적인 고객들이라도 자기네 돈벌이에 도움 안된다 싶으면 순식간에 내칩니다.","18597158","2024-02-20 14:39:53"
"DN2FK2","@DZ4GOX7님 맞습니다. 그런데 윤리적인 자동차 기업 좀 추천 부탁드립니다. 어디차를 사면 윤리적인 소비를 할 수 있을까요","18597158","2024-02-20 15:03:55"
"DZ4GOX7","@DN2FK2님 제가 콕 찍어서 말씀드리긴 뭐하고... 결함을 발견하면 은폐하거나 어물쩍 넘어가지 않고 최선을 다해 즉각적이고 확실한 조치를 취하는 기업의 차를 사세요. 해결이 어려워서 오래 걸릴 수는 있어도 제조사의 태도를 보면 가려낼 수 있습니다. ICCU 결함이 현기차에만 있었던 것이 아닙니다. 발견하자마자 국토부에 자진 신고하고 리콜을 진행한 독일차 제조사도 있습니다. 최근에 이와 관련된 유튜브 영상이 떴는데, 사람들이 범죄자라고 낙인 찍은 유튜버의 영상이라서 링크는 안하겠습니다.","18597158","2024-02-20 15:11:34"
"DN2FK2","@DZ4GOX7님 리콜을 진행한 BMW는 차량 연쇄 화재 사건으로 말씀하신 윤리적인 기업과는 거리가 먼 것으로 보입니다 이 사건으로 인해 줄어들고 있던 승용 디젤이 아주 처참하게 망가졌습니다","18597158","2024-02-20 15:16:10"
"삼불거사","@DZ4GOX7님 몇십년간 조작을 일삼은 토요타, 배기가스 치팅하는 폭스바겐 과 벤츠, 파이어스톤 사태 일으킨 포드 등등 자동차 판에서 윤리적인 기업은 없습니다. 다 이익추구가 목적이고 소비자가 그걸 잘 감시하고 판단해야하죠. 현대차가 딱히 다른 기업들보다 덜 윤리적인것도 아니예요.","18597158","2024-02-20 15:25:22"
"DZ4GOX7","@삼불거사님 그래도 저는 안보이는 곳까지 정성스럽게 만드는 기업은 좀 더 낫다고 봅니다. 정말 쉽게 안보인다고 대충 만드는 기업도 있고, 그런 곳까지 꼼꼼하게 만드는 기업도 있습니다.","18597158","2024-02-20 15:27:27"
"삼불거사","@DZ4GOX7님 그런곳이 어딜까요? 렉서스만해도 최상의 빌드퀄리티의 상징이었지만 결국 조작으로 드러났죠.","18597158","2024-02-20 15:28:48"
"DZ4GOX7","@삼불거사님 잘 안보이는 곳에 캐비티 왁스를 넘치도록 붓고 방청 처리를 빈틈없이 해서 녹을 방지하느라고 노력하고, 열이 심한 곳에 단열제를 빈틈없이 둘러치고, 방음이 필요한 곳에 방음 소재를 빈틈없이 붙이고, 하부나 휠하우스 안쪽에 배선과 전선들의 커넥터 부분이 노출되는 차도 있지만 이런 곳을 잘 보강한 차도 있고요..이런 부분들을 보면 어떤 마음으로 차를 만드는지 알 수 있지 않을까요? 저는 분명히 차이가 보입니다. 물론 이런 기업이라도 실망을 줄 때도 있지만, 적어도 차를 만드는 마음가짐의 기본 수준이 좀 더 높은 레벨에 있는 것 같습니다.","18597158","2024-02-20 15:41:13"
"qsxs","@DZ4GOX7님 안보이는 곳 까지 정성들이는 기업에서 우선 벤츠는 빼야 겠군요... 현행 S클 원가절감 해놓은거 보면 말이죠","18597158","2024-02-20 15:52:28"
"삼불거사","@DZ4GOX7님 아우디가 차 그런식으로 잘 만들었는데 결국 치팅이나 하는 업체였죠. 이건 좀 웃기는 얘기지만 DZ4GOX7님타시는 BMW는 나치에 적극협력한 전범기업이구요. 애초에 윤리적인 기업이란 환상입니다.","18597158","2024-02-20 16:04:00"
"빡약","@DZ4GOX7님 그런 기업이 있던가요. 일단 독3사는 해당이 없는것 같구요. 벤츠는 요새 심각하고 아우디는 치팅, 비엠도 e바디까지 누유에 헬오사 시리즈, f때는 불..일본차는 뭐 다 개뻥으로 밝혀졌고. 볼보도 아니고. 현기나 르노는 더더욱 아니고 …","18597158","2024-02-20 16:15:10"
"예비역양씨","@삼불거사님 치팅 문제에선 bmw 빼면 자유로운 없체는 없다고 들었습니다.","18597158","2024-02-20 16:48:29"
"MUSICARTE","@DZ4GOX7님 그런 기업은 제가 알기로는 지구 상에 없는데요......?","18597158","2024-02-20 16:57:00"
"리릿","@님 사실 BMW도 국내서 서류조작으로 판매금지 꽤 먹었는데, 아우디보다 늦게 먹어서 타격이 적었었죠. 뭐 서류조작이라는게 관행이라고 하던데, 조작은 조작이죠. 타브랜드도 다들 판매금지 많이 먹었고요.","18597158","2024-02-20 17:36:26"
"bdh360","@DZ4GOX7님 여태 살면서 말씀하신대로 차를 만드는 브랜드를 못봐서 그런데 브랜드를 콕 찝어 말씀해주시겠어요? 안그래도 곧 차를 사야해서...","18597158","2024-02-20 19:35:03"
"우발쩍인샬인","@DZ4GOX7님 댓글들이 참 재미나네요. 다른곳이 아니면 그렇게해도 된다는건지.. 뭘 콕찝어 이야길해요;;; 어린애들도아니고;;","18597158","2024-02-20 20:15:55"
"CaTo","@DZ4GOX7님 안전을 중시한다며 차체제어장치에 옵션질하던 쉐보레는 아니겠죠. 그리고 그 덕지덕지함이 자신의 설계실력을 못믿고 덕지덕지 마진 붙히고 그 비용을 소비자에게 전가 하는거죠","18597158","2024-02-20 22:05:33"
"라면라면","삼불거사님// 디젤 치팅 유일하게 안회사라면 푸조 정도가 있겠네요. 문제는 국내 as가... 극악의 퍼어가를 받더군요.","18597158","2024-02-20 22:25:55"
"욱짜2","하지만 안전한 전기차라서 보조금은 100% 😂","18597158","2024-02-20 14:39:56"
"Disp1ay","현기도 이거 원인 못 찾아서...무상수리 해도 답 없을겁니다. 아마..내년 정도에 차세대 eM플랫폼 데뷔라..그 때까지 버텨보지 않을까 싶은데...","18597158","2024-02-20 14:42:52"
"무지개그네","@Disp1ay님 진짜 원인을 모르는건지 손해가 크니까 모르고 뭉개는지는 모를 일이죠","18597158","2024-02-20 15:47:57"
"Disp1ay","@무지개그네님 그럴수도 있죠. 일단 현재까지는..내부자 말로는 현기도 ICCU 문제에 대한 명확한 원인 파악과 개선을 못하고 있다고는 하더라구요. 이러고 짜-잔 사실 구라였고 개선품 나왔습니다 하는게 그나마의 해피엔딩이겠지만 현기가 과연...","18597158","2024-02-20 15:50:34"
"Ghost_K","@Disp1ay님 원인을 모르는데... 플랫폼 바뀌면 해결이 될까요? @0@a 문외한의 생각으로는 반복할 가능성도 매우 높을 것 같은데 말이에요..","18597158","2024-02-20 16:01:27"
"Disp1ay","@Ghost_K님 그래서 원래대로 분리한다는 얘기도 있고 하더라구요. 말씀하신대로 원인을 모르면 계속 지금 같은 시스템의 iccu를 쓸 수는 없으니까요","18597158","2024-02-20 16:03:50"
"Ghost_K","@Disp1ay님 아~ 분리!라는 방법이 있군요. ㅎㅎㅎㅎ (적용할진 모르겠지만) 의외로 간단해서 허무합니다 ^^;;;;;;;;","18597158","2024-02-20 16:07:38"
"Tide","@Disp1ay님 사실 코나때도 원인 불명의 OBC 과열 파손이 많아서 당시, egmp로 넘어가면서 역으로 통합해 해결하려한다는 얘기가 있었죠.","18597158","2024-02-20 19:34:11"
"타오름달열여드레","리콜해도 아직 원인을 모르니 개선이 될런지가...","18597158","2024-02-20 14:43:14"
"프라이펜","10년 앞서 있는게 아니라 퇴보같네요. 오토기어 보고 있어요?","18597158","2024-02-20 14:43:21"
"벅스라이프","@프라이펜님 그 아저씨는 지금 노트북 파느라 정신 없어요","18597158","2024-02-20 15:17:14"
"선잎","기사 제목이 잘못됐네요. 결함 아니고 부족함 입니다 ㅎㅎ","18597158","2024-02-20 14:44:03"
"fuelpipe","하이리스크 하이리턴 아이씨씨유 하이리턴","18597158","2024-02-20 14:48:35"
"콜홍","취재가 시작되자 엔딩이라도 보면 다행이죠 이미 신뢰도 바닥입니다.. 세상 무능합니다.","18597158","2024-02-20 14:49:29"
"clsrn8147","e gmp 차주로서 더 공론화 돼서 iccu 평생 무상보증 됐으면 좋겠네요.","18597158","2024-02-20 14:50:50"
"셀빅아이","@세암당금강저님 +1 // 평생보증으로 해줬으면 합니다.","18597158","2024-02-20 14:57:31"
"DreamGate","@세암당금강저님 사실 이게 맞는 말이죠. 현기는 공론화 잘되서 좋아요. 빨리 강제리콜과 같은 대처가 필요해 보입니다.","18597158","2024-02-20 15:46:49"
"clsrn8147","@디버그님 오..10년 이군요. 알려주셔서 감사합니다.","18597158","2024-02-20 19:25:12"
"셀빅아이","@세암당금강저님 전기계통 보증 따라갑니다. (모터/배터리)","18597158","2024-02-20 23:23:38"
"프시케","@세암당금강저님 맞습니다. 보증기간 끝나고 터지면 그 책임은 온전히 소비자 몫이니 참...","18597158","2024-02-21 00:24:42"
"공돌이의하루","현기 EV 두대 째 타고 있지만 뭐 사실 어떻게든 대응은 해주겠죠... 벤츠 마일드하브 먹통 되던거 엄청 욕먹고 그래도 결국 불티나게 잘 팔리더만 뭐... 결국엔 내가 걸리냐 안걸리냐의 싸움인듯.... ㅠㅠ","18597158","2024-02-20 14:55:48"
"빵구똥쿠","언제 고장날지 모르는건데. 집에 남는차가 다 있는것도 아니고.. 현대차가 코나ev 배터리건이나 iccu건으로 전기차 신뢰성을 떨어뜨리는것 같아요","18597158","2024-02-20 14:55:52"
"싶당","ICCU: 동력손실단....","18597158","2024-02-20 15:00:11"
"재민","이건 무조건 리콜감이죠 안그러면 개선부품 만들 생각도 안할거 같아요","18597158","2024-02-20 15:02:46"
"MarshmellO","@재민님 현기가 리콜...받아라 무상수리빔!!할겁니다","18597158","2024-02-20 15:15:47"
"프레기온","개선품이 없는데 평생 무상 보증 해준다 하더라도..언제 차가 설지 모르는 두려움에 떨면서 타야하는데..ㄷㄷ","18597158","2024-02-20 15:15:34"
"TYPE214","더불어 보조금 정책이 가격 인하에 효과가 있다고 하는데, 꼼수로 E-lite 뭐시기 트림 만들면 효과가 없지 않나요..?","18597158","2024-02-20 15:26:47"
"똥그리","리콜에 인색한 현기~~ 쯧쯧...","18597158","2024-02-20 15:28:06"
"아이패드프로","환경을 생각한다면 리콜해야 맞는 것 같습니다.","18597158","2024-02-20 15:30:09"
"딥크로마블루","오닉6 한달에 400대팔리는데 하루 1대씩 글 올라옵니다 ㄷㄷ","18597158","2024-02-20 15:37:24"
"이천재","@님 온도 관련이라 아무래도 날이 갑자기 따셔져서 최근 자주 터지는 것 같습니다. 이전에 업데이트도 온도 상승 시 충전 속도 저하시키는 내용이었습니다.","18597158","2024-02-20 16:26:14"
"Stevie_G","공중파뉴스에서 좀 때려줘야 정신차리지 않을까요. 작년 겨울보다 지금 더 심각한 느낌이라서 판매량이 늘어나면서 개체수가 많아지니까 더 자주 발생하는거같아요.","18597158","2024-02-20 15:50:03"
"designeer","@Stevie_G님 감히 광고주님 심기를 건드릴까요?","18597158","2024-02-20 16:11:56"
"Karyudrian","뭐 빨리 개선품을 내놓던지 eM 인지 뭐시긴지 새 플랫폼이나 만들어서 팔고 치우면 땡인가봅니다. 원인 파악도 못하고 있다는 썰이 돌던데..","18597158","2024-02-20 15:52:24"
"김용만","아이오닉5 디자인에 홀딱 반해서 정말 사고 싶었는데 ICCU가 언젠간 무조건 터진다고 해서 모델Y 샀네요.. 아쉽습니다 ㅠㅠ","18597158","2024-02-20 16:15:50"
"FreeElectron","영 믿음이 안가는데 이번에는 과연?","18597158","2024-02-20 16:34:49"
"Stevie_G","@FreeElectron님 EV9카페에서 본거같은데 이건 다른건 이었던거같아요. 아이오닉5/EV6는 OTA로 네비만 업데이트가능해서..","18597158","2024-02-20 16:47:58"
"FreeElectron","@Stevie_G님 앗 근데 다시 확인해봤는데 ICCU 불량에 관한 내용 맞는것 같아요","18597158","2024-02-20 16:57:53"
"솔로맥","A: 나는 ICCU 두번 터졌네. B: 겨우 두번 나는 이번에 네번째 터졌네. 쓰레기~ 향후에 이런 대화가 나올지도 모릅니다.","18597158","2024-02-20 16:43:28"
"BLMN","근데 ICCU를 재설계나..기능별로 파츠를 분리해서 넣음 안되나요 문제를 못고치겠으면..","18597158","2024-02-20 18:24:11"
"학또","유사분야에서(산업용 AC/DC렉티파이어,DCDC컨버터) FSE하던 입장에서 이미 수백개가 넘는 불량 시료가 확보되었는데 2년 가까운 기간 동안 원인을 모른다는게 전혀 납득되지가 않네요. 저도 작년에 아5 출고받아 나름 만족하고 잘타고 있지만, 장거리 주행 전 항상 불안한 마음이 있습니다.","18597158","2024-02-20 19:57:33"
"CaTo","@학또님 그러게요 불량 시료가 꽤 되고 증상이후에 증거가 날라가는 상황도 아닐텐데 말이죠","18597158","2024-02-20 22:07:15"
"RIOJA","결함 아니고 부족함인데 기자가 잘못했네요… /Vollago","18597158","2024-02-20 20:23:45"
"Lucian","요즘 현기차 점유율등에 대한 댓글보면 옹호 찬양하는 글들도 많이 보이는데 관련 업종에 있는 분들은 알겁니다..많이 반성해야한다는 것을요....개인적으로 국내 업체라서 잘 되었음 좋겠다 싶은데 아쉬울때가 많네요...ㅠ","18597158","2024-02-20 21:27:36"
"redseok","동호회 어떤분 사례가 생각나네요.. 공항에 비행기 타러 가는데 ICCU 터져서 비행기 놓쳤다고....ㅜㅜ","18597158","2024-02-20 22:20:52"
"똥집튀김과맥주","이거 때문에 차 탈 때마다, 특히 장거리 갈때 더욱 걱정이 됩니다. 차 라는게 움직이라고 만든건데 언제 멈출지 모르는 걱정을 안고 차를 타는게 말도 안된다고 생각합니다. 하루 빨리 개선되어야 해요!","18597158","2024-02-20 23:45:08"
"bassman","원래 부족하게 타는 차입니다. 선택은 소비자의 몫이죠.","18597158","2024-02-21 10:40:13"
